Fitter report for pipeline_riscv
Wed Apr 15 18:04:49 2026
Quartus Prime Version 20.1.0 Build 711 06/05/2020 SJ Lite Edition


---------------------
; Table of Contents ;
---------------------
  1. Legal Notice
  2. Fitter Summary
  3. Fitter Settings
  4. Parallel Compilation
  5. Fitter Netlist Optimizations
  6. Incremental Compilation Preservation Summary
  7. Incremental Compilation Partition Settings
  8. Incremental Compilation Placement Preservation
  9. Pin-Out File
 10. Fitter Resource Usage Summary
 11. Fitter Partition Statistics
 12. Input Pins
 13. Output Pins
 14. Dual Purpose and Dedicated Pins
 15. I/O Bank Usage
 16. All Package Pins
 17. I/O Assignment Warnings
 18. Fitter Resource Utilization by Entity
 19. Delay Chain Summary
 20. Pad To Core Delay Chain Fanout
 21. Control Signals
 22. Global & Other Fast Signals
 23. Fitter RAM Summary
 24. |Memory_Cycle|Data_RAM:dmem|altsyncram:mem_rtl_0|altsyncram_unk1:auto_generated|ALTSYNCRAM
 25. Routing Usage Summary
 26. LAB Logic Elements
 27. LAB-wide Signals
 28. LAB Signals Sourced
 29. LAB Signals Sourced Out
 30. LAB Distinct Inputs
 31. I/O Rules Summary
 32. I/O Rules Details
 33. I/O Rules Matrix
 34. Fitter Device Options
 35. Operating Settings and Conditions
 36. Fitter Messages
 37. Fitter Suppressed Messages



----------------
; Legal Notice ;
----------------
Copyright (C) 2020  Intel Corporation. All rights reserved.
Your use of Intel Corporation's design tools, logic functions 
and other software and tools, and any partner logic 
functions, and any output files from any of the foregoing 
(including device programming or simulation files), and any 
associated documentation or information are expressly subject 
to the terms and conditions of the Intel Program License 
Subscription Agreement, the Intel Quartus Prime License Agreement,
the Intel FPGA IP License Agreement, or other applicable license
agreement, including, without limitation, that your use is for
the sole purpose of programming logic devices manufactured by
Intel and sold by Intel or its authorized distributors.  Please
refer to the applicable agreement for further details, at
https://fpgasoftware.intel.com/eula.



+----------------------------------------------------------------------------------+
; Fitter Summary                                                                   ;
+------------------------------------+---------------------------------------------+
; Fitter Status                      ; Successful - Wed Apr 15 18:04:49 2026       ;
; Quartus Prime Version              ; 20.1.0 Build 711 06/05/2020 SJ Lite Edition ;
; Revision Name                      ; pipeline_riscv                              ;
; Top-level Entity Name              ; Memory_Cycle                                ;
; Family                             ; MAX 10                                      ;
; Device                             ; 10M50DAF484C7G                              ;
; Timing Models                      ; Final                                       ;
; Total logic elements               ; 73 / 49,760 ( < 1 % )                       ;
;     Total combinational functions  ; 1 / 49,760 ( < 1 % )                        ;
;     Dedicated logic registers      ; 72 / 49,760 ( < 1 % )                       ;
; Total registers                    ; 72                                          ;
; Total pins                         ; 212 / 360 ( 59 % )                          ;
; Total virtual pins                 ; 0                                           ;
; Total memory bits                  ; 32,768 / 1,677,312 ( 2 % )                  ;
; Embedded Multiplier 9-bit elements ; 0 / 288 ( 0 % )                             ;
; Total PLLs                         ; 0 / 4 ( 0 % )                               ;
; UFM blocks                         ; 0 / 1 ( 0 % )                               ;
; ADC blocks                         ; 0 / 2 ( 0 % )                               ;
+------------------------------------+---------------------------------------------+


+----------------------------------------------------------------------------------------------------------------------------------------------------+
; Fitter Settings                                                                                                                                    ;
+--------------------------------------------------------------------+---------------------------------------+---------------------------------------+
; Option                                                             ; Setting                               ; Default Value                         ;
+--------------------------------------------------------------------+---------------------------------------+---------------------------------------+
; Device                                                             ; 10M50DAF484C7G                        ;                                       ;
; Minimum Core Junction Temperature                                  ; 0                                     ;                                       ;
; Maximum Core Junction Temperature                                  ; 85                                    ;                                       ;
; Fit Attempts to Skip                                               ; 0                                     ; 0.0                                   ;
; Use smart compilation                                              ; Off                                   ; Off                                   ;
; Enable parallel Assembler and Timing Analyzer during compilation   ; On                                    ; On                                    ;
; Enable compact report table                                        ; Off                                   ; Off                                   ;
; Auto Merge PLLs                                                    ; On                                    ; On                                    ;
; Router Timing Optimization Level                                   ; Normal                                ; Normal                                ;
; Perform Clocking Topology Analysis During Routing                  ; Off                                   ; Off                                   ;
; Placement Effort Multiplier                                        ; 1.0                                   ; 1.0                                   ;
; Router Effort Multiplier                                           ; 1.0                                   ; 1.0                                   ;
; Optimize Hold Timing                                               ; All Paths                             ; All Paths                             ;
; Optimize Multi-Corner Timing                                       ; On                                    ; On                                    ;
; Power Optimization During Fitting                                  ; Normal compilation                    ; Normal compilation                    ;
; SSN Optimization                                                   ; Off                                   ; Off                                   ;
; Optimize Timing                                                    ; Normal compilation                    ; Normal compilation                    ;
; Optimize Timing for ECOs                                           ; Off                                   ; Off                                   ;
; Regenerate Full Fit Report During ECO Compiles                     ; Off                                   ; Off                                   ;
; Optimize IOC Register Placement for Timing                         ; Normal                                ; Normal                                ;
; Final Placement Optimizations                                      ; Automatically                         ; Automatically                         ;
; Fitter Initial Placement Seed                                      ; 1                                     ; 1                                     ;
; Periphery to Core Placement and Routing Optimization               ; Off                                   ; Off                                   ;
; PCI I/O                                                            ; Off                                   ; Off                                   ;
; Weak Pull-Up Resistor                                              ; Off                                   ; Off                                   ;
; Enable Bus-Hold Circuitry                                          ; Off                                   ; Off                                   ;
; Auto Packed Registers                                              ; Auto                                  ; Auto                                  ;
; Auto Delay Chains                                                  ; On                                    ; On                                    ;
; Auto Delay Chains for High Fanout Input Pins                       ; Off                                   ; Off                                   ;
; Allow Single-ended Buffer for Differential-XSTL Input              ; Off                                   ; Off                                   ;
; Treat Bidirectional Pin as Output Pin                              ; Off                                   ; Off                                   ;
; Perform Physical Synthesis for Combinational Logic for Fitting     ; Off                                   ; Off                                   ;
; Perform Physical Synthesis for Combinational Logic for Performance ; Off                                   ; Off                                   ;
; Perform Register Duplication for Performance                       ; Off                                   ; Off                                   ;
; Perform Logic to Memory Mapping for Fitting                        ; Off                                   ; Off                                   ;
; Perform Register Retiming for Performance                          ; Off                                   ; Off                                   ;
; Perform Asynchronous Signal Pipelining                             ; Off                                   ; Off                                   ;
; Fitter Effort                                                      ; Auto Fit                              ; Auto Fit                              ;
; Physical Synthesis Effort Level                                    ; Normal                                ; Normal                                ;
; Logic Cell Insertion - Logic Duplication                           ; Auto                                  ; Auto                                  ;
; Auto Register Duplication                                          ; Auto                                  ; Auto                                  ;
; Auto Global Clock                                                  ; On                                    ; On                                    ;
; Auto Global Register Control Signals                               ; On                                    ; On                                    ;
; Reserve all unused pins                                            ; As input tri-stated with weak pull-up ; As input tri-stated with weak pull-up ;
; Synchronizer Identification                                        ; Auto                                  ; Auto                                  ;
; Enable Beneficial Skew Optimization                                ; On                                    ; On                                    ;
; Optimize Design for Metastability                                  ; On                                    ; On                                    ;
; Force Fitter to Avoid Periphery Placement Warnings                 ; Off                                   ; Off                                   ;
; Enable input tri-state on active configuration pins in user mode   ; Off                                   ; Off                                   ;
+--------------------------------------------------------------------+---------------------------------------+---------------------------------------+


+------------------------------------------+
; Parallel Compilation                     ;
+----------------------------+-------------+
; Processors                 ; Number      ;
+----------------------------+-------------+
; Number detected on machine ; 16          ;
; Maximum allowed            ; 8           ;
;                            ;             ;
; Average used               ; 1.06        ;
; Maximum used               ; 8           ;
;                            ;             ;
; Usage by Processor         ; % Time Used ;
;     Processor 1            ; 100.0%      ;
;     Processors 2-8         ;   0.9%      ;
+----------------------------+-------------+


+--------------------------------------------------------------------------------------------------------------------------------------------------------------------------------------------------------------------------------------+
; Fitter Netlist Optimizations                                                                                                                                                                                                         ;
+-----------------+-----------------+------------------+---------------------+-----------+----------------+---------------------------------------------------------------------------------+------------------+-----------------------+
; Node            ; Action          ; Operation        ; Reason              ; Node Port ; Node Port Name ; Destination Node                                                                ; Destination Port ; Destination Port Name ;
+-----------------+-----------------+------------------+---------------------+-----------+----------------+---------------------------------------------------------------------------------+------------------+-----------------------+
; ReadDataM_r[0]  ; Packed Register ; Register Packing ; Timing optimization ; Q         ;                ; Data_RAM:dmem|altsyncram:mem_rtl_0|altsyncram_unk1:auto_generated|ram_block1a0  ; PORTBDATAOUT     ;                       ;
; ReadDataM_r[1]  ; Packed Register ; Register Packing ; Timing optimization ; Q         ;                ; Data_RAM:dmem|altsyncram:mem_rtl_0|altsyncram_unk1:auto_generated|ram_block1a1  ; PORTBDATAOUT     ;                       ;
; ReadDataM_r[2]  ; Packed Register ; Register Packing ; Timing optimization ; Q         ;                ; Data_RAM:dmem|altsyncram:mem_rtl_0|altsyncram_unk1:auto_generated|ram_block1a2  ; PORTBDATAOUT     ;                       ;
; ReadDataM_r[3]  ; Packed Register ; Register Packing ; Timing optimization ; Q         ;                ; Data_RAM:dmem|altsyncram:mem_rtl_0|altsyncram_unk1:auto_generated|ram_block1a3  ; PORTBDATAOUT     ;                       ;
; ReadDataM_r[4]  ; Packed Register ; Register Packing ; Timing optimization ; Q         ;                ; Data_RAM:dmem|altsyncram:mem_rtl_0|altsyncram_unk1:auto_generated|ram_block1a4  ; PORTBDATAOUT     ;                       ;
; ReadDataM_r[5]  ; Packed Register ; Register Packing ; Timing optimization ; Q         ;                ; Data_RAM:dmem|altsyncram:mem_rtl_0|altsyncram_unk1:auto_generated|ram_block1a5  ; PORTBDATAOUT     ;                       ;
; ReadDataM_r[6]  ; Packed Register ; Register Packing ; Timing optimization ; Q         ;                ; Data_RAM:dmem|altsyncram:mem_rtl_0|altsyncram_unk1:auto_generated|ram_block1a6  ; PORTBDATAOUT     ;                       ;
; ReadDataM_r[7]  ; Packed Register ; Register Packing ; Timing optimization ; Q         ;                ; Data_RAM:dmem|altsyncram:mem_rtl_0|altsyncram_unk1:auto_generated|ram_block1a7  ; PORTBDATAOUT     ;                       ;
; ReadDataM_r[8]  ; Packed Register ; Register Packing ; Timing optimization ; Q         ;                ; Data_RAM:dmem|altsyncram:mem_rtl_0|altsyncram_unk1:auto_generated|ram_block1a8  ; PORTBDATAOUT     ;                       ;
; ReadDataM_r[9]  ; Packed Register ; Register Packing ; Timing optimization ; Q         ;                ; Data_RAM:dmem|altsyncram:mem_rtl_0|altsyncram_unk1:auto_generated|ram_block1a9  ; PORTBDATAOUT     ;                       ;
; ReadDataM_r[10] ; Packed Register ; Register Packing ; Timing optimization ; Q         ;                ; Data_RAM:dmem|altsyncram:mem_rtl_0|altsyncram_unk1:auto_generated|ram_block1a10 ; PORTBDATAOUT     ;                       ;
; ReadDataM_r[11] ; Packed Register ; Register Packing ; Timing optimization ; Q         ;                ; Data_RAM:dmem|altsyncram:mem_rtl_0|altsyncram_unk1:auto_generated|ram_block1a11 ; PORTBDATAOUT     ;                       ;
; ReadDataM_r[12] ; Packed Register ; Register Packing ; Timing optimization ; Q         ;                ; Data_RAM:dmem|altsyncram:mem_rtl_0|altsyncram_unk1:auto_generated|ram_block1a12 ; PORTBDATAOUT     ;                       ;
; ReadDataM_r[13] ; Packed Register ; Register Packing ; Timing optimization ; Q         ;                ; Data_RAM:dmem|altsyncram:mem_rtl_0|altsyncram_unk1:auto_generated|ram_block1a13 ; PORTBDATAOUT     ;                       ;
; ReadDataM_r[14] ; Packed Register ; Register Packing ; Timing optimization ; Q         ;                ; Data_RAM:dmem|altsyncram:mem_rtl_0|altsyncram_unk1:auto_generated|ram_block1a14 ; PORTBDATAOUT     ;                       ;
; ReadDataM_r[15] ; Packed Register ; Register Packing ; Timing optimization ; Q         ;                ; Data_RAM:dmem|altsyncram:mem_rtl_0|altsyncram_unk1:auto_generated|ram_block1a15 ; PORTBDATAOUT     ;                       ;
; ReadDataM_r[16] ; Packed Register ; Register Packing ; Timing optimization ; Q         ;                ; Data_RAM:dmem|altsyncram:mem_rtl_0|altsyncram_unk1:auto_generated|ram_block1a16 ; PORTBDATAOUT     ;                       ;
; ReadDataM_r[17] ; Packed Register ; Register Packing ; Timing optimization ; Q         ;                ; Data_RAM:dmem|altsyncram:mem_rtl_0|altsyncram_unk1:auto_generated|ram_block1a17 ; PORTBDATAOUT     ;                       ;
; ReadDataM_r[18] ; Packed Register ; Register Packing ; Timing optimization ; Q         ;                ; Data_RAM:dmem|altsyncram:mem_rtl_0|altsyncram_unk1:auto_generated|ram_block1a18 ; PORTBDATAOUT     ;                       ;
; ReadDataM_r[19] ; Packed Register ; Register Packing ; Timing optimization ; Q         ;                ; Data_RAM:dmem|altsyncram:mem_rtl_0|altsyncram_unk1:auto_generated|ram_block1a19 ; PORTBDATAOUT     ;                       ;
; ReadDataM_r[20] ; Packed Register ; Register Packing ; Timing optimization ; Q         ;                ; Data_RAM:dmem|altsyncram:mem_rtl_0|altsyncram_unk1:auto_generated|ram_block1a20 ; PORTBDATAOUT     ;                       ;
; ReadDataM_r[21] ; Packed Register ; Register Packing ; Timing optimization ; Q         ;                ; Data_RAM:dmem|altsyncram:mem_rtl_0|altsyncram_unk1:auto_generated|ram_block1a21 ; PORTBDATAOUT     ;                       ;
; ReadDataM_r[22] ; Packed Register ; Register Packing ; Timing optimization ; Q         ;                ; Data_RAM:dmem|altsyncram:mem_rtl_0|altsyncram_unk1:auto_generated|ram_block1a22 ; PORTBDATAOUT     ;                       ;
; ReadDataM_r[23] ; Packed Register ; Register Packing ; Timing optimization ; Q         ;                ; Data_RAM:dmem|altsyncram:mem_rtl_0|altsyncram_unk1:auto_generated|ram_block1a23 ; PORTBDATAOUT     ;                       ;
; ReadDataM_r[24] ; Packed Register ; Register Packing ; Timing optimization ; Q         ;                ; Data_RAM:dmem|altsyncram:mem_rtl_0|altsyncram_unk1:auto_generated|ram_block1a24 ; PORTBDATAOUT     ;                       ;
; ReadDataM_r[25] ; Packed Register ; Register Packing ; Timing optimization ; Q         ;                ; Data_RAM:dmem|altsyncram:mem_rtl_0|altsyncram_unk1:auto_generated|ram_block1a25 ; PORTBDATAOUT     ;                       ;
; ReadDataM_r[26] ; Packed Register ; Register Packing ; Timing optimization ; Q         ;                ; Data_RAM:dmem|altsyncram:mem_rtl_0|altsyncram_unk1:auto_generated|ram_block1a26 ; PORTBDATAOUT     ;                       ;
; ReadDataM_r[27] ; Packed Register ; Register Packing ; Timing optimization ; Q         ;                ; Data_RAM:dmem|altsyncram:mem_rtl_0|altsyncram_unk1:auto_generated|ram_block1a27 ; PORTBDATAOUT     ;                       ;
; ReadDataM_r[28] ; Packed Register ; Register Packing ; Timing optimization ; Q         ;                ; Data_RAM:dmem|altsyncram:mem_rtl_0|altsyncram_unk1:auto_generated|ram_block1a28 ; PORTBDATAOUT     ;                       ;
; ReadDataM_r[29] ; Packed Register ; Register Packing ; Timing optimization ; Q         ;                ; Data_RAM:dmem|altsyncram:mem_rtl_0|altsyncram_unk1:auto_generated|ram_block1a29 ; PORTBDATAOUT     ;                       ;
; ReadDataM_r[30] ; Packed Register ; Register Packing ; Timing optimization ; Q         ;                ; Data_RAM:dmem|altsyncram:mem_rtl_0|altsyncram_unk1:auto_generated|ram_block1a30 ; PORTBDATAOUT     ;                       ;
; ReadDataM_r[31] ; Packed Register ; Register Packing ; Timing optimization ; Q         ;                ; Data_RAM:dmem|altsyncram:mem_rtl_0|altsyncram_unk1:auto_generated|ram_block1a31 ; PORTBDATAOUT     ;                       ;
+-----------------+-----------------+------------------+---------------------+-----------+----------------+---------------------------------------------------------------------------------+------------------+-----------------------+


+--------------------------------------------------------------------------------------------------+
; Incremental Compilation Preservation Summary                                                     ;
+---------------------+--------------------+----------------------------+--------------------------+
; Type                ; Total [A + B]      ; From Design Partitions [A] ; From Rapid Recompile [B] ;
+---------------------+--------------------+----------------------------+--------------------------+
; Placement (by node) ;                    ;                            ;                          ;
;     -- Requested    ; 0.00 % ( 0 / 582 ) ; 0.00 % ( 0 / 582 )         ; 0.00 % ( 0 / 582 )       ;
;     -- Achieved     ; 0.00 % ( 0 / 582 ) ; 0.00 % ( 0 / 582 )         ; 0.00 % ( 0 / 582 )       ;
;                     ;                    ;                            ;                          ;
; Routing (by net)    ;                    ;                            ;                          ;
;     -- Requested    ; 0.00 % ( 0 / 0 )   ; 0.00 % ( 0 / 0 )           ; 0.00 % ( 0 / 0 )         ;
;     -- Achieved     ; 0.00 % ( 0 / 0 )   ; 0.00 % ( 0 / 0 )           ; 0.00 % ( 0 / 0 )         ;
+---------------------+--------------------+----------------------------+--------------------------+


+----------------------------------------------------------------------------------------------------------------------------------------------------------------------------------------+
; Incremental Compilation Partition Settings                                                                                                                                             ;
+--------------------------------+----------------+-------------------+-------------------------+------------------------+------------------------------+--------------------------------+
; Partition Name                 ; Partition Type ; Netlist Type Used ; Preservation Level Used ; Netlist Type Requested ; Preservation Level Requested ; Contents                       ;
+--------------------------------+----------------+-------------------+-------------------------+------------------------+------------------------------+--------------------------------+
; Top                            ; User-created   ; Source File       ; N/A                     ; Source File            ; N/A                          ;                                ;
; hard_block:auto_generated_inst ; Auto-generated ; Source File       ; N/A                     ; Source File            ; N/A                          ; hard_block:auto_generated_inst ;
+--------------------------------+----------------+-------------------+-------------------------+------------------------+------------------------------+--------------------------------+


+------------------------------------------------------------------------------------------------------------------------------------+
; Incremental Compilation Placement Preservation                                                                                     ;
+--------------------------------+-----------------------+-------------------------+-------------------+---------------------+-------+
; Partition Name                 ; Preservation Achieved ; Preservation Level Used ; Netlist Type Used ; Preservation Method ; Notes ;
+--------------------------------+-----------------------+-------------------------+-------------------+---------------------+-------+
; Top                            ; 0.00 % ( 0 / 566 )    ; N/A                     ; Source File       ; N/A                 ;       ;
; hard_block:auto_generated_inst ; 0.00 % ( 0 / 16 )     ; N/A                     ; Source File       ; N/A                 ;       ;
+--------------------------------+-----------------------+-------------------------+-------------------+---------------------+-------+


+--------------+
; Pin-Out File ;
+--------------+
The pin-out file can be found in D:/1 - FPGA/5 - RISCV/4 - Pipeline_RISCV/output_files/pipeline_riscv.pin.


+--------------------------------------------------------------------------+
; Fitter Resource Usage Summary                                            ;
+---------------------------------------------+----------------------------+
; Resource                                    ; Usage                      ;
+---------------------------------------------+----------------------------+
; Total logic elements                        ; 73 / 49,760 ( < 1 % )      ;
;     -- Combinational with no register       ; 1                          ;
;     -- Register only                        ; 72                         ;
;     -- Combinational with a register        ; 0                          ;
;                                             ;                            ;
; Logic element usage by number of LUT inputs ;                            ;
;     -- 4 input functions                    ; 0                          ;
;     -- 3 input functions                    ; 0                          ;
;     -- <=2 input functions                  ; 1                          ;
;     -- Register only                        ; 72                         ;
;                                             ;                            ;
; Logic elements by mode                      ;                            ;
;     -- normal mode                          ; 1                          ;
;     -- arithmetic mode                      ; 0                          ;
;                                             ;                            ;
; Total registers*                            ; 72 / 51,509 ( < 1 % )      ;
;     -- Dedicated logic registers            ; 72 / 49,760 ( < 1 % )      ;
;     -- I/O registers                        ; 0 / 1,749 ( 0 % )          ;
;                                             ;                            ;
; Total LABs:  partially or completely used   ; 67 / 3,110 ( 2 % )         ;
; Virtual pins                                ; 0                          ;
; I/O pins                                    ; 212 / 360 ( 59 % )         ;
;     -- Clock pins                           ; 6 / 8 ( 75 % )             ;
;     -- Dedicated input pins                 ; 1 / 1 ( 100 % )            ;
;                                             ;                            ;
; M9Ks                                        ; 4 / 182 ( 2 % )            ;
; UFM blocks                                  ; 0 / 1 ( 0 % )              ;
; ADC blocks                                  ; 0 / 2 ( 0 % )              ;
; Total block memory bits                     ; 32,768 / 1,677,312 ( 2 % ) ;
; Total block memory implementation bits      ; 36,864 / 1,677,312 ( 2 % ) ;
; Embedded Multiplier 9-bit elements          ; 0 / 288 ( 0 % )            ;
; PLLs                                        ; 0 / 4 ( 0 % )              ;
; Global signals                              ; 2                          ;
;     -- Global clocks                        ; 2 / 20 ( 10 % )            ;
; JTAGs                                       ; 0 / 1 ( 0 % )              ;
; CRC blocks                                  ; 0 / 1 ( 0 % )              ;
; Remote update blocks                        ; 0 / 1 ( 0 % )              ;
; Oscillator blocks                           ; 0 / 1 ( 0 % )              ;
; Impedance control blocks                    ; 0 / 1 ( 0 % )              ;
; Average interconnect usage (total/H/V)      ; 0.2% / 0.1% / 0.3%         ;
; Peak interconnect usage (total/H/V)         ; 1.8% / 1.2% / 3.0%         ;
; Maximum fan-out                             ; 80                         ;
; Highest non-global fan-out                  ; 17                         ;
; Total fan-out                               ; 701                        ;
; Average fan-out                             ; 1.19                       ;
+---------------------------------------------+----------------------------+
*  Register count does not include registers inside RAM blocks or DSP blocks.



+-----------------------------------------------------------------------------------------------------+
; Fitter Partition Statistics                                                                         ;
+---------------------------------------------+----------------------+--------------------------------+
; Statistic                                   ; Top                  ; hard_block:auto_generated_inst ;
+---------------------------------------------+----------------------+--------------------------------+
; Difficulty Clustering Region                ; Low                  ; Low                            ;
;                                             ;                      ;                                ;
; Total logic elements                        ; 73 / 49760 ( < 1 % ) ; 0 / 49760 ( 0 % )              ;
;     -- Combinational with no register       ; 1                    ; 0                              ;
;     -- Register only                        ; 72                   ; 0                              ;
;     -- Combinational with a register        ; 0                    ; 0                              ;
;                                             ;                      ;                                ;
; Logic element usage by number of LUT inputs ;                      ;                                ;
;     -- 4 input functions                    ; 0                    ; 0                              ;
;     -- 3 input functions                    ; 0                    ; 0                              ;
;     -- <=2 input functions                  ; 1                    ; 0                              ;
;     -- Register only                        ; 72                   ; 0                              ;
;                                             ;                      ;                                ;
; Logic elements by mode                      ;                      ;                                ;
;     -- normal mode                          ; 1                    ; 0                              ;
;     -- arithmetic mode                      ; 0                    ; 0                              ;
;                                             ;                      ;                                ;
; Total registers                             ; 72                   ; 0                              ;
;     -- Dedicated logic registers            ; 72 / 49760 ( < 1 % ) ; 0 / 49760 ( 0 % )              ;
;     -- I/O registers                        ; 0                    ; 0                              ;
;                                             ;                      ;                                ;
; Total LABs:  partially or completely used   ; 67 / 3110 ( 2 % )    ; 0 / 3110 ( 0 % )               ;
;                                             ;                      ;                                ;
; Virtual pins                                ; 0                    ; 0                              ;
; I/O pins                                    ; 212                  ; 0                              ;
; Embedded Multiplier 9-bit elements          ; 0 / 288 ( 0 % )      ; 0 / 288 ( 0 % )                ;
; Total memory bits                           ; 32768                ; 0                              ;
; Total RAM block bits                        ; 36864                ; 0                              ;
; M9K                                         ; 4 / 182 ( 2 % )      ; 0 / 182 ( 0 % )                ;
; Clock control block                         ; 2 / 24 ( 8 % )       ; 0 / 24 ( 0 % )                 ;
; User Flash Memory                           ; 1 / 1 ( 100 % )      ; 0 / 1 ( 0 % )                  ;
; Analog-to-Digital Converter                 ; 2 / 2 ( 100 % )      ; 0 / 2 ( 0 % )                  ;
;                                             ;                      ;                                ;
; Connections                                 ;                      ;                                ;
;     -- Input Connections                    ; 0                    ; 0                              ;
;     -- Registered Input Connections         ; 0                    ; 0                              ;
;     -- Output Connections                   ; 0                    ; 0                              ;
;     -- Registered Output Connections        ; 0                    ; 0                              ;
;                                             ;                      ;                                ;
; Internal Connections                        ;                      ;                                ;
;     -- Total Connections                    ; 755                  ; 8                              ;
;     -- Registered Connections               ; 104                  ; 0                              ;
;                                             ;                      ;                                ;
; External Connections                        ;                      ;                                ;
;     -- Top                                  ; 0                    ; 0                              ;
;     -- hard_block:auto_generated_inst       ; 0                    ; 0                              ;
;                                             ;                      ;                                ;
; Partition Interface                         ;                      ;                                ;
;     -- Input Ports                          ; 108                  ; 0                              ;
;     -- Output Ports                         ; 104                  ; 0                              ;
;     -- Bidir Ports                          ; 0                    ; 0                              ;
;                                             ;                      ;                                ;
; Registered Ports                            ;                      ;                                ;
;     -- Registered Input Ports               ; 0                    ; 0                              ;
;     -- Registered Output Ports              ; 0                    ; 0                              ;
;                                             ;                      ;                                ;
; Port Connectivity                           ;                      ;                                ;
;     -- Input Ports driven by GND            ; 0                    ; 0                              ;
;     -- Output Ports driven by GND           ; 0                    ; 0                              ;
;     -- Input Ports driven by VCC            ; 0                    ; 0                              ;
;     -- Output Ports driven by VCC           ; 0                    ; 0                              ;
;     -- Input Ports with no Source           ; 0                    ; 0                              ;
;     -- Output Ports with no Source          ; 0                    ; 0                              ;
;     -- Input Ports with no Fanout           ; 0                    ; 0                              ;
;     -- Output Ports with no Fanout          ; 0                    ; 0                              ;
+---------------------------------------------+----------------------+--------------------------------+


+--------------------------------------------------------------------------------------------------------------------------------------------------------------------------------------------------------------------------------------------------------------------------------------------------+
; Input Pins                                                                                                                                                                                                                                                                                       ;
+-----------------+-------+----------+--------------+--------------+--------------+-----------------------+--------------------+--------+----------------+---------------+-----------------+----------+--------------+--------------+---------------------------+----------------------+-----------+
; Name            ; Pin # ; I/O Bank ; X coordinate ; Y coordinate ; Z coordinate ; Combinational Fan-Out ; Registered Fan-Out ; Global ; Input Register ; Power Up High ; PCI I/O Enabled ; Bus Hold ; Weak Pull Up ; I/O Standard ; Termination Control Block ; Location assigned by ; Slew Rate ;
+-----------------+-------+----------+--------------+--------------+--------------+-----------------------+--------------------+--------+----------------+---------------+-----------------+----------+--------------+--------------+---------------------------+----------------------+-----------+
; ALU_ResultM[0]  ; E6    ; 8        ; 20           ; 39           ; 0            ; 1                     ; 0                  ; no     ; no             ; no            ; yes             ; no       ; Off          ; 2.5 V        ; --                        ; Fitter               ; 0         ;
; ALU_ResultM[10] ; D21   ; 6        ; 78           ; 36           ; 7            ; 9                     ; 0                  ; no     ; no             ; no            ; yes             ; no       ; Off          ; 2.5 V        ; --                        ; Fitter               ; 0         ;
; ALU_ResultM[11] ; L15   ; 6        ; 78           ; 36           ; 14           ; 9                     ; 0                  ; no     ; no             ; no            ; yes             ; no       ; Off          ; 2.5 V        ; --                        ; Fitter               ; 0         ;
; ALU_ResultM[12] ; Y13   ; 4        ; 51           ; 0            ; 7            ; 1                     ; 0                  ; no     ; no             ; no            ; yes             ; no       ; Off          ; 2.5 V        ; --                        ; Fitter               ; 0         ;
; ALU_ResultM[13] ; R15   ; 5        ; 78           ; 18           ; 21           ; 1                     ; 0                  ; no     ; no             ; no            ; yes             ; no       ; Off          ; 2.5 V        ; --                        ; Fitter               ; 0         ;
; ALU_ResultM[14] ; D9    ; 8        ; 31           ; 39           ; 7            ; 1                     ; 0                  ; no     ; no             ; no            ; yes             ; no       ; Off          ; 2.5 V        ; --                        ; Fitter               ; 0         ;
; ALU_ResultM[15] ; AB13  ; 4        ; 40           ; 0            ; 14           ; 1                     ; 0                  ; no     ; no             ; no            ; yes             ; no       ; Off          ; 2.5 V        ; --                        ; Fitter               ; 0         ;
; ALU_ResultM[16] ; U5    ; 2        ; 0            ; 10           ; 21           ; 1                     ; 0                  ; no     ; no             ; no            ; yes             ; no       ; Off          ; 2.5 V        ; --                        ; Fitter               ; 0         ;
; ALU_ResultM[17] ; P11   ; 3        ; 34           ; 0            ; 28           ; 1                     ; 0                  ; no     ; no             ; no            ; yes             ; no       ; Off          ; 2.5 V        ; --                        ; Fitter               ; 0         ;
; ALU_ResultM[18] ; B8    ; 7        ; 46           ; 54           ; 28           ; 1                     ; 0                  ; no     ; no             ; no            ; yes             ; no       ; Off          ; 2.5 V        ; --                        ; Fitter               ; 0         ;
; ALU_ResultM[19] ; U19   ; 5        ; 78           ; 15           ; 14           ; 1                     ; 0                  ; no     ; no             ; no            ; yes             ; no       ; Off          ; 2.5 V        ; --                        ; Fitter               ; 0         ;
; ALU_ResultM[1]  ; AA9   ; 3        ; 34           ; 0            ; 21           ; 1                     ; 0                  ; no     ; no             ; no            ; yes             ; no       ; Off          ; 2.5 V        ; --                        ; Fitter               ; 0         ;
; ALU_ResultM[20] ; AA12  ; 4        ; 40           ; 0            ; 0            ; 1                     ; 0                  ; no     ; no             ; no            ; yes             ; no       ; Off          ; 2.5 V        ; --                        ; Fitter               ; 0         ;
; ALU_ResultM[21] ; P9    ; 3        ; 22           ; 0            ; 21           ; 1                     ; 0                  ; no     ; no             ; no            ; yes             ; no       ; Off          ; 2.5 V        ; --                        ; Fitter               ; 0         ;
; ALU_ResultM[22] ; C11   ; 7        ; 51           ; 54           ; 21           ; 1                     ; 0                  ; no     ; no             ; no            ; yes             ; no       ; Off          ; 2.5 V        ; --                        ; Fitter               ; 0         ;
; ALU_ResultM[23] ; AB7   ; 3        ; 29           ; 0            ; 0            ; 1                     ; 0                  ; no     ; no             ; no            ; yes             ; no       ; Off          ; 2.5 V        ; --                        ; Fitter               ; 0         ;
; ALU_ResultM[24] ; U20   ; 5        ; 78           ; 17           ; 14           ; 1                     ; 0                  ; no     ; no             ; no            ; yes             ; no       ; Off          ; 2.5 V        ; --                        ; Fitter               ; 0         ;
; ALU_ResultM[25] ; U4    ; 2        ; 0            ; 10           ; 14           ; 1                     ; 0                  ; no     ; no             ; no            ; yes             ; no       ; Off          ; 2.5 V        ; --                        ; Fitter               ; 0         ;
; ALU_ResultM[26] ; B14   ; 7        ; 56           ; 54           ; 0            ; 1                     ; 0                  ; no     ; no             ; no            ; yes             ; no       ; Off          ; 2.5 V        ; --                        ; Fitter               ; 0         ;
; ALU_ResultM[27] ; AA16  ; 4        ; 56           ; 0            ; 28           ; 1                     ; 0                  ; no     ; no             ; no            ; yes             ; no       ; Off          ; 2.5 V        ; --                        ; Fitter               ; 0         ;
; ALU_ResultM[28] ; AB4   ; 3        ; 26           ; 0            ; 21           ; 1                     ; 0                  ; no     ; no             ; no            ; yes             ; no       ; Off          ; 2.5 V        ; --                        ; Fitter               ; 0         ;
; ALU_ResultM[29] ; H19   ; 6        ; 78           ; 45           ; 21           ; 1                     ; 0                  ; no     ; no             ; no            ; yes             ; no       ; Off          ; 2.5 V        ; --                        ; Fitter               ; 0         ;
; ALU_ResultM[2]  ; J22   ; 6        ; 78           ; 30           ; 7            ; 9                     ; 0                  ; no     ; no             ; no            ; yes             ; no       ; Off          ; 2.5 V        ; --                        ; Fitter               ; 0         ;
; ALU_ResultM[30] ; D18   ; 6        ; 78           ; 49           ; 7            ; 1                     ; 0                  ; no     ; no             ; no            ; yes             ; no       ; Off          ; 2.5 V        ; --                        ; Fitter               ; 0         ;
; ALU_ResultM[31] ; B15   ; 7        ; 58           ; 54           ; 7            ; 1                     ; 0                  ; no     ; no             ; no            ; yes             ; no       ; Off          ; 2.5 V        ; --                        ; Fitter               ; 0         ;
; ALU_ResultM[3]  ; N19   ; 6        ; 78           ; 34           ; 14           ; 9                     ; 0                  ; no     ; no             ; no            ; yes             ; no       ; Off          ; 2.5 V        ; --                        ; Fitter               ; 0         ;
; ALU_ResultM[4]  ; E10   ; 8        ; 36           ; 39           ; 21           ; 9                     ; 0                  ; no     ; no             ; no            ; yes             ; no       ; Off          ; 2.5 V        ; --                        ; Fitter               ; 0         ;
; ALU_ResultM[5]  ; N18   ; 6        ; 78           ; 34           ; 22           ; 9                     ; 0                  ; no     ; no             ; no            ; yes             ; no       ; Off          ; 2.5 V        ; --                        ; Fitter               ; 0         ;
; ALU_ResultM[6]  ; M18   ; 6        ; 78           ; 37           ; 21           ; 9                     ; 0                  ; no     ; no             ; no            ; yes             ; no       ; Off          ; 2.5 V        ; --                        ; Fitter               ; 0         ;
; ALU_ResultM[7]  ; M20   ; 6        ; 78           ; 34           ; 7            ; 9                     ; 0                  ; no     ; no             ; no            ; yes             ; no       ; Off          ; 2.5 V        ; --                        ; Fitter               ; 0         ;
; ALU_ResultM[8]  ; F20   ; 6        ; 78           ; 35           ; 14           ; 9                     ; 0                  ; no     ; no             ; no            ; yes             ; no       ; Off          ; 2.5 V        ; --                        ; Fitter               ; 0         ;
; ALU_ResultM[9]  ; N20   ; 6        ; 78           ; 34           ; 0            ; 9                     ; 0                  ; no     ; no             ; no            ; yes             ; no       ; Off          ; 2.5 V        ; --                        ; Fitter               ; 0         ;
; MemReadM        ; L19   ; 6        ; 78           ; 37           ; 7            ; 4                     ; 0                  ; no     ; no             ; no            ; yes             ; no       ; Off          ; 2.5 V        ; --                        ; Fitter               ; 0         ;
; MemWriteM       ; G19   ; 6        ; 78           ; 31           ; 14           ; 8                     ; 0                  ; no     ; no             ; no            ; yes             ; no       ; Off          ; 2.5 V        ; --                        ; Fitter               ; 0         ;
; PCPlus4M[0]     ; V22   ; 5        ; 78           ; 17           ; 0            ; 1                     ; 0                  ; no     ; no             ; no            ; yes             ; no       ; Off          ; 2.5 V        ; --                        ; Fitter               ; 0         ;
; PCPlus4M[10]    ; U6    ; 3        ; 16           ; 0            ; 7            ; 1                     ; 0                  ; no     ; no             ; no            ; yes             ; no       ; Off          ; 2.5 V        ; --                        ; Fitter               ; 0         ;
; PCPlus4M[11]    ; AB10  ; 4        ; 38           ; 0            ; 14           ; 1                     ; 0                  ; no     ; no             ; no            ; yes             ; no       ; Off          ; 2.5 V        ; --                        ; Fitter               ; 0         ;
; PCPlus4M[12]    ; K20   ; 6        ; 78           ; 42           ; 0            ; 1                     ; 0                  ; no     ; no             ; no            ; yes             ; no       ; Off          ; 2.5 V        ; --                        ; Fitter               ; 0         ;
; PCPlus4M[13]    ; AA13  ; 4        ; 49           ; 0            ; 14           ; 1                     ; 0                  ; no     ; no             ; no            ; yes             ; no       ; Off          ; 2.5 V        ; --                        ; Fitter               ; 0         ;
; PCPlus4M[14]    ; A3    ; 8        ; 26           ; 39           ; 7            ; 1                     ; 0                  ; no     ; no             ; no            ; yes             ; no       ; Off          ; 2.5 V        ; --                        ; Fitter               ; 0         ;
; PCPlus4M[15]    ; Y17   ; 4        ; 58           ; 0            ; 21           ; 1                     ; 0                  ; no     ; no             ; no            ; yes             ; no       ; Off          ; 2.5 V        ; --                        ; Fitter               ; 0         ;
; PCPlus4M[16]    ; C5    ; 8        ; 24           ; 39           ; 21           ; 1                     ; 0                  ; no     ; no             ; no            ; yes             ; no       ; Off          ; 2.5 V        ; --                        ; Fitter               ; 0         ;
; PCPlus4M[17]    ; B3    ; 8        ; 26           ; 39           ; 14           ; 1                     ; 0                  ; no     ; no             ; no            ; yes             ; no       ; Off          ; 2.5 V        ; --                        ; Fitter               ; 0         ;
; PCPlus4M[18]    ; V11   ; 4        ; 38           ; 0            ; 28           ; 1                     ; 0                  ; no     ; no             ; no            ; yes             ; no       ; Off          ; 2.5 V        ; --                        ; Fitter               ; 0         ;
; PCPlus4M[19]    ; Y14   ; 4        ; 51           ; 0            ; 0            ; 1                     ; 0                  ; no     ; no             ; no            ; yes             ; no       ; Off          ; 2.5 V        ; --                        ; Fitter               ; 0         ;
; PCPlus4M[1]     ; V14   ; 4        ; 54           ; 0            ; 14           ; 1                     ; 0                  ; no     ; no             ; no            ; yes             ; no       ; Off          ; 2.5 V        ; --                        ; Fitter               ; 0         ;
; PCPlus4M[20]    ; C13   ; 7        ; 58           ; 54           ; 21           ; 1                     ; 0                  ; no     ; no             ; no            ; yes             ; no       ; Off          ; 2.5 V        ; --                        ; Fitter               ; 0         ;
; PCPlus4M[21]    ; B16   ; 7        ; 60           ; 54           ; 7            ; 1                     ; 0                  ; no     ; no             ; no            ; yes             ; no       ; Off          ; 2.5 V        ; --                        ; Fitter               ; 0         ;
; PCPlus4M[22]    ; AB8   ; 3        ; 31           ; 0            ; 7            ; 1                     ; 0                  ; no     ; no             ; no            ; yes             ; no       ; Off          ; 2.5 V        ; --                        ; Fitter               ; 0         ;
; PCPlus4M[23]    ; L20   ; 6        ; 78           ; 37           ; 0            ; 1                     ; 0                  ; no     ; no             ; no            ; yes             ; no       ; Off          ; 2.5 V        ; --                        ; Fitter               ; 0         ;
; PCPlus4M[24]    ; A13   ; 7        ; 54           ; 54           ; 14           ; 1                     ; 0                  ; no     ; no             ; no            ; yes             ; no       ; Off          ; 2.5 V        ; --                        ; Fitter               ; 0         ;
; PCPlus4M[25]    ; W15   ; 4        ; 54           ; 0            ; 7            ; 1                     ; 0                  ; no     ; no             ; no            ; yes             ; no       ; Off          ; 2.5 V        ; --                        ; Fitter               ; 0         ;
; PCPlus4M[26]    ; B1    ; 8        ; 22           ; 39           ; 21           ; 1                     ; 0                  ; no     ; no             ; no            ; yes             ; no       ; Off          ; 2.5 V        ; --                        ; Fitter               ; 0         ;
; PCPlus4M[27]    ; E18   ; 6        ; 78           ; 49           ; 0            ; 1                     ; 0                  ; no     ; no             ; no            ; yes             ; no       ; Off          ; 2.5 V        ; --                        ; Fitter               ; 0         ;
; PCPlus4M[28]    ; J12   ; 7        ; 54           ; 54           ; 7            ; 1                     ; 0                  ; no     ; no             ; no            ; yes             ; no       ; Off          ; 2.5 V        ; --                        ; Fitter               ; 0         ;
; PCPlus4M[29]    ; J10   ; 8        ; 34           ; 39           ; 7            ; 1                     ; 0                  ; no     ; no             ; no            ; yes             ; no       ; Off          ; 2.5 V        ; --                        ; Fitter               ; 0         ;
; PCPlus4M[2]     ; AA15  ; 4        ; 54           ; 0            ; 28           ; 1                     ; 0                  ; no     ; no             ; no            ; yes             ; no       ; Off          ; 2.5 V        ; --                        ; Fitter               ; 0         ;
; PCPlus4M[30]    ; A17   ; 7        ; 64           ; 54           ; 0            ; 1                     ; 0                  ; no     ; no             ; no            ; yes             ; no       ; Off          ; 2.5 V        ; --                        ; Fitter               ; 0         ;
; PCPlus4M[31]    ; W20   ; 5        ; 78           ; 16           ; 14           ; 1                     ; 0                  ; no     ; no             ; no            ; yes             ; no       ; Off          ; 2.5 V        ; --                        ; Fitter               ; 0         ;
; PCPlus4M[3]     ; C12   ; 7        ; 54           ; 54           ; 28           ; 1                     ; 0                  ; no     ; no             ; no            ; yes             ; no       ; Off          ; 2.5 V        ; --                        ; Fitter               ; 0         ;
; PCPlus4M[4]     ; D10   ; 8        ; 31           ; 39           ; 28           ; 1                     ; 0                  ; no     ; no             ; no            ; yes             ; no       ; Off          ; 2.5 V        ; --                        ; Fitter               ; 0         ;
; PCPlus4M[5]     ; A2    ; 8        ; 26           ; 39           ; 0            ; 1                     ; 0                  ; no     ; no             ; no            ; yes             ; no       ; Off          ; 2.5 V        ; --                        ; Fitter               ; 0         ;
; PCPlus4M[6]     ; L9    ; 1B       ; 0            ; 27           ; 21           ; 1                     ; 0                  ; no     ; no             ; no            ; yes             ; no       ; Off          ; 2.5 V        ; --                        ; Fitter               ; 0         ;
; PCPlus4M[7]     ; R2    ; 2        ; 0            ; 3            ; 7            ; 1                     ; 0                  ; no     ; no             ; no            ; yes             ; no       ; Off          ; 2.5 V        ; --                        ; Fitter               ; 0         ;
; PCPlus4M[8]     ; P10   ; 3        ; 26           ; 0            ; 7            ; 1                     ; 0                  ; no     ; no             ; no            ; yes             ; no       ; Off          ; 2.5 V        ; --                        ; Fitter               ; 0         ;
; PCPlus4M[9]     ; AB20  ; 4        ; 56           ; 0            ; 0            ; 1                     ; 0                  ; no     ; no             ; no            ; yes             ; no       ; Off          ; 2.5 V        ; --                        ; Fitter               ; 0         ;
; RD_M[0]         ; W7    ; 3        ; 24           ; 0            ; 7            ; 1                     ; 0                  ; no     ; no             ; no            ; yes             ; no       ; Off          ; 2.5 V        ; --                        ; Fitter               ; 0         ;
; RD_M[1]         ; D14   ; 7        ; 56           ; 54           ; 7            ; 1                     ; 0                  ; no     ; no             ; no            ; yes             ; no       ; Off          ; 2.5 V        ; --                        ; Fitter               ; 0         ;
; RD_M[2]         ; M2    ; 2        ; 0            ; 16           ; 0            ; 1                     ; 0                  ; no     ; no             ; no            ; yes             ; no       ; Off          ; 2.5 V        ; --                        ; Fitter               ; 0         ;
; RD_M[3]         ; B2    ; 8        ; 22           ; 39           ; 14           ; 1                     ; 0                  ; no     ; no             ; no            ; yes             ; no       ; Off          ; 2.5 V        ; --                        ; Fitter               ; 0         ;
; RD_M[4]         ; C14   ; 7        ; 58           ; 54           ; 14           ; 1                     ; 0                  ; no     ; no             ; no            ; yes             ; no       ; Off          ; 2.5 V        ; --                        ; Fitter               ; 0         ;
; RegWriteM       ; G1    ; 1B       ; 0            ; 26           ; 0            ; 1                     ; 0                  ; no     ; no             ; no            ; yes             ; no       ; Off          ; 2.5 V        ; --                        ; Fitter               ; 0         ;
; ResultSrcM[0]   ; M1    ; 2        ; 0            ; 16           ; 7            ; 1                     ; 0                  ; no     ; no             ; no            ; yes             ; no       ; Off          ; 2.5 V        ; --                        ; Fitter               ; 0         ;
; ResultSrcM[1]   ; Y2    ; 3        ; 16           ; 0            ; 14           ; 1                     ; 0                  ; no     ; no             ; no            ; yes             ; no       ; Off          ; 2.5 V        ; --                        ; Fitter               ; 0         ;
; WriteDataM[0]   ; E16   ; 7        ; 74           ; 54           ; 0            ; 1                     ; 0                  ; no     ; no             ; no            ; yes             ; no       ; Off          ; 2.5 V        ; --                        ; Fitter               ; 0         ;
; WriteDataM[10]  ; E20   ; 6        ; 78           ; 40           ; 0            ; 1                     ; 0                  ; no     ; no             ; no            ; yes             ; no       ; Off          ; 2.5 V        ; --                        ; Fitter               ; 0         ;
; WriteDataM[11]  ; C18   ; 7        ; 69           ; 54           ; 21           ; 1                     ; 0                  ; no     ; no             ; no            ; yes             ; no       ; Off          ; 2.5 V        ; --                        ; Fitter               ; 0         ;
; WriteDataM[12]  ; H21   ; 6        ; 78           ; 29           ; 0            ; 1                     ; 0                  ; no     ; no             ; no            ; yes             ; no       ; Off          ; 2.5 V        ; --                        ; Fitter               ; 0         ;
; WriteDataM[13]  ; K22   ; 6        ; 78           ; 30           ; 21           ; 1                     ; 0                  ; no     ; no             ; no            ; yes             ; no       ; Off          ; 2.5 V        ; --                        ; Fitter               ; 0         ;
; WriteDataM[14]  ; T19   ; 5        ; 78           ; 20           ; 22           ; 1                     ; 0                  ; no     ; no             ; no            ; yes             ; no       ; Off          ; 2.5 V        ; --                        ; Fitter               ; 0         ;
; WriteDataM[15]  ; U21   ; 5        ; 78           ; 21           ; 21           ; 1                     ; 0                  ; no     ; no             ; no            ; yes             ; no       ; Off          ; 2.5 V        ; --                        ; Fitter               ; 0         ;
; WriteDataM[16]  ; E21   ; 6        ; 78           ; 33           ; 0            ; 1                     ; 0                  ; no     ; no             ; no            ; yes             ; no       ; Off          ; 2.5 V        ; --                        ; Fitter               ; 0         ;
; WriteDataM[17]  ; Y20   ; 5        ; 78           ; 16           ; 7            ; 1                     ; 0                  ; no     ; no             ; no            ; yes             ; no       ; Off          ; 2.5 V        ; --                        ; Fitter               ; 0         ;
; WriteDataM[18]  ; C22   ; 6        ; 78           ; 35           ; 0            ; 1                     ; 0                  ; no     ; no             ; no            ; yes             ; no       ; Off          ; 2.5 V        ; --                        ; Fitter               ; 0         ;
; WriteDataM[19]  ; U22   ; 5        ; 78           ; 21           ; 14           ; 1                     ; 0                  ; no     ; no             ; no            ; yes             ; no       ; Off          ; 2.5 V        ; --                        ; Fitter               ; 0         ;
; WriteDataM[1]   ; P20   ; 5        ; 78           ; 24           ; 0            ; 1                     ; 0                  ; no     ; no             ; no            ; yes             ; no       ; Off          ; 2.5 V        ; --                        ; Fitter               ; 0         ;
; WriteDataM[20]  ; P18   ; 5        ; 78           ; 24           ; 14           ; 1                     ; 0                  ; no     ; no             ; no            ; yes             ; no       ; Off          ; 2.5 V        ; --                        ; Fitter               ; 0         ;
; WriteDataM[21]  ; M21   ; 5        ; 78           ; 25           ; 21           ; 1                     ; 0                  ; no     ; no             ; no            ; yes             ; no       ; Off          ; 2.5 V        ; --                        ; Fitter               ; 0         ;
; WriteDataM[22]  ; E17   ; 6        ; 78           ; 43           ; 14           ; 1                     ; 0                  ; no     ; no             ; no            ; yes             ; no       ; Off          ; 2.5 V        ; --                        ; Fitter               ; 0         ;
; WriteDataM[23]  ; F19   ; 6        ; 78           ; 40           ; 7            ; 1                     ; 0                  ; no     ; no             ; no            ; yes             ; no       ; Off          ; 2.5 V        ; --                        ; Fitter               ; 0         ;
; WriteDataM[24]  ; D19   ; 6        ; 78           ; 41           ; 0            ; 1                     ; 0                  ; no     ; no             ; no            ; yes             ; no       ; Off          ; 2.5 V        ; --                        ; Fitter               ; 0         ;
; WriteDataM[25]  ; K19   ; 6        ; 78           ; 42           ; 7            ; 1                     ; 0                  ; no     ; no             ; no            ; yes             ; no       ; Off          ; 2.5 V        ; --                        ; Fitter               ; 0         ;
; WriteDataM[26]  ; D15   ; 7        ; 66           ; 54           ; 14           ; 1                     ; 0                  ; no     ; no             ; no            ; yes             ; no       ; Off          ; 2.5 V        ; --                        ; Fitter               ; 0         ;
; WriteDataM[27]  ; H18   ; 6        ; 78           ; 45           ; 14           ; 1                     ; 0                  ; no     ; no             ; no            ; yes             ; no       ; Off          ; 2.5 V        ; --                        ; Fitter               ; 0         ;
; WriteDataM[28]  ; M14   ; 6        ; 78           ; 33           ; 14           ; 1                     ; 0                  ; no     ; no             ; no            ; yes             ; no       ; Off          ; 2.5 V        ; --                        ; Fitter               ; 0         ;
; WriteDataM[29]  ; M22   ; 5        ; 78           ; 25           ; 0            ; 1                     ; 0                  ; no     ; no             ; no            ; yes             ; no       ; Off          ; 2.5 V        ; --                        ; Fitter               ; 0         ;
; WriteDataM[2]   ; AB18  ; 4        ; 69           ; 0            ; 14           ; 1                     ; 0                  ; no     ; no             ; no            ; yes             ; no       ; Off          ; 2.5 V        ; --                        ; Fitter               ; 0         ;
; WriteDataM[30]  ; M15   ; 6        ; 78           ; 33           ; 21           ; 1                     ; 0                  ; no     ; no             ; no            ; yes             ; no       ; Off          ; 2.5 V        ; --                        ; Fitter               ; 0         ;
; WriteDataM[31]  ; T18   ; 5        ; 78           ; 20           ; 14           ; 1                     ; 0                  ; no     ; no             ; no            ; yes             ; no       ; Off          ; 2.5 V        ; --                        ; Fitter               ; 0         ;
; WriteDataM[3]   ; V20   ; 5        ; 78           ; 17           ; 21           ; 1                     ; 0                  ; no     ; no             ; no            ; yes             ; no       ; Off          ; 2.5 V        ; --                        ; Fitter               ; 0         ;
; WriteDataM[4]   ; V17   ; 4        ; 69           ; 0            ; 0            ; 1                     ; 0                  ; no     ; no             ; no            ; yes             ; no       ; Off          ; 2.5 V        ; --                        ; Fitter               ; 0         ;
; WriteDataM[5]   ; P15   ; 5        ; 78           ; 23           ; 21           ; 1                     ; 0                  ; no     ; no             ; no            ; yes             ; no       ; Off          ; 2.5 V        ; --                        ; Fitter               ; 0         ;
; WriteDataM[6]   ; P19   ; 5        ; 78           ; 24           ; 7            ; 1                     ; 0                  ; no     ; no             ; no            ; yes             ; no       ; Off          ; 2.5 V        ; --                        ; Fitter               ; 0         ;
; WriteDataM[7]   ; J21   ; 6        ; 78           ; 30           ; 0            ; 1                     ; 0                  ; no     ; no             ; no            ; yes             ; no       ; Off          ; 2.5 V        ; --                        ; Fitter               ; 0         ;
; WriteDataM[8]   ; N22   ; 5        ; 78           ; 23           ; 0            ; 1                     ; 0                  ; no     ; no             ; no            ; yes             ; no       ; Off          ; 2.5 V        ; --                        ; Fitter               ; 0         ;
; WriteDataM[9]   ; P14   ; 5        ; 78           ; 23           ; 14           ; 1                     ; 0                  ; no     ; no             ; no            ; yes             ; no       ; Off          ; 2.5 V        ; --                        ; Fitter               ; 0         ;
; clk             ; M8    ; 2        ; 0            ; 18           ; 14           ; 80                    ; 0                  ; yes    ; no             ; no            ; yes             ; no       ; Off          ; 2.5 V        ; --                        ; Fitter               ; 0         ;
; reset           ; M9    ; 2        ; 0            ; 18           ; 21           ; 76                    ; 0                  ; yes    ; no             ; no            ; yes             ; no       ; Off          ; 2.5 V        ; --                        ; Fitter               ; 0         ;
+-----------------+-------+----------+--------------+--------------+--------------+-----------------------+--------------------+--------+----------------+---------------+-----------------+----------+--------------+--------------+---------------------------+----------------------+-----------+


+------------------------------------------------------------------------------------------------------------------------------------------------------------------------------------------------------------------------------------------------------------------------------------------------------------------------------------------------------------------------------------------------------------------------------------------------------------------+
; Output Pins                                                                                                                                                                                                                                                                                                                                                                                                                                                      ;
+-----------------+-------+----------+--------------+--------------+--------------+-----------------+------------------------+---------------+-----------+-----------------+------------+---------------+----------+--------------+--------------+------------------+-----------------------------------+---------------------------+----------------------------+-----------------------------+----------------------+----------------------+---------------------+
; Name            ; Pin # ; I/O Bank ; X coordinate ; Y coordinate ; Z coordinate ; Output Register ; Output Enable Register ; Power Up High ; Slew Rate ; PCI I/O Enabled ; Open Drain ; TRI Primitive ; Bus Hold ; Weak Pull Up ; I/O Standard ; Current Strength ; Termination                       ; Termination Control Block ; Output Buffer Pre-emphasis ; Voltage Output Differential ; Location assigned by ; Output Enable Source ; Output Enable Group ;
+-----------------+-------+----------+--------------+--------------+--------------+-----------------+------------------------+---------------+-----------+-----------------+------------+---------------+----------+--------------+--------------+------------------+-----------------------------------+---------------------------+----------------------------+-----------------------------+----------------------+----------------------+---------------------+
; ALU_ResultW[0]  ; D6    ; 8        ; 22           ; 39           ; 28           ; no              ; no                     ; no            ; 2         ; no              ; no         ; no            ; no       ; Off          ; 2.5 V        ; Default          ; Series 50 Ohm without Calibration ; --                        ; no                         ; no                          ; Fitter               ; -                    ; -                   ;
; ALU_ResultW[10] ; F22   ; 6        ; 78           ; 31           ; 0            ; no              ; no                     ; no            ; 2         ; no              ; no         ; no            ; no       ; Off          ; 2.5 V        ; Default          ; Series 50 Ohm without Calibration ; --                        ; no                         ; no                          ; Fitter               ; -                    ; -                   ;
; ALU_ResultW[11] ; B20   ; 6        ; 78           ; 44           ; 7            ; no              ; no                     ; no            ; 2         ; no              ; no         ; no            ; no       ; Off          ; 2.5 V        ; Default          ; Series 50 Ohm without Calibration ; --                        ; no                         ; no                          ; Fitter               ; -                    ; -                   ;
; ALU_ResultW[12] ; AB15  ; 4        ; 51           ; 0            ; 14           ; no              ; no                     ; no            ; 2         ; no              ; no         ; no            ; no       ; Off          ; 2.5 V        ; Default          ; Series 50 Ohm without Calibration ; --                        ; no                         ; no                          ; Fitter               ; -                    ; -                   ;
; ALU_ResultW[13] ; T22   ; 5        ; 78           ; 18           ; 0            ; no              ; no                     ; no            ; 2         ; no              ; no         ; no            ; no       ; Off          ; 2.5 V        ; Default          ; Series 50 Ohm without Calibration ; --                        ; no                         ; no                          ; Fitter               ; -                    ; -                   ;
; ALU_ResultW[14] ; A4    ; 8        ; 31           ; 39           ; 21           ; no              ; no                     ; no            ; 2         ; no              ; no         ; no            ; no       ; Off          ; 2.5 V        ; Default          ; Series 50 Ohm without Calibration ; --                        ; no                         ; no                          ; Fitter               ; -                    ; -                   ;
; ALU_ResultW[15] ; AB12  ; 4        ; 40           ; 0            ; 21           ; no              ; no                     ; no            ; 2         ; no              ; no         ; no            ; no       ; Off          ; 2.5 V        ; Default          ; Series 50 Ohm without Calibration ; --                        ; no                         ; no                          ; Fitter               ; -                    ; -                   ;
; ALU_ResultW[16] ; V3    ; 2        ; 0            ; 10           ; 7            ; no              ; no                     ; no            ; 2         ; no              ; no         ; no            ; no       ; Off          ; 2.5 V        ; Default          ; Series 50 Ohm without Calibration ; --                        ; no                         ; no                          ; Fitter               ; -                    ; -                   ;
; ALU_ResultW[17] ; Y10   ; 3        ; 34           ; 0            ; 7            ; no              ; no                     ; no            ; 2         ; no              ; no         ; no            ; no       ; Off          ; 2.5 V        ; Default          ; Series 50 Ohm without Calibration ; --                        ; no                         ; no                          ; Fitter               ; -                    ; -                   ;
; ALU_ResultW[18] ; C9    ; 7        ; 46           ; 54           ; 14           ; no              ; no                     ; no            ; 2         ; no              ; no         ; no            ; no       ; Off          ; 2.5 V        ; Default          ; Series 50 Ohm without Calibration ; --                        ; no                         ; no                          ; Fitter               ; -                    ; -                   ;
; ALU_ResultW[19] ; V18   ; 5        ; 78           ; 15           ; 21           ; no              ; no                     ; no            ; 2         ; no              ; no         ; no            ; no       ; Off          ; 2.5 V        ; Default          ; Series 50 Ohm without Calibration ; --                        ; no                         ; no                          ; Fitter               ; -                    ; -                   ;
; ALU_ResultW[1]  ; AA8   ; 3        ; 31           ; 0            ; 14           ; no              ; no                     ; no            ; 2         ; no              ; no         ; no            ; no       ; Off          ; 2.5 V        ; Default          ; Series 50 Ohm without Calibration ; --                        ; no                         ; no                          ; Fitter               ; -                    ; -                   ;
; ALU_ResultW[20] ; AA11  ; 4        ; 40           ; 0            ; 7            ; no              ; no                     ; no            ; 2         ; no              ; no         ; no            ; no       ; Off          ; 2.5 V        ; Default          ; Series 50 Ohm without Calibration ; --                        ; no                         ; no                          ; Fitter               ; -                    ; -                   ;
; ALU_ResultW[21] ; W10   ; 3        ; 24           ; 0            ; 28           ; no              ; no                     ; no            ; 2         ; no              ; no         ; no            ; no       ; Off          ; 2.5 V        ; Default          ; Series 50 Ohm without Calibration ; --                        ; no                         ; no                          ; Fitter               ; -                    ; -                   ;
; ALU_ResultW[22] ; B12   ; 7        ; 49           ; 54           ; 0            ; no              ; no                     ; no            ; 2         ; no              ; no         ; no            ; no       ; Off          ; 2.5 V        ; Default          ; Series 50 Ohm without Calibration ; --                        ; no                         ; no                          ; Fitter               ; -                    ; -                   ;
; ALU_ResultW[23] ; AA7   ; 3        ; 29           ; 0            ; 14           ; no              ; no                     ; no            ; 2         ; no              ; no         ; no            ; no       ; Off          ; 2.5 V        ; Default          ; Series 50 Ohm without Calibration ; --                        ; no                         ; no                          ; Fitter               ; -                    ; -                   ;
; ALU_ResultW[24] ; Y22   ; 5        ; 78           ; 15           ; 7            ; no              ; no                     ; no            ; 2         ; no              ; no         ; no            ; no       ; Off          ; 2.5 V        ; Default          ; Series 50 Ohm without Calibration ; --                        ; no                         ; no                          ; Fitter               ; -                    ; -                   ;
; ALU_ResultW[25] ; U3    ; 2        ; 0            ; 10           ; 0            ; no              ; no                     ; no            ; 2         ; no              ; no         ; no            ; no       ; Off          ; 2.5 V        ; Default          ; Series 50 Ohm without Calibration ; --                        ; no                         ; no                          ; Fitter               ; -                    ; -                   ;
; ALU_ResultW[26] ; D13   ; 7        ; 56           ; 54           ; 28           ; no              ; no                     ; no            ; 2         ; no              ; no         ; no            ; no       ; Off          ; 2.5 V        ; Default          ; Series 50 Ohm without Calibration ; --                        ; no                         ; no                          ; Fitter               ; -                    ; -                   ;
; ALU_ResultW[27] ; U15   ; 4        ; 56           ; 0            ; 21           ; no              ; no                     ; no            ; 2         ; no              ; no         ; no            ; no       ; Off          ; 2.5 V        ; Default          ; Series 50 Ohm without Calibration ; --                        ; no                         ; no                          ; Fitter               ; -                    ; -                   ;
; ALU_ResultW[28] ; Y4    ; 3        ; 24           ; 0            ; 14           ; no              ; no                     ; no            ; 2         ; no              ; no         ; no            ; no       ; Off          ; 2.5 V        ; Default          ; Series 50 Ohm without Calibration ; --                        ; no                         ; no                          ; Fitter               ; -                    ; -                   ;
; ALU_ResultW[29] ; J20   ; 6        ; 78           ; 45           ; 7            ; no              ; no                     ; no            ; 2         ; no              ; no         ; no            ; no       ; Off          ; 2.5 V        ; Default          ; Series 50 Ohm without Calibration ; --                        ; no                         ; no                          ; Fitter               ; -                    ; -                   ;
; ALU_ResultW[2]  ; P22   ; 5        ; 78           ; 21           ; 0            ; no              ; no                     ; no            ; 2         ; no              ; no         ; no            ; no       ; Off          ; 2.5 V        ; Default          ; Series 50 Ohm without Calibration ; --                        ; no                         ; no                          ; Fitter               ; -                    ; -                   ;
; ALU_ResultW[30] ; H17   ; 6        ; 78           ; 49           ; 21           ; no              ; no                     ; no            ; 2         ; no              ; no         ; no            ; no       ; Off          ; 2.5 V        ; Default          ; Series 50 Ohm without Calibration ; --                        ; no                         ; no                          ; Fitter               ; -                    ; -                   ;
; ALU_ResultW[31] ; A14   ; 7        ; 58           ; 54           ; 28           ; no              ; no                     ; no            ; 2         ; no              ; no         ; no            ; no       ; Off          ; 2.5 V        ; Default          ; Series 50 Ohm without Calibration ; --                        ; no                         ; no                          ; Fitter               ; -                    ; -                   ;
; ALU_ResultW[3]  ; R18   ; 5        ; 78           ; 24           ; 22           ; no              ; no                     ; no            ; 2         ; no              ; no         ; no            ; no       ; Off          ; 2.5 V        ; Default          ; Series 50 Ohm without Calibration ; --                        ; no                         ; no                          ; Fitter               ; -                    ; -                   ;
; ALU_ResultW[4]  ; C7    ; 8        ; 34           ; 39           ; 0            ; no              ; no                     ; no            ; 2         ; no              ; no         ; no            ; no       ; Off          ; 2.5 V        ; Default          ; Series 50 Ohm without Calibration ; --                        ; no                         ; no                          ; Fitter               ; -                    ; -                   ;
; ALU_ResultW[5]  ; E22   ; 6        ; 78           ; 33           ; 7            ; no              ; no                     ; no            ; 2         ; no              ; no         ; no            ; no       ; Off          ; 2.5 V        ; Default          ; Series 50 Ohm without Calibration ; --                        ; no                         ; no                          ; Fitter               ; -                    ; -                   ;
; ALU_ResultW[6]  ; C20   ; 6        ; 78           ; 41           ; 7            ; no              ; no                     ; no            ; 2         ; no              ; no         ; no            ; no       ; Off          ; 2.5 V        ; Default          ; Series 50 Ohm without Calibration ; --                        ; no                         ; no                          ; Fitter               ; -                    ; -                   ;
; ALU_ResultW[7]  ; N15   ; 6        ; 78           ; 29           ; 14           ; no              ; no                     ; no            ; 2         ; no              ; no         ; no            ; no       ; Off          ; 2.5 V        ; Default          ; Series 50 Ohm without Calibration ; --                        ; no                         ; no                          ; Fitter               ; -                    ; -                   ;
; ALU_ResultW[8]  ; K18   ; 6        ; 78           ; 42           ; 21           ; no              ; no                     ; no            ; 2         ; no              ; no         ; no            ; no       ; Off          ; 2.5 V        ; Default          ; Series 50 Ohm without Calibration ; --                        ; no                         ; no                          ; Fitter               ; -                    ; -                   ;
; ALU_ResultW[9]  ; C21   ; 6        ; 78           ; 36           ; 0            ; no              ; no                     ; no            ; 2         ; no              ; no         ; no            ; no       ; Off          ; 2.5 V        ; Default          ; Series 50 Ohm without Calibration ; --                        ; no                         ; no                          ; Fitter               ; -                    ; -                   ;
; PCPlus4W[0]     ; R14   ; 5        ; 78           ; 18           ; 14           ; no              ; no                     ; no            ; 2         ; no              ; no         ; no            ; no       ; Off          ; 2.5 V        ; Default          ; Series 50 Ohm without Calibration ; --                        ; no                         ; no                          ; Fitter               ; -                    ; -                   ;
; PCPlus4W[10]    ; Y1    ; 3        ; 16           ; 0            ; 21           ; no              ; no                     ; no            ; 2         ; no              ; no         ; no            ; no       ; Off          ; 2.5 V        ; Default          ; Series 50 Ohm without Calibration ; --                        ; no                         ; no                          ; Fitter               ; -                    ; -                   ;
; PCPlus4W[11]    ; W11   ; 4        ; 36           ; 0            ; 7            ; no              ; no                     ; no            ; 2         ; no              ; no         ; no            ; no       ; Off          ; 2.5 V        ; Default          ; Series 50 Ohm without Calibration ; --                        ; no                         ; no                          ; Fitter               ; -                    ; -                   ;
; PCPlus4W[12]    ; J18   ; 6        ; 78           ; 42           ; 14           ; no              ; no                     ; no            ; 2         ; no              ; no         ; no            ; no       ; Off          ; 2.5 V        ; Default          ; Series 50 Ohm without Calibration ; --                        ; no                         ; no                          ; Fitter               ; -                    ; -                   ;
; PCPlus4W[13]    ; R13   ; 4        ; 49           ; 0            ; 0            ; no              ; no                     ; no            ; 2         ; no              ; no         ; no            ; no       ; Off          ; 2.5 V        ; Default          ; Series 50 Ohm without Calibration ; --                        ; no                         ; no                          ; Fitter               ; -                    ; -                   ;
; PCPlus4W[14]    ; B5    ; 8        ; 26           ; 39           ; 28           ; no              ; no                     ; no            ; 2         ; no              ; no         ; no            ; no       ; Off          ; 2.5 V        ; Default          ; Series 50 Ohm without Calibration ; --                        ; no                         ; no                          ; Fitter               ; -                    ; -                   ;
; PCPlus4W[15]    ; AB19  ; 4        ; 56           ; 0            ; 7            ; no              ; no                     ; no            ; 2         ; no              ; no         ; no            ; no       ; Off          ; 2.5 V        ; Default          ; Series 50 Ohm without Calibration ; --                        ; no                         ; no                          ; Fitter               ; -                    ; -                   ;
; PCPlus4W[16]    ; C4    ; 8        ; 24           ; 39           ; 0            ; no              ; no                     ; no            ; 2         ; no              ; no         ; no            ; no       ; Off          ; 2.5 V        ; Default          ; Series 50 Ohm without Calibration ; --                        ; no                         ; no                          ; Fitter               ; -                    ; -                   ;
; PCPlus4W[17]    ; E8    ; 8        ; 24           ; 39           ; 7            ; no              ; no                     ; no            ; 2         ; no              ; no         ; no            ; no       ; Off          ; 2.5 V        ; Default          ; Series 50 Ohm without Calibration ; --                        ; no                         ; no                          ; Fitter               ; -                    ; -                   ;
; PCPlus4W[18]    ; P12   ; 4        ; 40           ; 0            ; 28           ; no              ; no                     ; no            ; 2         ; no              ; no         ; no            ; no       ; Off          ; 2.5 V        ; Default          ; Series 50 Ohm without Calibration ; --                        ; no                         ; no                          ; Fitter               ; -                    ; -                   ;
; PCPlus4W[19]    ; P13   ; 4        ; 51           ; 0            ; 28           ; no              ; no                     ; no            ; 2         ; no              ; no         ; no            ; no       ; Off          ; 2.5 V        ; Default          ; Series 50 Ohm without Calibration ; --                        ; no                         ; no                          ; Fitter               ; -                    ; -                   ;
; PCPlus4W[1]     ; W16   ; 4        ; 60           ; 0            ; 28           ; no              ; no                     ; no            ; 2         ; no              ; no         ; no            ; no       ; Off          ; 2.5 V        ; Default          ; Series 50 Ohm without Calibration ; --                        ; no                         ; no                          ; Fitter               ; -                    ; -                   ;
; PCPlus4W[20]    ; A15   ; 7        ; 58           ; 54           ; 0            ; no              ; no                     ; no            ; 2         ; no              ; no         ; no            ; no       ; Off          ; 2.5 V        ; Default          ; Series 50 Ohm without Calibration ; --                        ; no                         ; no                          ; Fitter               ; -                    ; -                   ;
; PCPlus4W[21]    ; J13   ; 7        ; 60           ; 54           ; 28           ; no              ; no                     ; no            ; 2         ; no              ; no         ; no            ; no       ; Off          ; 2.5 V        ; Default          ; Series 50 Ohm without Calibration ; --                        ; no                         ; no                          ; Fitter               ; -                    ; -                   ;
; PCPlus4W[22]    ; AB6   ; 3        ; 29           ; 0            ; 7            ; no              ; no                     ; no            ; 2         ; no              ; no         ; no            ; no       ; Off          ; 2.5 V        ; Default          ; Series 50 Ohm without Calibration ; --                        ; no                         ; no                          ; Fitter               ; -                    ; -                   ;
; PCPlus4W[23]    ; K14   ; 6        ; 78           ; 41           ; 22           ; no              ; no                     ; no            ; 2         ; no              ; no         ; no            ; no       ; Off          ; 2.5 V        ; Default          ; Series 50 Ohm without Calibration ; --                        ; no                         ; no                          ; Fitter               ; -                    ; -                   ;
; PCPlus4W[24]    ; H13   ; 7        ; 54           ; 54           ; 0            ; no              ; no                     ; no            ; 2         ; no              ; no         ; no            ; no       ; Off          ; 2.5 V        ; Default          ; Series 50 Ohm without Calibration ; --                        ; no                         ; no                          ; Fitter               ; -                    ; -                   ;
; PCPlus4W[25]    ; AA14  ; 4        ; 51           ; 0            ; 21           ; no              ; no                     ; no            ; 2         ; no              ; no         ; no            ; no       ; Off          ; 2.5 V        ; Default          ; Series 50 Ohm without Calibration ; --                        ; no                         ; no                          ; Fitter               ; -                    ; -                   ;
; PCPlus4W[26]    ; C2    ; 8        ; 20           ; 39           ; 14           ; no              ; no                     ; no            ; 2         ; no              ; no         ; no            ; no       ; Off          ; 2.5 V        ; Default          ; Series 50 Ohm without Calibration ; --                        ; no                         ; no                          ; Fitter               ; -                    ; -                   ;
; PCPlus4W[27]    ; G17   ; 6        ; 78           ; 49           ; 14           ; no              ; no                     ; no            ; 2         ; no              ; no         ; no            ; no       ; Off          ; 2.5 V        ; Default          ; Series 50 Ohm without Calibration ; --                        ; no                         ; no                          ; Fitter               ; -                    ; -                   ;
; PCPlus4W[28]    ; A12   ; 7        ; 54           ; 54           ; 21           ; no              ; no                     ; no            ; 2         ; no              ; no         ; no            ; no       ; Off          ; 2.5 V        ; Default          ; Series 50 Ohm without Calibration ; --                        ; no                         ; no                          ; Fitter               ; -                    ; -                   ;
; PCPlus4W[29]    ; D8    ; 8        ; 31           ; 39           ; 0            ; no              ; no                     ; no            ; 2         ; no              ; no         ; no            ; no       ; Off          ; 2.5 V        ; Default          ; Series 50 Ohm without Calibration ; --                        ; no                         ; no                          ; Fitter               ; -                    ; -                   ;
; PCPlus4W[2]     ; AB16  ; 4        ; 54           ; 0            ; 0            ; no              ; no                     ; no            ; 2         ; no              ; no         ; no            ; no       ; Off          ; 2.5 V        ; Default          ; Series 50 Ohm without Calibration ; --                        ; no                         ; no                          ; Fitter               ; -                    ; -                   ;
; PCPlus4W[30]    ; C16   ; 7        ; 62           ; 54           ; 28           ; no              ; no                     ; no            ; 2         ; no              ; no         ; no            ; no       ; Off          ; 2.5 V        ; Default          ; Series 50 Ohm without Calibration ; --                        ; no                         ; no                          ; Fitter               ; -                    ; -                   ;
; PCPlus4W[31]    ; Y21   ; 5        ; 78           ; 16           ; 0            ; no              ; no                     ; no            ; 2         ; no              ; no         ; no            ; no       ; Off          ; 2.5 V        ; Default          ; Series 50 Ohm without Calibration ; --                        ; no                         ; no                          ; Fitter               ; -                    ; -                   ;
; PCPlus4W[3]     ; A16   ; 7        ; 60           ; 54           ; 14           ; no              ; no                     ; no            ; 2         ; no              ; no         ; no            ; no       ; Off          ; 2.5 V        ; Default          ; Series 50 Ohm without Calibration ; --                        ; no                         ; no                          ; Fitter               ; -                    ; -                   ;
; PCPlus4W[4]     ; A5    ; 8        ; 31           ; 39           ; 14           ; no              ; no                     ; no            ; 2         ; no              ; no         ; no            ; no       ; Off          ; 2.5 V        ; Default          ; Series 50 Ohm without Calibration ; --                        ; no                         ; no                          ; Fitter               ; -                    ; -                   ;
; PCPlus4W[5]     ; B4    ; 8        ; 26           ; 39           ; 21           ; no              ; no                     ; no            ; 2         ; no              ; no         ; no            ; no       ; Off          ; 2.5 V        ; Default          ; Series 50 Ohm without Calibration ; --                        ; no                         ; no                          ; Fitter               ; -                    ; -                   ;
; PCPlus4W[6]     ; E1    ; 1B       ; 0            ; 27           ; 0            ; no              ; no                     ; no            ; 2         ; no              ; no         ; no            ; no       ; Off          ; 2.5 V        ; Default          ; Series 50 Ohm without Calibration ; --                        ; no                         ; no                          ; Fitter               ; -                    ; -                   ;
; PCPlus4W[7]     ; R1    ; 2        ; 0            ; 3            ; 0            ; no              ; no                     ; no            ; 2         ; no              ; no         ; no            ; no       ; Off          ; 2.5 V        ; Default          ; Series 50 Ohm without Calibration ; --                        ; no                         ; no                          ; Fitter               ; -                    ; -                   ;
; PCPlus4W[8]     ; AA3   ; 3        ; 26           ; 0            ; 28           ; no              ; no                     ; no            ; 2         ; no              ; no         ; no            ; no       ; Off          ; 2.5 V        ; Default          ; Series 50 Ohm without Calibration ; --                        ; no                         ; no                          ; Fitter               ; -                    ; -                   ;
; PCPlus4W[9]     ; V16   ; 4        ; 56           ; 0            ; 14           ; no              ; no                     ; no            ; 2         ; no              ; no         ; no            ; no       ; Off          ; 2.5 V        ; Default          ; Series 50 Ohm without Calibration ; --                        ; no                         ; no                          ; Fitter               ; -                    ; -                   ;
; RD_W[0]         ; AB3   ; 3        ; 22           ; 0            ; 7            ; no              ; no                     ; no            ; 2         ; no              ; no         ; no            ; no       ; Off          ; 2.5 V        ; Default          ; Series 50 Ohm without Calibration ; --                        ; no                         ; no                          ; Fitter               ; -                    ; -                   ;
; RD_W[1]         ; E13   ; 7        ; 56           ; 54           ; 14           ; no              ; no                     ; no            ; 2         ; no              ; no         ; no            ; no       ; Off          ; 2.5 V        ; Default          ; Series 50 Ohm without Calibration ; --                        ; no                         ; no                          ; Fitter               ; -                    ; -                   ;
; RD_W[2]         ; N2    ; 2        ; 0            ; 18           ; 7            ; no              ; no                     ; no            ; 2         ; no              ; no         ; no            ; no       ; Off          ; 2.5 V        ; Default          ; Series 50 Ohm without Calibration ; --                        ; no                         ; no                          ; Fitter               ; -                    ; -                   ;
; RD_W[3]         ; C3    ; 8        ; 20           ; 39           ; 7            ; no              ; no                     ; no            ; 2         ; no              ; no         ; no            ; no       ; Off          ; 2.5 V        ; Default          ; Series 50 Ohm without Calibration ; --                        ; no                         ; no                          ; Fitter               ; -                    ; -                   ;
; RD_W[4]         ; H14   ; 7        ; 60           ; 54           ; 21           ; no              ; no                     ; no            ; 2         ; no              ; no         ; no            ; no       ; Off          ; 2.5 V        ; Default          ; Series 50 Ohm without Calibration ; --                        ; no                         ; no                          ; Fitter               ; -                    ; -                   ;
; ReadDataW[0]    ; P21   ; 5        ; 78           ; 23           ; 7            ; no              ; no                     ; no            ; 2         ; no              ; no         ; no            ; no       ; Off          ; 2.5 V        ; Default          ; Series 50 Ohm without Calibration ; --                        ; no                         ; no                          ; Fitter               ; -                    ; -                   ;
; ReadDataW[10]   ; L14   ; 6        ; 78           ; 36           ; 22           ; no              ; no                     ; no            ; 2         ; no              ; no         ; no            ; no       ; Off          ; 2.5 V        ; Default          ; Series 50 Ohm without Calibration ; --                        ; no                         ; no                          ; Fitter               ; -                    ; -                   ;
; ReadDataW[11]   ; N21   ; 5        ; 78           ; 25           ; 7            ; no              ; no                     ; no            ; 2         ; no              ; no         ; no            ; no       ; Off          ; 2.5 V        ; Default          ; Series 50 Ohm without Calibration ; --                        ; no                         ; no                          ; Fitter               ; -                    ; -                   ;
; ReadDataW[12]   ; H22   ; 6        ; 78           ; 29           ; 7            ; no              ; no                     ; no            ; 2         ; no              ; no         ; no            ; no       ; Off          ; 2.5 V        ; Default          ; Series 50 Ohm without Calibration ; --                        ; no                         ; no                          ; Fitter               ; -                    ; -                   ;
; ReadDataW[13]   ; Y19   ; 4        ; 62           ; 0            ; 14           ; no              ; no                     ; no            ; 2         ; no              ; no         ; no            ; no       ; Off          ; 2.5 V        ; Default          ; Series 50 Ohm without Calibration ; --                        ; no                         ; no                          ; Fitter               ; -                    ; -                   ;
; ReadDataW[14]   ; F18   ; 6        ; 78           ; 40           ; 14           ; no              ; no                     ; no            ; 2         ; no              ; no         ; no            ; no       ; Off          ; 2.5 V        ; Default          ; Series 50 Ohm without Calibration ; --                        ; no                         ; no                          ; Fitter               ; -                    ; -                   ;
; ReadDataW[15]   ; T20   ; 5        ; 78           ; 20           ; 7            ; no              ; no                     ; no            ; 2         ; no              ; no         ; no            ; no       ; Off          ; 2.5 V        ; Default          ; Series 50 Ohm without Calibration ; --                        ; no                         ; no                          ; Fitter               ; -                    ; -                   ;
; ReadDataW[16]   ; J15   ; 6        ; 78           ; 44           ; 14           ; no              ; no                     ; no            ; 2         ; no              ; no         ; no            ; no       ; Off          ; 2.5 V        ; Default          ; Series 50 Ohm without Calibration ; --                        ; no                         ; no                          ; Fitter               ; -                    ; -                   ;
; ReadDataW[17]   ; J14   ; 6        ; 78           ; 44           ; 22           ; no              ; no                     ; no            ; 2         ; no              ; no         ; no            ; no       ; Off          ; 2.5 V        ; Default          ; Series 50 Ohm without Calibration ; --                        ; no                         ; no                          ; Fitter               ; -                    ; -                   ;
; ReadDataW[18]   ; E19   ; 6        ; 78           ; 40           ; 21           ; no              ; no                     ; no            ; 2         ; no              ; no         ; no            ; no       ; Off          ; 2.5 V        ; Default          ; Series 50 Ohm without Calibration ; --                        ; no                         ; no                          ; Fitter               ; -                    ; -                   ;
; ReadDataW[19]   ; D22   ; 6        ; 78           ; 35           ; 7            ; no              ; no                     ; no            ; 2         ; no              ; no         ; no            ; no       ; Off          ; 2.5 V        ; Default          ; Series 50 Ohm without Calibration ; --                        ; no                         ; no                          ; Fitter               ; -                    ; -                   ;
; ReadDataW[1]    ; V21   ; 5        ; 78           ; 17           ; 7            ; no              ; no                     ; no            ; 2         ; no              ; no         ; no            ; no       ; Off          ; 2.5 V        ; Default          ; Series 50 Ohm without Calibration ; --                        ; no                         ; no                          ; Fitter               ; -                    ; -                   ;
; ReadDataW[20]   ; B21   ; 6        ; 78           ; 43           ; 0            ; no              ; no                     ; no            ; 2         ; no              ; no         ; no            ; no       ; Off          ; 2.5 V        ; Default          ; Series 50 Ohm without Calibration ; --                        ; no                         ; no                          ; Fitter               ; -                    ; -                   ;
; ReadDataW[21]   ; B22   ; 6        ; 78           ; 43           ; 7            ; no              ; no                     ; no            ; 2         ; no              ; no         ; no            ; no       ; Off          ; 2.5 V        ; Default          ; Series 50 Ohm without Calibration ; --                        ; no                         ; no                          ; Fitter               ; -                    ; -                   ;
; ReadDataW[22]   ; K15   ; 6        ; 78           ; 41           ; 14           ; no              ; no                     ; no            ; 2         ; no              ; no         ; no            ; no       ; Off          ; 2.5 V        ; Default          ; Series 50 Ohm without Calibration ; --                        ; no                         ; no                          ; Fitter               ; -                    ; -                   ;
; ReadDataW[23]   ; F17   ; 6        ; 78           ; 43           ; 21           ; no              ; no                     ; no            ; 2         ; no              ; no         ; no            ; no       ; Off          ; 2.5 V        ; Default          ; Series 50 Ohm without Calibration ; --                        ; no                         ; no                          ; Fitter               ; -                    ; -                   ;
; ReadDataW[24]   ; F21   ; 6        ; 78           ; 35           ; 21           ; no              ; no                     ; no            ; 2         ; no              ; no         ; no            ; no       ; Off          ; 2.5 V        ; Default          ; Series 50 Ohm without Calibration ; --                        ; no                         ; no                          ; Fitter               ; -                    ; -                   ;
; ReadDataW[25]   ; L18   ; 6        ; 78           ; 37           ; 14           ; no              ; no                     ; no            ; 2         ; no              ; no         ; no            ; no       ; Off          ; 2.5 V        ; Default          ; Series 50 Ohm without Calibration ; --                        ; no                         ; no                          ; Fitter               ; -                    ; -                   ;
; ReadDataW[26]   ; B17   ; 7        ; 69           ; 54           ; 28           ; no              ; no                     ; no            ; 2         ; no              ; no         ; no            ; no       ; Off          ; 2.5 V        ; Default          ; Series 50 Ohm without Calibration ; --                        ; no                         ; no                          ; Fitter               ; -                    ; -                   ;
; ReadDataW[27]   ; R22   ; 5        ; 78           ; 21           ; 7            ; no              ; no                     ; no            ; 2         ; no              ; no         ; no            ; no       ; Off          ; 2.5 V        ; Default          ; Series 50 Ohm without Calibration ; --                        ; no                         ; no                          ; Fitter               ; -                    ; -                   ;
; ReadDataW[28]   ; W22   ; 5        ; 78           ; 15           ; 0            ; no              ; no                     ; no            ; 2         ; no              ; no         ; no            ; no       ; Off          ; 2.5 V        ; Default          ; Series 50 Ohm without Calibration ; --                        ; no                         ; no                          ; Fitter               ; -                    ; -                   ;
; ReadDataW[29]   ; E11   ; 8        ; 36           ; 39           ; 14           ; no              ; no                     ; no            ; 2         ; no              ; no         ; no            ; no       ; Off          ; 2.5 V        ; Default          ; Series 50 Ohm without Calibration ; --                        ; no                         ; no                          ; Fitter               ; -                    ; -                   ;
; ReadDataW[2]    ; G22   ; 6        ; 78           ; 31           ; 7            ; no              ; no                     ; no            ; 2         ; no              ; no         ; no            ; no       ; Off          ; 2.5 V        ; Default          ; Series 50 Ohm without Calibration ; --                        ; no                         ; no                          ; Fitter               ; -                    ; -                   ;
; ReadDataW[30]   ; K21   ; 6        ; 78           ; 30           ; 14           ; no              ; no                     ; no            ; 2         ; no              ; no         ; no            ; no       ; Off          ; 2.5 V        ; Default          ; Series 50 Ohm without Calibration ; --                        ; no                         ; no                          ; Fitter               ; -                    ; -                   ;
; ReadDataW[31]   ; N14   ; 6        ; 78           ; 29           ; 21           ; no              ; no                     ; no            ; 2         ; no              ; no         ; no            ; no       ; Off          ; 2.5 V        ; Default          ; Series 50 Ohm without Calibration ; --                        ; no                         ; no                          ; Fitter               ; -                    ; -                   ;
; ReadDataW[3]    ; AB17  ; 4        ; 69           ; 0            ; 21           ; no              ; no                     ; no            ; 2         ; no              ; no         ; no            ; no       ; Off          ; 2.5 V        ; Default          ; Series 50 Ohm without Calibration ; --                        ; no                         ; no                          ; Fitter               ; -                    ; -                   ;
; ReadDataW[4]    ; R20   ; 5        ; 78           ; 20           ; 0            ; no              ; no                     ; no            ; 2         ; no              ; no         ; no            ; no       ; Off          ; 2.5 V        ; Default          ; Series 50 Ohm without Calibration ; --                        ; no                         ; no                          ; Fitter               ; -                    ; -                   ;
; ReadDataW[5]    ; G20   ; 6        ; 78           ; 31           ; 21           ; no              ; no                     ; no            ; 2         ; no              ; no         ; no            ; no       ; Off          ; 2.5 V        ; Default          ; Series 50 Ohm without Calibration ; --                        ; no                         ; no                          ; Fitter               ; -                    ; -                   ;
; ReadDataW[6]    ; T21   ; 5        ; 78           ; 18           ; 7            ; no              ; no                     ; no            ; 2         ; no              ; no         ; no            ; no       ; Off          ; 2.5 V        ; Default          ; Series 50 Ohm without Calibration ; --                        ; no                         ; no                          ; Fitter               ; -                    ; -                   ;
; ReadDataW[7]    ; L22   ; 5        ; 78           ; 25           ; 14           ; no              ; no                     ; no            ; 2         ; no              ; no         ; no            ; no       ; Off          ; 2.5 V        ; Default          ; Series 50 Ohm without Calibration ; --                        ; no                         ; no                          ; Fitter               ; -                    ; -                   ;
; ReadDataW[8]    ; W19   ; 5        ; 78           ; 16           ; 22           ; no              ; no                     ; no            ; 2         ; no              ; no         ; no            ; no       ; Off          ; 2.5 V        ; Default          ; Series 50 Ohm without Calibration ; --                        ; no                         ; no                          ; Fitter               ; -                    ; -                   ;
; ReadDataW[9]    ; W17   ; 4        ; 69           ; 0            ; 7            ; no              ; no                     ; no            ; 2         ; no              ; no         ; no            ; no       ; Off          ; 2.5 V        ; Default          ; Series 50 Ohm without Calibration ; --                        ; no                         ; no                          ; Fitter               ; -                    ; -                   ;
; RegWriteW       ; J1    ; 1B       ; 0            ; 26           ; 21           ; no              ; no                     ; no            ; 2         ; no              ; no         ; no            ; no       ; Off          ; 2.5 V        ; Default          ; Series 50 Ohm without Calibration ; --                        ; no                         ; no                          ; Fitter               ; -                    ; -                   ;
; ResultSrcW[0]   ; P3    ; 2        ; 0            ; 16           ; 14           ; no              ; no                     ; no            ; 2         ; no              ; no         ; no            ; no       ; Off          ; 2.5 V        ; Default          ; Series 50 Ohm without Calibration ; --                        ; no                         ; no                          ; Fitter               ; -                    ; -                   ;
; ResultSrcW[1]   ; U7    ; 3        ; 16           ; 0            ; 0            ; no              ; no                     ; no            ; 2         ; no              ; no         ; no            ; no       ; Off          ; 2.5 V        ; Default          ; Series 50 Ohm without Calibration ; --                        ; no                         ; no                          ; Fitter               ; -                    ; -                   ;
+-----------------+-------+----------+--------------+--------------+--------------+-----------------+------------------------+---------------+-----------+-----------------+------------+---------------+----------+--------------+--------------+------------------+-----------------------------------+---------------------------+----------------------------+-----------------------------+----------------------+----------------------+---------------------+


+-----------------------------------------------------------------------------------------------------------------------------------------+
; Dual Purpose and Dedicated Pins                                                                                                         ;
+----------+----------------------------------------------------+--------------------------------+---------------------+------------------+
; Location ; Pin Name                                           ; Reserved As                    ; User Signal Name    ; Pin Type         ;
+----------+----------------------------------------------------+--------------------------------+---------------------+------------------+
; H2       ; DIFFIO_RX_L17n, DIFFOUT_L17n, TMS, Low_Speed       ; Reserved as secondary function ; ~ALTERA_TMS~        ; Dual Purpose Pin ;
; G2       ; DIFFIO_RX_L17p, DIFFOUT_L17p, TCK, Low_Speed       ; Reserved as secondary function ; ~ALTERA_TCK~        ; Dual Purpose Pin ;
; L4       ; DIFFIO_RX_L18n, DIFFOUT_L18n, TDI, Low_Speed       ; Reserved as secondary function ; ~ALTERA_TDI~        ; Dual Purpose Pin ;
; M5       ; DIFFIO_RX_L18p, DIFFOUT_L18p, TDO, Low_Speed       ; Reserved as secondary function ; ~ALTERA_TDO~        ; Dual Purpose Pin ;
; D9       ; DIFFIO_RX_T42n, DIFFOUT_T42n, DEV_CLRn, Low_Speed  ; Use as regular IO              ; ALU_ResultM[14]     ; Dual Purpose Pin ;
; D10      ; DIFFIO_RX_T44p, DIFFOUT_T44p, DEV_OE, Low_Speed    ; Use as regular IO              ; PCPlus4M[4]         ; Dual Purpose Pin ;
; H10      ; CONFIG_SEL, Low_Speed                              ; Reserved as secondary function ; ~ALTERA_CONFIG_SEL~ ; Dual Purpose Pin ;
; H9       ; nCONFIG, Low_Speed                                 ; Reserved as secondary function ; ~ALTERA_nCONFIG~    ; Dual Purpose Pin ;
; G9       ; DIFFIO_RX_T50p, DIFFOUT_T50p, nSTATUS, Low_Speed   ; Reserved as secondary function ; ~ALTERA_nSTATUS~    ; Dual Purpose Pin ;
; F8       ; DIFFIO_RX_T50n, DIFFOUT_T50n, CONF_DONE, Low_Speed ; Reserved as secondary function ; ~ALTERA_CONF_DONE~  ; Dual Purpose Pin ;
+----------+----------------------------------------------------+--------------------------------+---------------------+------------------+


+------------------------------------------------------------+
; I/O Bank Usage                                             ;
+----------+------------------+---------------+--------------+
; I/O Bank ; Usage            ; VCCIO Voltage ; VREF Voltage ;
+----------+------------------+---------------+--------------+
; 1A       ; 0 / 16 ( 0 % )   ; 2.5V          ; --           ;
; 1B       ; 8 / 24 ( 33 % )  ; 2.5V          ; --           ;
; 2        ; 12 / 36 ( 33 % ) ; 2.5V          ; --           ;
; 3        ; 20 / 48 ( 42 % ) ; 2.5V          ; --           ;
; 4        ; 31 / 48 ( 65 % ) ; 2.5V          ; --           ;
; 5        ; 36 / 40 ( 90 % ) ; 2.5V          ; --           ;
; 6        ; 58 / 60 ( 97 % ) ; 2.5V          ; --           ;
; 7        ; 28 / 52 ( 54 % ) ; 2.5V          ; --           ;
; 8        ; 27 / 36 ( 75 % ) ; 2.5V          ; --           ;
+----------+------------------+---------------+--------------+


+---------------------------------------------------------------------------------------------------------------------------------------------------------------------------------------+
; All Package Pins                                                                                                                                                                      ;
+----------+------------+----------+------------------------------------------------+--------+-----------------------+---------+------------+-----------------+----------+--------------+
; Location ; Pad Number ; I/O Bank ; Pin Name/Usage                                 ; Dir.   ; I/O Standard          ; Voltage ; I/O Type   ; User Assignment ; Bus Hold ; Weak Pull Up ;
+----------+------------+----------+------------------------------------------------+--------+-----------------------+---------+------------+-----------------+----------+--------------+
; A1       ;            ;          ; GND                                            ; gnd    ;                       ;         ; --         ;                 ; --       ; --           ;
; A2       ; 481        ; 8        ; PCPlus4M[5]                                    ; input  ; 2.5 V                 ;         ; Column I/O ; N               ; no       ; Off          ;
; A3       ; 483        ; 8        ; PCPlus4M[14]                                   ; input  ; 2.5 V                 ;         ; Column I/O ; N               ; no       ; Off          ;
; A4       ; 475        ; 8        ; ALU_ResultW[14]                                ; output ; 2.5 V                 ;         ; Column I/O ; N               ; no       ; Off          ;
; A5       ; 473        ; 8        ; PCPlus4W[4]                                    ; output ; 2.5 V                 ;         ; Column I/O ; N               ; no       ; Off          ;
; A6       ; 471        ; 8        ; RESERVED_INPUT_WITH_WEAK_PULLUP                ;        ;                       ;         ; Column I/O ;                 ; no       ; On           ;
; A7       ; 445        ; 7        ; RESERVED_INPUT_WITH_WEAK_PULLUP                ;        ;                       ;         ; Column I/O ;                 ; no       ; On           ;
; A8       ; 447        ; 7        ; RESERVED_INPUT_WITH_WEAK_PULLUP                ;        ;                       ;         ; Column I/O ;                 ; no       ; On           ;
; A9       ; 449        ; 7        ; RESERVED_INPUT_WITH_WEAK_PULLUP                ;        ;                       ;         ; Column I/O ;                 ; no       ; On           ;
; A10      ; 439        ; 7        ; RESERVED_INPUT_WITH_WEAK_PULLUP                ;        ;                       ;         ; Column I/O ;                 ; no       ; On           ;
; A11      ; 437        ; 7        ; RESERVED_INPUT_WITH_WEAK_PULLUP                ;        ;                       ;         ; Column I/O ;                 ; no       ; On           ;
; A12      ; 435        ; 7        ; PCPlus4W[28]                                   ; output ; 2.5 V                 ;         ; Column I/O ; N               ; no       ; Off          ;
; A13      ; 433        ; 7        ; PCPlus4M[24]                                   ; input  ; 2.5 V                 ;         ; Column I/O ; N               ; no       ; Off          ;
; A14      ; 425        ; 7        ; ALU_ResultW[31]                                ; output ; 2.5 V                 ;         ; Column I/O ; N               ; no       ; Off          ;
; A15      ; 421        ; 7        ; PCPlus4W[20]                                   ; output ; 2.5 V                 ;         ; Column I/O ; N               ; no       ; Off          ;
; A16      ; 419        ; 7        ; PCPlus4W[3]                                    ; output ; 2.5 V                 ;         ; Column I/O ; N               ; no       ; Off          ;
; A17      ; 407        ; 7        ; PCPlus4M[30]                                   ; input  ; 2.5 V                 ;         ; Column I/O ; N               ; no       ; Off          ;
; A18      ; 405        ; 7        ; RESERVED_INPUT_WITH_WEAK_PULLUP                ;        ;                       ;         ; Column I/O ;                 ; no       ; On           ;
; A19      ; 403        ; 7        ; RESERVED_INPUT_WITH_WEAK_PULLUP                ;        ;                       ;         ; Column I/O ;                 ; no       ; On           ;
; A20      ; 401        ; 7        ; RESERVED_INPUT_WITH_WEAK_PULLUP                ;        ;                       ;         ; Column I/O ;                 ; no       ; On           ;
; A21      ; 371        ; 6        ; RESERVED_INPUT_WITH_WEAK_PULLUP                ;        ;                       ;         ; Row I/O    ;                 ; no       ; On           ;
; A22      ;            ;          ; GND                                            ; gnd    ;                       ;         ; --         ;                 ; --       ; --           ;
; AA1      ; 133        ; 3        ; RESERVED_INPUT_WITH_WEAK_PULLUP                ;        ;                       ;         ; Column I/O ;                 ; no       ; On           ;
; AA2      ; 135        ; 3        ; RESERVED_INPUT_WITH_WEAK_PULLUP                ;        ;                       ;         ; Column I/O ;                 ; no       ; On           ;
; AA3      ; 153        ; 3        ; PCPlus4W[8]                                    ; output ; 2.5 V                 ;         ; Column I/O ; N               ; no       ; Off          ;
; AA4      ;            ;          ; GND                                            ; gnd    ;                       ;         ; --         ;                 ; --       ; --           ;
; AA5      ; 157        ; 3        ; RESERVED_INPUT_WITH_WEAK_PULLUP                ;        ;                       ;         ; Column I/O ;                 ; no       ; On           ;
; AA6      ; 156        ; 3        ; RESERVED_INPUT_WITH_WEAK_PULLUP                ;        ;                       ;         ; Column I/O ;                 ; no       ; On           ;
; AA7      ; 158        ; 3        ; ALU_ResultW[23]                                ; output ; 2.5 V                 ;         ; Column I/O ; N               ; no       ; Off          ;
; AA8      ; 165        ; 3        ; ALU_ResultW[1]                                 ; output ; 2.5 V                 ;         ; Column I/O ; N               ; no       ; Off          ;
; AA9      ; 169        ; 3        ; ALU_ResultM[1]                                 ; input  ; 2.5 V                 ;         ; Column I/O ; N               ; no       ; Off          ;
; AA10     ; 170        ; 3        ; RESERVED_INPUT_WITH_WEAK_PULLUP                ;        ;                       ;         ; Column I/O ;                 ; no       ; On           ;
; AA11     ; 180        ; 4        ; ALU_ResultW[20]                                ; output ; 2.5 V                 ;         ; Column I/O ; N               ; no       ; Off          ;
; AA12     ; 182        ; 4        ; ALU_ResultM[20]                                ; input  ; 2.5 V                 ;         ; Column I/O ; N               ; no       ; Off          ;
; AA13     ; 197        ; 4        ; PCPlus4M[13]                                   ; input  ; 2.5 V                 ;         ; Column I/O ; N               ; no       ; Off          ;
; AA14     ; 201        ; 4        ; PCPlus4W[25]                                   ; output ; 2.5 V                 ;         ; Column I/O ; N               ; no       ; Off          ;
; AA15     ; 205        ; 4        ; PCPlus4M[2]                                    ; input  ; 2.5 V                 ;         ; Column I/O ; N               ; no       ; Off          ;
; AA16     ; 211        ; 4        ; ALU_ResultM[27]                                ; input  ; 2.5 V                 ;         ; Column I/O ; N               ; no       ; Off          ;
; AA17     ; 212        ; 4        ; RESERVED_INPUT_WITH_WEAK_PULLUP                ;        ;                       ;         ; Column I/O ;                 ; no       ; On           ;
; AA18     ;            ;          ; GND                                            ; gnd    ;                       ;         ; --         ;                 ; --       ; --           ;
; AA19     ; 217        ; 4        ; RESERVED_INPUT_WITH_WEAK_PULLUP                ;        ;                       ;         ; Column I/O ;                 ; no       ; On           ;
; AA20     ; 227        ; 4        ; RESERVED_INPUT_WITH_WEAK_PULLUP                ;        ;                       ;         ; Column I/O ;                 ; no       ; On           ;
; AA21     ; 245        ; 5        ; RESERVED_INPUT_WITH_WEAK_PULLUP                ;        ;                       ;         ; Row I/O    ;                 ; no       ; On           ;
; AA22     ; 247        ; 5        ; RESERVED_INPUT_WITH_WEAK_PULLUP                ;        ;                       ;         ; Row I/O    ;                 ; no       ; On           ;
; AB1      ;            ;          ; GND                                            ; gnd    ;                       ;         ; --         ;                 ; --       ; --           ;
; AB2      ; 145        ; 3        ; RESERVED_INPUT_WITH_WEAK_PULLUP                ;        ;                       ;         ; Column I/O ;                 ; no       ; On           ;
; AB3      ; 147        ; 3        ; RD_W[0]                                        ; output ; 2.5 V                 ;         ; Column I/O ; N               ; no       ; Off          ;
; AB4      ; 155        ; 3        ; ALU_ResultM[28]                                ; input  ; 2.5 V                 ;         ; Column I/O ; N               ; no       ; Off          ;
; AB5      ; 159        ; 3        ; RESERVED_INPUT_WITH_WEAK_PULLUP                ;        ;                       ;         ; Column I/O ;                 ; no       ; On           ;
; AB6      ; 161        ; 3        ; PCPlus4W[22]                                   ; output ; 2.5 V                 ;         ; Column I/O ; N               ; no       ; Off          ;
; AB7      ; 163        ; 3        ; ALU_ResultM[23]                                ; input  ; 2.5 V                 ;         ; Column I/O ; N               ; no       ; Off          ;
; AB8      ; 167        ; 3        ; PCPlus4M[22]                                   ; input  ; 2.5 V                 ;         ; Column I/O ; N               ; no       ; Off          ;
; AB9      ; 171        ; 3        ; RESERVED_INPUT_WITH_WEAK_PULLUP                ;        ;                       ;         ; Column I/O ;                 ; no       ; On           ;
; AB10     ; 177        ; 4        ; PCPlus4M[11]                                   ; input  ; 2.5 V                 ;         ; Column I/O ; N               ; no       ; Off          ;
; AB11     ; 179        ; 4        ; RESERVED_INPUT_WITH_WEAK_PULLUP                ;        ;                       ;         ; Column I/O ;                 ; no       ; On           ;
; AB12     ; 181        ; 4        ; ALU_ResultW[15]                                ; output ; 2.5 V                 ;         ; Column I/O ; N               ; no       ; Off          ;
; AB13     ; 183        ; 4        ; ALU_ResultM[15]                                ; input  ; 2.5 V                 ;         ; Column I/O ; N               ; no       ; Off          ;
; AB14     ; 199        ; 4        ; RESERVED_INPUT_WITH_WEAK_PULLUP                ;        ;                       ;         ; Column I/O ;                 ; no       ; On           ;
; AB15     ; 203        ; 4        ; ALU_ResultW[12]                                ; output ; 2.5 V                 ;         ; Column I/O ; N               ; no       ; Off          ;
; AB16     ; 209        ; 4        ; PCPlus4W[2]                                    ; output ; 2.5 V                 ;         ; Column I/O ; N               ; no       ; Off          ;
; AB17     ; 241        ; 4        ; ReadDataW[3]                                   ; output ; 2.5 V                 ;         ; Column I/O ; N               ; no       ; Off          ;
; AB18     ; 243        ; 4        ; WriteDataM[2]                                  ; input  ; 2.5 V                 ;         ; Column I/O ; N               ; no       ; Off          ;
; AB19     ; 213        ; 4        ; PCPlus4W[15]                                   ; output ; 2.5 V                 ;         ; Column I/O ; N               ; no       ; Off          ;
; AB20     ; 215        ; 4        ; PCPlus4M[9]                                    ; input  ; 2.5 V                 ;         ; Column I/O ; N               ; no       ; Off          ;
; AB21     ; 225        ; 4        ; RESERVED_INPUT_WITH_WEAK_PULLUP                ;        ;                       ;         ; Column I/O ;                 ; no       ; On           ;
; AB22     ;            ;          ; GND                                            ; gnd    ;                       ;         ; --         ;                 ; --       ; --           ;
; B1       ; 495        ; 8        ; PCPlus4M[26]                                   ; input  ; 2.5 V                 ;         ; Column I/O ; N               ; no       ; Off          ;
; B2       ; 493        ; 8        ; RD_M[3]                                        ; input  ; 2.5 V                 ;         ; Column I/O ; N               ; no       ; Off          ;
; B3       ; 484        ; 8        ; PCPlus4M[17]                                   ; input  ; 2.5 V                 ;         ; Column I/O ; N               ; no       ; Off          ;
; B4       ; 486        ; 8        ; PCPlus4W[5]                                    ; output ; 2.5 V                 ;         ; Column I/O ; N               ; no       ; Off          ;
; B5       ; 485        ; 8        ; PCPlus4W[14]                                   ; output ; 2.5 V                 ;         ; Column I/O ; N               ; no       ; Off          ;
; B6       ;            ;          ; GND                                            ; gnd    ;                       ;         ; --         ;                 ; --       ; --           ;
; B7       ; 469        ; 8        ; RESERVED_INPUT_WITH_WEAK_PULLUP                ;        ;                       ;         ; Column I/O ;                 ; no       ; On           ;
; B8       ; 451        ; 7        ; ALU_ResultM[18]                                ; input  ; 2.5 V                 ;         ; Column I/O ; N               ; no       ; Off          ;
; B9       ;            ;          ; GND                                            ; gnd    ;                       ;         ; --         ;                 ; --       ; --           ;
; B10      ; 448        ; 7        ; RESERVED_INPUT_WITH_WEAK_PULLUP                ;        ;                       ;         ; Column I/O ;                 ; no       ; On           ;
; B11      ; 443        ; 7        ; RESERVED_INPUT_WITH_WEAK_PULLUP                ;        ;                       ;         ; Column I/O ;                 ; no       ; On           ;
; B12      ; 441        ; 7        ; ALU_ResultW[22]                                ; output ; 2.5 V                 ;         ; Column I/O ; N               ; no       ; Off          ;
; B13      ;            ;          ; GND                                            ; gnd    ;                       ;         ; --         ;                 ; --       ; --           ;
; B14      ; 427        ; 7        ; ALU_ResultM[26]                                ; input  ; 2.5 V                 ;         ; Column I/O ; N               ; no       ; Off          ;
; B15      ; 423        ; 7        ; ALU_ResultM[31]                                ; input  ; 2.5 V                 ;         ; Column I/O ; N               ; no       ; Off          ;
; B16      ; 417        ; 7        ; PCPlus4M[21]                                   ; input  ; 2.5 V                 ;         ; Column I/O ; N               ; no       ; Off          ;
; B17      ; 402        ; 7        ; ReadDataW[26]                                  ; output ; 2.5 V                 ;         ; Column I/O ; N               ; no       ; Off          ;
; B18      ;            ;          ; GND                                            ; gnd    ;                       ;         ; --         ;                 ; --       ; --           ;
; B19      ; 399        ; 7        ; RESERVED_INPUT_WITH_WEAK_PULLUP                ;        ;                       ;         ; Column I/O ;                 ; no       ; On           ;
; B20      ; 369        ; 6        ; ALU_ResultW[11]                                ; output ; 2.5 V                 ;         ; Row I/O    ; N               ; no       ; Off          ;
; B21      ; 367        ; 6        ; ReadDataW[20]                                  ; output ; 2.5 V                 ;         ; Row I/O    ; N               ; no       ; Off          ;
; B22      ; 365        ; 6        ; ReadDataW[21]                                  ; output ; 2.5 V                 ;         ; Row I/O    ; N               ; no       ; Off          ;
; C1       ; 33         ; 1B       ; RESERVED_INPUT_WITH_WEAK_PULLUP                ;        ;                       ;         ; Row I/O    ;                 ; --       ; --           ;
; C2       ; 499        ; 8        ; PCPlus4W[26]                                   ; output ; 2.5 V                 ;         ; Column I/O ; N               ; no       ; Off          ;
; C3       ; 497        ; 8        ; RD_W[3]                                        ; output ; 2.5 V                 ;         ; Column I/O ; N               ; no       ; Off          ;
; C4       ; 487        ; 8        ; PCPlus4W[16]                                   ; output ; 2.5 V                 ;         ; Column I/O ; N               ; no       ; Off          ;
; C5       ; 489        ; 8        ; PCPlus4M[16]                                   ; input  ; 2.5 V                 ;         ; Column I/O ; N               ; no       ; Off          ;
; C6       ; 477        ; 8        ; RESERVED_INPUT_WITH_WEAK_PULLUP                ;        ;                       ;         ; Column I/O ;                 ; no       ; On           ;
; C7       ; 467        ; 8        ; ALU_ResultW[4]                                 ; output ; 2.5 V                 ;         ; Column I/O ; N               ; no       ; Off          ;
; C8       ; 465        ; 8        ; RESERVED_INPUT_WITH_WEAK_PULLUP                ;        ;                       ;         ; Column I/O ;                 ; no       ; On           ;
; C9       ; 450        ; 7        ; ALU_ResultW[18]                                ; output ; 2.5 V                 ;         ; Column I/O ; N               ; no       ; Off          ;
; C10      ; 442        ; 7        ; RESERVED_INPUT_WITH_WEAK_PULLUP                ;        ;                       ;         ; Column I/O ;                 ; no       ; On           ;
; C11      ; 440        ; 7        ; ALU_ResultM[22]                                ; input  ; 2.5 V                 ;         ; Column I/O ; N               ; no       ; Off          ;
; C12      ; 436        ; 7        ; PCPlus4M[3]                                    ; input  ; 2.5 V                 ;         ; Column I/O ; N               ; no       ; Off          ;
; C13      ; 426        ; 7        ; PCPlus4M[20]                                   ; input  ; 2.5 V                 ;         ; Column I/O ; N               ; no       ; Off          ;
; C14      ; 424        ; 7        ; RD_M[4]                                        ; input  ; 2.5 V                 ;         ; Column I/O ; N               ; no       ; Off          ;
; C15      ; 418        ; 7        ; RESERVED_INPUT_WITH_WEAK_PULLUP                ;        ;                       ;         ; Column I/O ;                 ; no       ; On           ;
; C16      ; 416        ; 7        ; PCPlus4W[30]                                   ; output ; 2.5 V                 ;         ; Column I/O ; N               ; no       ; Off          ;
; C17      ; 391        ; 7        ; RESERVED_INPUT_WITH_WEAK_PULLUP                ;        ;                       ;         ; Column I/O ;                 ; no       ; On           ;
; C18      ; 400        ; 7        ; WriteDataM[11]                                 ; input  ; 2.5 V                 ;         ; Column I/O ; N               ; no       ; Off          ;
; C19      ; 397        ; 7        ; RESERVED_INPUT_WITH_WEAK_PULLUP                ;        ;                       ;         ; Column I/O ;                 ; no       ; On           ;
; C20      ; 357        ; 6        ; ALU_ResultW[6]                                 ; output ; 2.5 V                 ;         ; Row I/O    ; N               ; no       ; Off          ;
; C21      ; 347        ; 6        ; ALU_ResultW[9]                                 ; output ; 2.5 V                 ;         ; Row I/O    ; N               ; no       ; Off          ;
; C22      ; 343        ; 6        ; WriteDataM[18]                                 ; input  ; 2.5 V                 ;         ; Row I/O    ; N               ; no       ; Off          ;
; D1       ; 35         ; 1B       ; RESERVED_INPUT_WITH_WEAK_PULLUP                ;        ;                       ;         ; Row I/O    ;                 ; no       ; On           ;
; D2       ; 31         ; 1B       ; RESERVED_INPUT_WITH_WEAK_PULLUP                ;        ;                       ;         ; Row I/O    ;                 ; no       ; On           ;
; D3       ; 29         ; 1B       ; RESERVED_INPUT_WITH_WEAK_PULLUP                ;        ;                       ;         ; Row I/O    ;                 ; no       ; On           ;
; D4       ;            ;          ; GND                                            ; gnd    ;                       ;         ; --         ;                 ; --       ; --           ;
; D5       ; 491        ; 8        ; RESERVED_INPUT_WITH_WEAK_PULLUP                ;        ;                       ;         ; Column I/O ;                 ; no       ; On           ;
; D6       ; 496        ; 8        ; ALU_ResultW[0]                                 ; output ; 2.5 V                 ;         ; Column I/O ; N               ; no       ; Off          ;
; D7       ; 479        ; 8        ; RESERVED_INPUT_WITH_WEAK_PULLUP                ;        ;                       ;         ; Column I/O ;                 ; --       ; --           ;
; D8       ; 472        ; 8        ; PCPlus4W[29]                                   ; output ; 2.5 V                 ;         ; Column I/O ; N               ; no       ; Off          ;
; D9       ; 474        ; 8        ; ALU_ResultM[14]                                ; input  ; 2.5 V                 ;         ; Column I/O ; N               ; no       ; Off          ;
; D10      ; 476        ; 8        ; PCPlus4M[4]                                    ; input  ; 2.5 V                 ;         ; Column I/O ; N               ; no       ; Off          ;
; D11      ;            ;          ; GND                                            ; gnd    ;                       ;         ; --         ;                 ; --       ; --           ;
; D12      ; 438        ; 7        ; RESERVED_INPUT_WITH_WEAK_PULLUP                ;        ;                       ;         ; Column I/O ;                 ; no       ; On           ;
; D13      ; 431        ; 7        ; ALU_ResultW[26]                                ; output ; 2.5 V                 ;         ; Column I/O ; N               ; no       ; Off          ;
; D14      ; 428        ; 7        ; RD_M[1]                                        ; input  ; 2.5 V                 ;         ; Column I/O ; N               ; no       ; Off          ;
; D15      ; 404        ; 7        ; WriteDataM[26]                                 ; input  ; 2.5 V                 ;         ; Column I/O ; N               ; no       ; Off          ;
; D16      ;            ;          ; GND                                            ; gnd    ;                       ;         ; --         ;                 ; --       ; --           ;
; D17      ; 389        ; 7        ; RESERVED_INPUT_WITH_WEAK_PULLUP                ;        ;                       ;         ; Column I/O ;                 ; no       ; On           ;
; D18      ; 385        ; 6        ; ALU_ResultM[30]                                ; input  ; 2.5 V                 ;         ; Row I/O    ; N               ; no       ; Off          ;
; D19      ; 359        ; 6        ; WriteDataM[24]                                 ; input  ; 2.5 V                 ;         ; Row I/O    ; N               ; no       ; Off          ;
; D20      ;            ;          ; GND                                            ; gnd    ;                       ;         ; --         ;                 ; --       ; --           ;
; D21      ; 345        ; 6        ; ALU_ResultM[10]                                ; input  ; 2.5 V                 ;         ; Row I/O    ; N               ; no       ; Off          ;
; D22      ; 341        ; 6        ; ReadDataW[19]                                  ; output ; 2.5 V                 ;         ; Row I/O    ; N               ; no       ; Off          ;
; E1       ; 41         ; 1B       ; PCPlus4W[6]                                    ; output ; 2.5 V                 ;         ; Row I/O    ; N               ; no       ; Off          ;
; E2       ;            ;          ; GND                                            ; gnd    ;                       ;         ; --         ;                 ; --       ; --           ;
; E3       ; 3          ; 1A       ; RESERVED_INPUT_WITH_WEAK_PULLUP                ;        ;                       ;         ; Row I/O    ;                 ; no       ; On           ;
; E4       ; 1          ; 1A       ; RESERVED_INPUT_WITH_WEAK_PULLUP                ;        ;                       ;         ; Row I/O    ;                 ; no       ; On           ;
; E5       ;            ;          ; NC                                             ;        ;                       ;         ; --         ;                 ; --       ; --           ;
; E6       ; 498        ; 8        ; ALU_ResultM[0]                                 ; input  ; 2.5 V                 ;         ; Column I/O ; N               ; no       ; Off          ;
; E7       ;            ;          ; GND                                            ; gnd    ;                       ;         ; --         ;                 ; --       ; --           ;
; E8       ; 488        ; 8        ; PCPlus4W[17]                                   ; output ; 2.5 V                 ;         ; Column I/O ; N               ; no       ; Off          ;
; E9       ; 478        ; 8        ; RESERVED_INPUT_WITH_WEAK_PULLUP                ;        ;                       ;         ; Column I/O ;                 ; no       ; On           ;
; E10      ; 466        ; 8        ; ALU_ResultM[4]                                 ; input  ; 2.5 V                 ;         ; Column I/O ; N               ; no       ; Off          ;
; E11      ; 464        ; 8        ; ReadDataW[29]                                  ; output ; 2.5 V                 ;         ; Column I/O ; N               ; no       ; Off          ;
; E12      ; 429        ; 7        ; RESERVED_INPUT_WITH_WEAK_PULLUP                ;        ;                       ;         ; Column I/O ;                 ; no       ; On           ;
; E13      ; 430        ; 7        ; RD_W[1]                                        ; output ; 2.5 V                 ;         ; Column I/O ; N               ; no       ; Off          ;
; E14      ; 406        ; 7        ; RESERVED_INPUT_WITH_WEAK_PULLUP                ;        ;                       ;         ; Column I/O ;                 ; no       ; On           ;
; E15      ; 390        ; 7        ; RESERVED_INPUT_WITH_WEAK_PULLUP                ;        ;                       ;         ; Column I/O ;                 ; no       ; On           ;
; E16      ; 388        ; 7        ; WriteDataM[0]                                  ; input  ; 2.5 V                 ;         ; Column I/O ; N               ; no       ; Off          ;
; E17      ; 366        ; 6        ; WriteDataM[22]                                 ; input  ; 2.5 V                 ;         ; Row I/O    ; N               ; no       ; Off          ;
; E18      ; 387        ; 6        ; PCPlus4M[27]                                   ; input  ; 2.5 V                 ;         ; Row I/O    ; N               ; no       ; Off          ;
; E19      ; 352        ; 6        ; ReadDataW[18]                                  ; output ; 2.5 V                 ;         ; Row I/O    ; N               ; no       ; Off          ;
; E20      ; 355        ; 6        ; WriteDataM[10]                                 ; input  ; 2.5 V                 ;         ; Row I/O    ; N               ; no       ; Off          ;
; E21      ; 335        ; 6        ; WriteDataM[16]                                 ; input  ; 2.5 V                 ;         ; Row I/O    ; N               ; no       ; Off          ;
; E22      ; 333        ; 6        ; ALU_ResultW[5]                                 ; output ; 2.5 V                 ;         ; Row I/O    ; N               ; no       ; Off          ;
; F1       ; 47         ; 1B       ; RESERVED_INPUT_WITH_WEAK_PULLUP                ;        ;                       ;         ; Row I/O    ;                 ; no       ; On           ;
; F2       ; 43         ; 1B       ; RESERVED_INPUT_WITH_WEAK_PULLUP                ;        ;                       ;         ; Row I/O    ;                 ; no       ; On           ;
; F3       ; 7          ; 1A       ; RESERVED_INPUT_WITH_WEAK_PULLUP                ;        ;                       ;         ; Row I/O    ;                 ; no       ; On           ;
; F4       ; 2          ; 1A       ; RESERVED_INPUT_WITH_WEAK_PULLUP                ;        ;                       ;         ; Row I/O    ;                 ; no       ; On           ;
; F5       ; 0          ; 1A       ; RESERVED_INPUT_WITH_WEAK_PULLUP                ;        ;                       ;         ; Row I/O    ;                 ; no       ; On           ;
; F6       ;            ;          ; NC                                             ;        ;                       ;         ; --         ;                 ; --       ; --           ;
; F7       ; 490        ; 8        ; RESERVED_INPUT_WITH_WEAK_PULLUP                ;        ;                       ;         ; Column I/O ;                 ; no       ; On           ;
; F8       ; 494        ; 8        ; ~ALTERA_CONF_DONE~ / RESERVED_INPUT            ; input  ; 2.5 V Schmitt Trigger ;         ; Column I/O ; N               ; no       ; Off          ;
; F9       ;            ; 8        ; VCCIO8                                         ; power  ;                       ; 2.5V    ; --         ;                 ; --       ; --           ;
; F10      ;            ;          ; GND                                            ; gnd    ;                       ;         ; --         ;                 ; --       ; --           ;
; F11      ;            ; 8        ; VCCIO8                                         ; power  ;                       ; 2.5V    ; --         ;                 ; --       ; --           ;
; F12      ;            ; 7        ; VCCIO7                                         ; power  ;                       ; 2.5V    ; --         ;                 ; --       ; --           ;
; F13      ;            ;          ; GND                                            ; gnd    ;                       ;         ; --         ;                 ; --       ; --           ;
; F14      ;            ; 7        ; VCCIO7                                         ; power  ;                       ; 2.5V    ; --         ;                 ; --       ; --           ;
; F15      ; 398        ; 7        ; RESERVED_INPUT_WITH_WEAK_PULLUP                ;        ;                       ;         ; Column I/O ;                 ; no       ; On           ;
; F16      ; 396        ; 7        ; RESERVED_INPUT_WITH_WEAK_PULLUP                ;        ;                       ;         ; Column I/O ;                 ; no       ; On           ;
; F17      ; 364        ; 6        ; ReadDataW[23]                                  ; output ; 2.5 V                 ;         ; Row I/O    ; N               ; no       ; Off          ;
; F18      ; 354        ; 6        ; ReadDataW[14]                                  ; output ; 2.5 V                 ;         ; Row I/O    ; N               ; no       ; Off          ;
; F19      ; 353        ; 6        ; WriteDataM[23]                                 ; input  ; 2.5 V                 ;         ; Row I/O    ; N               ; no       ; Off          ;
; F20      ; 342        ; 6        ; ALU_ResultM[8]                                 ; input  ; 2.5 V                 ;         ; Row I/O    ; N               ; no       ; Off          ;
; F21      ; 340        ; 6        ; ReadDataW[24]                                  ; output ; 2.5 V                 ;         ; Row I/O    ; N               ; no       ; Off          ;
; F22      ; 331        ; 6        ; ALU_ResultW[10]                                ; output ; 2.5 V                 ;         ; Row I/O    ; N               ; no       ; Off          ;
; G1       ; 45         ; 1B       ; RegWriteM                                      ; input  ; 2.5 V                 ;         ; Row I/O    ; N               ; no       ; Off          ;
; G2       ; 34         ; 1B       ; ~ALTERA_TCK~ / RESERVED_INPUT                  ; input  ; 2.5 V Schmitt Trigger ;         ; Row I/O    ; N               ; no       ; Off          ;
; G3       ; 11         ; 1A       ; RESERVED_INPUT_WITH_WEAK_PULLUP                ;        ;                       ;         ; Row I/O    ;                 ; no       ; On           ;
; G4       ; 5          ; 1A       ; RESERVED_INPUT_WITH_WEAK_PULLUP                ;        ;                       ;         ; Row I/O    ;                 ; no       ; On           ;
; G5       ;            ;          ; ANAIN1                                         ;        ;                       ;         ; --         ;                 ; --       ; --           ;
; G6       ;            ;          ; GND                                            ; gnd    ;                       ;         ; --         ;                 ; --       ; --           ;
; G7       ;            ;          ; VCCD_PLL3                                      ; power  ;                       ; 1.2V    ; --         ;                 ; --       ; --           ;
; G8       ;            ;          ; GND                                            ; gnd    ;                       ;         ; --         ;                 ; --       ; --           ;
; G9       ; 492        ; 8        ; ~ALTERA_nSTATUS~ / RESERVED_INPUT              ; input  ; 2.5 V Schmitt Trigger ;         ; Column I/O ; N               ; no       ; Off          ;
; G10      ;            ; 8        ; VCCIO8                                         ; power  ;                       ; 2.5V    ; --         ;                 ; --       ; --           ;
; G11      ;            ; 8        ; VCCIO8                                         ; power  ;                       ; 2.5V    ; --         ;                 ; --       ; --           ;
; G12      ;            ; 7        ; VCCIO7                                         ; power  ;                       ; 2.5V    ; --         ;                 ; --       ; --           ;
; G13      ;            ; 7        ; VCCIO7                                         ; power  ;                       ; 2.5V    ; --         ;                 ; --       ; --           ;
; G14      ;            ; 7        ; VCCIO7                                         ; power  ;                       ; 2.5V    ; --         ;                 ; --       ; --           ;
; G15      ;            ;          ; GND                                            ; gnd    ;                       ;         ; --         ;                 ; --       ; --           ;
; G16      ;            ;          ; VCCD_PLL2                                      ; power  ;                       ; 1.2V    ; --         ;                 ; --       ; --           ;
; G17      ; 386        ; 6        ; PCPlus4W[27]                                   ; output ; 2.5 V                 ;         ; Row I/O    ; N               ; no       ; Off          ;
; G18      ;            ;          ; GND                                            ; gnd    ;                       ;         ; --         ;                 ; --       ; --           ;
; G19      ; 330        ; 6        ; MemWriteM                                      ; input  ; 2.5 V                 ;         ; Row I/O    ; N               ; no       ; Off          ;
; G20      ; 328        ; 6        ; ReadDataW[5]                                   ; output ; 2.5 V                 ;         ; Row I/O    ; N               ; no       ; Off          ;
; G21      ;            ;          ; GND                                            ; gnd    ;                       ;         ; --         ;                 ; --       ; --           ;
; G22      ; 329        ; 6        ; ReadDataW[2]                                   ; output ; 2.5 V                 ;         ; Row I/O    ; N               ; no       ; Off          ;
; H1       ; 44         ; 1B       ; RESERVED_INPUT_WITH_WEAK_PULLUP                ;        ;                       ;         ; Row I/O    ;                 ; no       ; On           ;
; H2       ; 32         ; 1B       ; ~ALTERA_TMS~ / RESERVED_INPUT_WITH_WEAK_PULLUP ; input  ; 2.5 V Schmitt Trigger ;         ; Row I/O    ; N               ; no       ; On           ;
; H3       ; 10         ; 1A       ; RESERVED_INPUT_WITH_WEAK_PULLUP                ;        ;                       ;         ; Row I/O    ;                 ; no       ; On           ;
; H4       ; 9          ; 1A       ; RESERVED_INPUT_WITH_WEAK_PULLUP                ;        ;                       ;         ; Row I/O    ;                 ; no       ; On           ;
; H5       ;            ;          ; REFGND                                         ;        ;                       ;         ; --         ;                 ; --       ; --           ;
; H6       ;            ;          ; ADC_VREF                                       ;        ;                       ;         ; --         ;                 ; --       ; --           ;
; H7       ;            ; --       ; VCCA_ADC                                       ; power  ;                       ; 2.5V    ; --         ;                 ; --       ; --           ;
; H8       ;            ; --       ; VCCA3                                          ; power  ;                       ; 2.5V    ; --         ;                 ; --       ; --           ;
; H9       ; 482        ; 8        ; ~ALTERA_nCONFIG~ / RESERVED_INPUT              ; input  ; 2.5 V Schmitt Trigger ;         ; Column I/O ; N               ; no       ; Off          ;
; H10      ; 480        ; 8        ; ~ALTERA_CONFIG_SEL~ / RESERVED_INPUT           ; input  ; 2.5 V                 ;         ; Column I/O ; N               ; no       ; Off          ;
; H11      ; 470        ; 8        ; RESERVED_INPUT_WITH_WEAK_PULLUP                ;        ;                       ;         ; Column I/O ;                 ; no       ; On           ;
; H12      ; 444        ; 7        ; RESERVED_INPUT_WITH_WEAK_PULLUP                ;        ;                       ;         ; Column I/O ;                 ; no       ; On           ;
; H13      ; 432        ; 7        ; PCPlus4W[24]                                   ; output ; 2.5 V                 ;         ; Column I/O ; N               ; no       ; Off          ;
; H14      ; 420        ; 7        ; RD_W[4]                                        ; output ; 2.5 V                 ;         ; Column I/O ; N               ; no       ; Off          ;
; H15      ;            ; --       ; VCCA2                                          ; power  ;                       ; 2.5V    ; --         ;                 ; --       ; --           ;
; H16      ;            ; 6        ; VCCIO6                                         ; power  ;                       ; 2.5V    ; --         ;                 ; --       ; --           ;
; H17      ; 384        ; 6        ; ALU_ResultW[30]                                ; output ; 2.5 V                 ;         ; Row I/O    ; N               ; no       ; Off          ;
; H18      ; 374        ; 6        ; WriteDataM[27]                                 ; input  ; 2.5 V                 ;         ; Row I/O    ; N               ; no       ; Off          ;
; H19      ; 372        ; 6        ; ALU_ResultM[29]                                ; input  ; 2.5 V                 ;         ; Row I/O    ; N               ; no       ; Off          ;
; H20      ; 375        ; 6        ; RESERVED_INPUT_WITH_WEAK_PULLUP                ;        ;                       ;         ; Row I/O    ;                 ; no       ; On           ;
; H21      ; 323        ; 6        ; WriteDataM[12]                                 ; input  ; 2.5 V                 ;         ; Row I/O    ; N               ; no       ; Off          ;
; H22      ; 321        ; 6        ; ReadDataW[12]                                  ; output ; 2.5 V                 ;         ; Row I/O    ; N               ; no       ; Off          ;
; J1       ; 46         ; 1B       ; RegWriteW                                      ; output ; 2.5 V                 ;         ; Row I/O    ; N               ; no       ; Off          ;
; J2       ;            ;          ; GND                                            ; gnd    ;                       ;         ; --         ;                 ; --       ; --           ;
; J3       ; 15         ; 1A       ; RESERVED_INPUT_WITH_WEAK_PULLUP                ;        ;                       ;         ; Row I/O    ;                 ; no       ; On           ;
; J4       ; 8          ; 1A       ; RESERVED_INPUT_WITH_WEAK_PULLUP                ;        ;                       ;         ; Row I/O    ;                 ; no       ; On           ;
; J5       ;            ;          ; ANAIN2                                         ;        ;                       ;         ; --         ;                 ; --       ; --           ;
; J6       ;            ;          ; GND                                            ; gnd    ;                       ;         ; --         ;                 ; --       ; --           ;
; J7       ;            ;          ; VCCINT                                         ; power  ;                       ; 1.2V    ; --         ;                 ; --       ; --           ;
; J8       ; 4          ; 1A       ; RESERVED_INPUT_WITH_WEAK_PULLUP                ;        ;                       ;         ; Row I/O    ;                 ; no       ; On           ;
; J9       ; 6          ; 1A       ; RESERVED_INPUT_WITH_WEAK_PULLUP                ;        ;                       ;         ; Row I/O    ;                 ; no       ; On           ;
; J10      ; 468        ; 8        ; PCPlus4M[29]                                   ; input  ; 2.5 V                 ;         ; Column I/O ; N               ; no       ; Off          ;
; J11      ; 446        ; 7        ; RESERVED_INPUT_WITH_WEAK_PULLUP                ;        ;                       ;         ; Column I/O ;                 ; no       ; On           ;
; J12      ; 434        ; 7        ; PCPlus4M[28]                                   ; input  ; 2.5 V                 ;         ; Column I/O ; N               ; no       ; Off          ;
; J13      ; 422        ; 7        ; PCPlus4W[21]                                   ; output ; 2.5 V                 ;         ; Column I/O ; N               ; no       ; Off          ;
; J14      ; 368        ; 6        ; ReadDataW[17]                                  ; output ; 2.5 V                 ;         ; Row I/O    ; N               ; no       ; Off          ;
; J15      ; 370        ; 6        ; ReadDataW[16]                                  ; output ; 2.5 V                 ;         ; Row I/O    ; N               ; no       ; Off          ;
; J16      ;            ;          ; GND                                            ; gnd    ;                       ;         ; --         ;                 ; --       ; --           ;
; J17      ;            ; 6        ; VCCIO6                                         ; power  ;                       ; 2.5V    ; --         ;                 ; --       ; --           ;
; J18      ; 362        ; 6        ; PCPlus4W[12]                                   ; output ; 2.5 V                 ;         ; Row I/O    ; N               ; no       ; Off          ;
; J19      ;            ;          ; GND                                            ; gnd    ;                       ;         ; --         ;                 ; --       ; --           ;
; J20      ; 373        ; 6        ; ALU_ResultW[29]                                ; output ; 2.5 V                 ;         ; Row I/O    ; N               ; no       ; Off          ;
; J21      ; 327        ; 6        ; WriteDataM[7]                                  ; input  ; 2.5 V                 ;         ; Row I/O    ; N               ; no       ; Off          ;
; J22      ; 325        ; 6        ; ALU_ResultM[2]                                 ; input  ; 2.5 V                 ;         ; Row I/O    ; N               ; no       ; Off          ;
; K1       ; 49         ; 1B       ; RESERVED_INPUT_WITH_WEAK_PULLUP                ;        ;                       ;         ; Row I/O    ;                 ; no       ; On           ;
; K2       ; 37         ; 1B       ; RESERVED_INPUT_WITH_WEAK_PULLUP                ;        ;                       ;         ; Row I/O    ;                 ; no       ; On           ;
; K3       ;            ;          ; GND                                            ; gnd    ;                       ;         ; --         ;                 ; --       ; --           ;
; K4       ; 13         ; 1A       ; RESERVED_INPUT_WITH_WEAK_PULLUP                ;        ;                       ;         ; Row I/O    ;                 ; no       ; On           ;
; K5       ; 12         ; 1A       ; RESERVED_INPUT_WITH_WEAK_PULLUP                ;        ;                       ;         ; Row I/O    ;                 ; no       ; On           ;
; K6       ; 14         ; 1A       ; RESERVED_INPUT_WITH_WEAK_PULLUP                ;        ;                       ;         ; Row I/O    ;                 ; no       ; On           ;
; K7       ;            ; 1A       ; VCCIO1A                                        ; power  ;                       ; 2.5V    ; --         ;                 ; --       ; --           ;
; K8       ; 28         ; 1B       ; RESERVED_INPUT_WITH_WEAK_PULLUP                ;        ;                       ;         ; Row I/O    ;                 ; no       ; On           ;
; K9       ; 30         ; 1B       ; RESERVED_INPUT_WITH_WEAK_PULLUP                ;        ;                       ;         ; Row I/O    ;                 ; no       ; On           ;
; K10      ;            ;          ; GND                                            ; gnd    ;                       ;         ; --         ;                 ; --       ; --           ;
; K11      ;            ; --       ; VCC                                            ; power  ;                       ; 1.2V    ; --         ;                 ; --       ; --           ;
; K12      ;            ;          ; GND                                            ; gnd    ;                       ;         ; --         ;                 ; --       ; --           ;
; K13      ;            ; --       ; VCC                                            ; power  ;                       ; 1.2V    ; --         ;                 ; --       ; --           ;
; K14      ; 356        ; 6        ; PCPlus4W[23]                                   ; output ; 2.5 V                 ;         ; Row I/O    ; N               ; no       ; Off          ;
; K15      ; 358        ; 6        ; ReadDataW[22]                                  ; output ; 2.5 V                 ;         ; Row I/O    ; N               ; no       ; Off          ;
; K16      ;            ; 6        ; VCCIO6                                         ; power  ;                       ; 2.5V    ; --         ;                 ; --       ; --           ;
; K17      ;            ; 6        ; VCCIO6                                         ; power  ;                       ; 2.5V    ; --         ;                 ; --       ; --           ;
; K18      ; 360        ; 6        ; ALU_ResultW[8]                                 ; output ; 2.5 V                 ;         ; Row I/O    ; N               ; no       ; Off          ;
; K19      ; 361        ; 6        ; WriteDataM[25]                                 ; input  ; 2.5 V                 ;         ; Row I/O    ; N               ; no       ; Off          ;
; K20      ; 363        ; 6        ; PCPlus4M[12]                                   ; input  ; 2.5 V                 ;         ; Row I/O    ; N               ; no       ; Off          ;
; K21      ; 326        ; 6        ; ReadDataW[30]                                  ; output ; 2.5 V                 ;         ; Row I/O    ; N               ; no       ; Off          ;
; K22      ; 324        ; 6        ; WriteDataM[13]                                 ; input  ; 2.5 V                 ;         ; Row I/O    ; N               ; no       ; Off          ;
; L1       ; 51         ; 1B       ; RESERVED_INPUT_WITH_WEAK_PULLUP                ;        ;                       ;         ; Row I/O    ;                 ; no       ; On           ;
; L2       ; 39         ; 1B       ; RESERVED_INPUT_WITH_WEAK_PULLUP                ;        ;                       ;         ; Row I/O    ;                 ; no       ; On           ;
; L3       ;            ;          ; DNU                                            ;        ;                       ;         ; --         ;                 ; --       ; --           ;
; L4       ; 36         ; 1B       ; ~ALTERA_TDI~ / RESERVED_INPUT_WITH_WEAK_PULLUP ; input  ; 2.5 V Schmitt Trigger ;         ; Row I/O    ; N               ; no       ; On           ;
; L5       ;            ;          ; GND                                            ; gnd    ;                       ;         ; --         ;                 ; --       ; --           ;
; L6       ;            ; 1A       ; VCCIO1A                                        ; power  ;                       ; 2.5V    ; --         ;                 ; --       ; --           ;
; L7       ;            ; 1B       ; VCCIO1B                                        ; power  ;                       ; 2.5V    ; --         ;                 ; --       ; --           ;
; L8       ; 40         ; 1B       ; RESERVED_INPUT_WITH_WEAK_PULLUP                ;        ;                       ;         ; Row I/O    ;                 ; no       ; On           ;
; L9       ; 42         ; 1B       ; PCPlus4M[6]                                    ; input  ; 2.5 V                 ;         ; Row I/O    ; N               ; no       ; Off          ;
; L10      ;            ; --       ; VCC                                            ; power  ;                       ; 1.2V    ; --         ;                 ; --       ; --           ;
; L11      ;            ; --       ; VCC                                            ; power  ;                       ; 1.2V    ; --         ;                 ; --       ; --           ;
; L12      ;            ; --       ; VCC                                            ; power  ;                       ; 1.2V    ; --         ;                 ; --       ; --           ;
; L13      ;            ;          ; GND                                            ; gnd    ;                       ;         ; --         ;                 ; --       ; --           ;
; L14      ; 344        ; 6        ; ReadDataW[10]                                  ; output ; 2.5 V                 ;         ; Row I/O    ; N               ; no       ; Off          ;
; L15      ; 346        ; 6        ; ALU_ResultM[11]                                ; input  ; 2.5 V                 ;         ; Row I/O    ; N               ; no       ; Off          ;
; L16      ;            ; 6        ; VCCIO6                                         ; power  ;                       ; 2.5V    ; --         ;                 ; --       ; --           ;
; L17      ;            ;          ; GND                                            ; gnd    ;                       ;         ; --         ;                 ; --       ; --           ;
; L18      ; 350        ; 6        ; ReadDataW[25]                                  ; output ; 2.5 V                 ;         ; Row I/O    ; N               ; no       ; Off          ;
; L19      ; 349        ; 6        ; MemReadM                                       ; input  ; 2.5 V                 ;         ; Row I/O    ; N               ; no       ; Off          ;
; L20      ; 351        ; 6        ; PCPlus4M[23]                                   ; input  ; 2.5 V                 ;         ; Row I/O    ; N               ; no       ; Off          ;
; L21      ;            ;          ; GND                                            ; gnd    ;                       ;         ; --         ;                 ; --       ; --           ;
; L22      ; 314        ; 5        ; ReadDataW[7]                                   ; output ; 2.5 V                 ;         ; Row I/O    ; N               ; no       ; Off          ;
; M1       ; 79         ; 2        ; ResultSrcM[0]                                  ; input  ; 2.5 V                 ;         ; Row I/O    ; N               ; no       ; Off          ;
; M2       ; 77         ; 2        ; RD_M[2]                                        ; input  ; 2.5 V                 ;         ; Row I/O    ; N               ; no       ; Off          ;
; M3       ; 50         ; 1B       ; RESERVED_INPUT_WITH_WEAK_PULLUP                ;        ;                       ;         ; Row I/O    ;                 ; no       ; On           ;
; M4       ; 48         ; 1B       ; RESERVED_INPUT_WITH_WEAK_PULLUP                ;        ;                       ;         ; Row I/O    ;                 ; no       ; On           ;
; M5       ; 38         ; 1B       ; ~ALTERA_TDO~                                   ; output ; 2.5 V                 ;         ; Row I/O    ; N               ; no       ; Off          ;
; M6       ;            ; 1B       ; VCCIO1B                                        ; power  ;                       ; 2.5V    ; --         ;                 ; --       ; --           ;
; M7       ;            ;          ; GND                                            ; gnd    ;                       ;         ; --         ;                 ; --       ; --           ;
; M8       ; 72         ; 2        ; clk                                            ; input  ; 2.5 V                 ;         ; Row I/O    ; N               ; no       ; Off          ;
; M9       ; 74         ; 2        ; reset                                          ; input  ; 2.5 V                 ;         ; Row I/O    ; N               ; no       ; Off          ;
; M10      ;            ;          ; GND                                            ; gnd    ;                       ;         ; --         ;                 ; --       ; --           ;
; M11      ;            ; --       ; VCC                                            ; power  ;                       ; 1.2V    ; --         ;                 ; --       ; --           ;
; M12      ;            ; --       ; VCC                                            ; power  ;                       ; 1.2V    ; --         ;                 ; --       ; --           ;
; M13      ;            ; --       ; VCC                                            ; power  ;                       ; 1.2V    ; --         ;                 ; --       ; --           ;
; M14      ; 334        ; 6        ; WriteDataM[28]                                 ; input  ; 2.5 V                 ;         ; Row I/O    ; N               ; no       ; Off          ;
; M15      ; 332        ; 6        ; WriteDataM[30]                                 ; input  ; 2.5 V                 ;         ; Row I/O    ; N               ; no       ; Off          ;
; M16      ;            ;          ; GND                                            ; gnd    ;                       ;         ; --         ;                 ; --       ; --           ;
; M17      ;            ; 6        ; VCCIO6                                         ; power  ;                       ; 2.5V    ; --         ;                 ; --       ; --           ;
; M18      ; 348        ; 6        ; ALU_ResultM[6]                                 ; input  ; 2.5 V                 ;         ; Row I/O    ; N               ; no       ; Off          ;
; M19      ;            ;          ; GND                                            ; gnd    ;                       ;         ; --         ;                 ; --       ; --           ;
; M20      ; 337        ; 6        ; ALU_ResultM[7]                                 ; input  ; 2.5 V                 ;         ; Row I/O    ; N               ; no       ; Off          ;
; M21      ; 312        ; 5        ; WriteDataM[21]                                 ; input  ; 2.5 V                 ;         ; Row I/O    ; N               ; no       ; Off          ;
; M22      ; 315        ; 5        ; WriteDataM[29]                                 ; input  ; 2.5 V                 ;         ; Row I/O    ; N               ; no       ; Off          ;
; N1       ; 87         ; 2        ; RESERVED_INPUT_WITH_WEAK_PULLUP                ;        ;                       ;         ; Row I/O    ;                 ; no       ; On           ;
; N2       ; 75         ; 2        ; RD_W[2]                                        ; output ; 2.5 V                 ;         ; Row I/O    ; N               ; no       ; Off          ;
; N3       ; 73         ; 2        ; RESERVED_INPUT_WITH_WEAK_PULLUP                ;        ;                       ;         ; Row I/O    ;                 ; no       ; On           ;
; N4       ; 56         ; 2        ; RESERVED_INPUT_WITH_WEAK_PULLUP                ;        ;                       ;         ; Row I/O    ;                 ; no       ; On           ;
; N5       ; 58         ; 2        ; RESERVED_INPUT_WITH_WEAK_PULLUP                ;        ;                       ;         ; Row I/O    ;                 ; no       ; On           ;
; N6       ;            ; 2        ; VCCIO2                                         ; power  ;                       ; 2.5V    ; --         ;                 ; --       ; --           ;
; N7       ;            ; 2        ; VCCIO2                                         ; power  ;                       ; 2.5V    ; --         ;                 ; --       ; --           ;
; N8       ; 84         ; 2        ; RESERVED_INPUT_WITH_WEAK_PULLUP                ;        ;                       ;         ; Row I/O    ;                 ; no       ; On           ;
; N9       ; 86         ; 2        ; RESERVED_INPUT_WITH_WEAK_PULLUP                ;        ;                       ;         ; Row I/O    ;                 ; no       ; On           ;
; N10      ;            ; --       ; VCC                                            ; power  ;                       ; 1.2V    ; --         ;                 ; --       ; --           ;
; N11      ;            ;          ; GND                                            ; gnd    ;                       ;         ; --         ;                 ; --       ; --           ;
; N12      ;            ; --       ; VCC                                            ; power  ;                       ; 1.2V    ; --         ;                 ; --       ; --           ;
; N13      ;            ;          ; GND                                            ; gnd    ;                       ;         ; --         ;                 ; --       ; --           ;
; N14      ; 320        ; 6        ; ReadDataW[31]                                  ; output ; 2.5 V                 ;         ; Row I/O    ; N               ; no       ; Off          ;
; N15      ; 322        ; 6        ; ALU_ResultW[7]                                 ; output ; 2.5 V                 ;         ; Row I/O    ; N               ; no       ; Off          ;
; N16      ;            ; 5        ; VCCIO5                                         ; power  ;                       ; 2.5V    ; --         ;                 ; --       ; --           ;
; N17      ;            ; 6        ; VCCIO6                                         ; power  ;                       ; 2.5V    ; --         ;                 ; --       ; --           ;
; N18      ; 336        ; 6        ; ALU_ResultM[5]                                 ; input  ; 2.5 V                 ;         ; Row I/O    ; N               ; no       ; Off          ;
; N19      ; 338        ; 6        ; ALU_ResultM[3]                                 ; input  ; 2.5 V                 ;         ; Row I/O    ; N               ; no       ; Off          ;
; N20      ; 339        ; 6        ; ALU_ResultM[9]                                 ; input  ; 2.5 V                 ;         ; Row I/O    ; N               ; no       ; Off          ;
; N21      ; 313        ; 5        ; ReadDataW[11]                                  ; output ; 2.5 V                 ;         ; Row I/O    ; N               ; no       ; Off          ;
; N22      ; 307        ; 5        ; WriteDataM[8]                                  ; input  ; 2.5 V                 ;         ; Row I/O    ; N               ; no       ; Off          ;
; P1       ; 85         ; 2        ; RESERVED_INPUT_WITH_WEAK_PULLUP                ;        ;                       ;         ; Row I/O    ;                 ; no       ; On           ;
; P2       ;            ;          ; GND                                            ; gnd    ;                       ;         ; --         ;                 ; --       ; --           ;
; P3       ; 76         ; 2        ; ResultSrcW[0]                                  ; output ; 2.5 V                 ;         ; Row I/O    ; N               ; no       ; Off          ;
; P4       ; 57         ; 2        ; RESERVED_INPUT_WITH_WEAK_PULLUP                ;        ;                       ;         ; Row I/O    ;                 ; no       ; On           ;
; P5       ; 59         ; 2        ; RESERVED_INPUT_WITH_WEAK_PULLUP                ;        ;                       ;         ; Row I/O    ;                 ; no       ; On           ;
; P6       ;            ;          ; GND                                            ; gnd    ;                       ;         ; --         ;                 ; --       ; --           ;
; P7       ;            ; 2        ; VCCIO2                                         ; power  ;                       ; 2.5V    ; --         ;                 ; --       ; --           ;
; P8       ; 96         ; 2        ; RESERVED_INPUT_WITH_WEAK_PULLUP                ;        ;                       ;         ; Row I/O    ;                 ; no       ; On           ;
; P9       ; 142        ; 3        ; ALU_ResultM[21]                                ; input  ; 2.5 V                 ;         ; Column I/O ; N               ; no       ; Off          ;
; P10      ; 154        ; 3        ; PCPlus4M[8]                                    ; input  ; 2.5 V                 ;         ; Column I/O ; N               ; no       ; Off          ;
; P11      ; 166        ; 3        ; ALU_ResultM[17]                                ; input  ; 2.5 V                 ;         ; Column I/O ; N               ; no       ; Off          ;
; P12      ; 178        ; 4        ; PCPlus4W[18]                                   ; output ; 2.5 V                 ;         ; Column I/O ; N               ; no       ; Off          ;
; P13      ; 198        ; 4        ; PCPlus4W[19]                                   ; output ; 2.5 V                 ;         ; Column I/O ; N               ; no       ; Off          ;
; P14      ; 306        ; 5        ; WriteDataM[9]                                  ; input  ; 2.5 V                 ;         ; Row I/O    ; N               ; no       ; Off          ;
; P15      ; 304        ; 5        ; WriteDataM[5]                                  ; input  ; 2.5 V                 ;         ; Row I/O    ; N               ; no       ; Off          ;
; P16      ;            ; 5        ; VCCIO5                                         ; power  ;                       ; 2.5V    ; --         ;                 ; --       ; --           ;
; P17      ;            ;          ; GND                                            ; gnd    ;                       ;         ; --         ;                 ; --       ; --           ;
; P18      ; 310        ; 5        ; WriteDataM[20]                                 ; input  ; 2.5 V                 ;         ; Row I/O    ; N               ; no       ; Off          ;
; P19      ; 309        ; 5        ; WriteDataM[6]                                  ; input  ; 2.5 V                 ;         ; Row I/O    ; N               ; no       ; Off          ;
; P20      ; 311        ; 5        ; WriteDataM[1]                                  ; input  ; 2.5 V                 ;         ; Row I/O    ; N               ; no       ; Off          ;
; P21      ; 305        ; 5        ; ReadDataW[0]                                   ; output ; 2.5 V                 ;         ; Row I/O    ; N               ; no       ; Off          ;
; P22      ; 303        ; 5        ; ALU_ResultW[2]                                 ; output ; 2.5 V                 ;         ; Row I/O    ; N               ; no       ; Off          ;
; R1       ; 121        ; 2        ; PCPlus4W[7]                                    ; output ; 2.5 V                 ;         ; Row I/O    ; N               ; no       ; Off          ;
; R2       ; 123        ; 2        ; PCPlus4M[7]                                    ; input  ; 2.5 V                 ;         ; Row I/O    ; N               ; no       ; Off          ;
; R3       ; 78         ; 2        ; RESERVED_INPUT_WITH_WEAK_PULLUP                ;        ;                       ;         ; Row I/O    ;                 ; no       ; On           ;
; R4       ; 80         ; 2        ; RESERVED_INPUT_WITH_WEAK_PULLUP                ;        ;                       ;         ; Row I/O    ;                 ; no       ; On           ;
; R5       ; 82         ; 2        ; RESERVED_INPUT_WITH_WEAK_PULLUP                ;        ;                       ;         ; Row I/O    ;                 ; no       ; On           ;
; R6       ;            ; 2        ; VCCIO2                                         ; power  ;                       ; 2.5V    ; --         ;                 ; --       ; --           ;
; R7       ; 98         ; 2        ; RESERVED_INPUT_WITH_WEAK_PULLUP                ;        ;                       ;         ; Row I/O    ;                 ; no       ; On           ;
; R8       ;            ; --       ; VCCA1                                          ; power  ;                       ; 2.5V    ; --         ;                 ; --       ; --           ;
; R9       ; 140        ; 3        ; RESERVED_INPUT_WITH_WEAK_PULLUP                ;        ;                       ;         ; Column I/O ;                 ; no       ; On           ;
; R10      ; 152        ; 3        ; RESERVED_INPUT_WITH_WEAK_PULLUP                ;        ;                       ;         ; Column I/O ;                 ; no       ; On           ;
; R11      ; 164        ; 3        ; RESERVED_INPUT_WITH_WEAK_PULLUP                ;        ;                       ;         ; Column I/O ;                 ; no       ; On           ;
; R12      ; 176        ; 4        ; RESERVED_INPUT_WITH_WEAK_PULLUP                ;        ;                       ;         ; Column I/O ;                 ; no       ; On           ;
; R13      ; 196        ; 4        ; PCPlus4W[13]                                   ; output ; 2.5 V                 ;         ; Column I/O ; N               ; no       ; Off          ;
; R14      ; 294        ; 5        ; PCPlus4W[0]                                    ; output ; 2.5 V                 ;         ; Row I/O    ; N               ; no       ; Off          ;
; R15      ; 292        ; 5        ; ALU_ResultM[13]                                ; input  ; 2.5 V                 ;         ; Row I/O    ; N               ; no       ; Off          ;
; R16      ;            ; 5        ; VCCIO5                                         ; power  ;                       ; 2.5V    ; --         ;                 ; --       ; --           ;
; R17      ;            ; 5        ; VCCIO5                                         ; power  ;                       ; 2.5V    ; --         ;                 ; --       ; --           ;
; R18      ; 308        ; 5        ; ALU_ResultW[3]                                 ; output ; 2.5 V                 ;         ; Row I/O    ; N               ; no       ; Off          ;
; R19      ;            ;          ; GND                                            ; gnd    ;                       ;         ; --         ;                 ; --       ; --           ;
; R20      ; 299        ; 5        ; ReadDataW[4]                                   ; output ; 2.5 V                 ;         ; Row I/O    ; N               ; no       ; Off          ;
; R21      ;            ;          ; GND                                            ; gnd    ;                       ;         ; --         ;                 ; --       ; --           ;
; R22      ; 301        ; 5        ; ReadDataW[27]                                  ; output ; 2.5 V                 ;         ; Row I/O    ; N               ; no       ; Off          ;
; T1       ; 81         ; 2        ; RESERVED_INPUT_WITH_WEAK_PULLUP                ;        ;                       ;         ; Row I/O    ;                 ; no       ; On           ;
; T2       ; 83         ; 2        ; RESERVED_INPUT_WITH_WEAK_PULLUP                ;        ;                       ;         ; Row I/O    ;                 ; no       ; On           ;
; T3       ; 88         ; 2        ; RESERVED_INPUT_WITH_WEAK_PULLUP                ;        ;                       ;         ; Row I/O    ;                 ; no       ; On           ;
; T4       ;            ;          ; GND                                            ; gnd    ;                       ;         ; --         ;                 ; --       ; --           ;
; T5       ; 120        ; 2        ; RESERVED_INPUT_WITH_WEAK_PULLUP                ;        ;                       ;         ; Row I/O    ;                 ; no       ; On           ;
; T6       ; 122        ; 2        ; RESERVED_INPUT_WITH_WEAK_PULLUP                ;        ;                       ;         ; Row I/O    ;                 ; no       ; On           ;
; T7       ;            ;          ; VCCD_PLL1                                      ; power  ;                       ; 1.2V    ; --         ;                 ; --       ; --           ;
; T8       ;            ;          ; GND                                            ; gnd    ;                       ;         ; --         ;                 ; --       ; --           ;
; T9       ;            ; 3        ; VCCIO3                                         ; power  ;                       ; 2.5V    ; --         ;                 ; --       ; --           ;
; T10      ;            ; 3        ; VCCIO3                                         ; power  ;                       ; 2.5V    ; --         ;                 ; --       ; --           ;
; T11      ;            ; 3        ; VCCIO3                                         ; power  ;                       ; 2.5V    ; --         ;                 ; --       ; --           ;
; T12      ;            ; 4        ; VCCIO4                                         ; power  ;                       ; 2.5V    ; --         ;                 ; --       ; --           ;
; T13      ;            ; 4        ; VCCIO4                                         ; power  ;                       ; 2.5V    ; --         ;                 ; --       ; --           ;
; T14      ;            ;          ; GND                                            ; gnd    ;                       ;         ; --         ;                 ; --       ; --           ;
; T15      ;            ; --       ; VCCA4                                          ; power  ;                       ; 2.5V    ; --         ;                 ; --       ; --           ;
; T16      ;            ;          ; GND                                            ; gnd    ;                       ;         ; --         ;                 ; --       ; --           ;
; T17      ;            ; 5        ; VCCIO5                                         ; power  ;                       ; 2.5V    ; --         ;                 ; --       ; --           ;
; T18      ; 298        ; 5        ; WriteDataM[31]                                 ; input  ; 2.5 V                 ;         ; Row I/O    ; N               ; no       ; Off          ;
; T19      ; 296        ; 5        ; WriteDataM[14]                                 ; input  ; 2.5 V                 ;         ; Row I/O    ; N               ; no       ; Off          ;
; T20      ; 297        ; 5        ; ReadDataW[15]                                  ; output ; 2.5 V                 ;         ; Row I/O    ; N               ; no       ; Off          ;
; T21      ; 293        ; 5        ; ReadDataW[6]                                   ; output ; 2.5 V                 ;         ; Row I/O    ; N               ; no       ; Off          ;
; T22      ; 295        ; 5        ; ALU_ResultW[13]                                ; output ; 2.5 V                 ;         ; Row I/O    ; N               ; no       ; Off          ;
; U1       ; 89         ; 2        ; RESERVED_INPUT_WITH_WEAK_PULLUP                ;        ;                       ;         ; Row I/O    ;                 ; no       ; On           ;
; U2       ; 90         ; 2        ; RESERVED_INPUT_WITH_WEAK_PULLUP                ;        ;                       ;         ; Row I/O    ;                 ; no       ; On           ;
; U3       ; 93         ; 2        ; ALU_ResultW[25]                                ; output ; 2.5 V                 ;         ; Row I/O    ; N               ; no       ; Off          ;
; U4       ; 92         ; 2        ; ALU_ResultM[25]                                ; input  ; 2.5 V                 ;         ; Row I/O    ; N               ; no       ; Off          ;
; U5       ; 94         ; 2        ; ALU_ResultM[16]                                ; input  ; 2.5 V                 ;         ; Row I/O    ; N               ; no       ; Off          ;
; U6       ; 128        ; 3        ; PCPlus4M[10]                                   ; input  ; 2.5 V                 ;         ; Column I/O ; N               ; no       ; Off          ;
; U7       ; 130        ; 3        ; ResultSrcW[1]                                  ; output ; 2.5 V                 ;         ; Column I/O ; N               ; no       ; Off          ;
; U8       ;            ; 3        ; VCCIO3                                         ; power  ;                       ; 2.5V    ; --         ;                 ; --       ; --           ;
; U9       ;            ; 3        ; VCCIO3                                         ; power  ;                       ; 2.5V    ; --         ;                 ; --       ; --           ;
; U10      ;            ;          ; GND                                            ; gnd    ;                       ;         ; --         ;                 ; --       ; --           ;
; U11      ;            ; 4        ; VCCIO4                                         ; power  ;                       ; 2.5V    ; --         ;                 ; --       ; --           ;
; U12      ;            ; 4        ; VCCIO4                                         ; power  ;                       ; 2.5V    ; --         ;                 ; --       ; --           ;
; U13      ;            ;          ; GND                                            ; gnd    ;                       ;         ; --         ;                 ; --       ; --           ;
; U14      ;            ; 4        ; VCCIO4                                         ; power  ;                       ; 2.5V    ; --         ;                 ; --       ; --           ;
; U15      ; 208        ; 4        ; ALU_ResultW[27]                                ; output ; 2.5 V                 ;         ; Column I/O ; N               ; no       ; Off          ;
; U16      ;            ;          ; VCCD_PLL4                                      ; power  ;                       ; 1.2V    ; --         ;                 ; --       ; --           ;
; U17      ; 246        ; 5        ; RESERVED_INPUT_WITH_WEAK_PULLUP                ;        ;                       ;         ; Row I/O    ;                 ; no       ; On           ;
; U18      ; 244        ; 5        ; RESERVED_INPUT_WITH_WEAK_PULLUP                ;        ;                       ;         ; Row I/O    ;                 ; no       ; On           ;
; U19      ; 282        ; 5        ; ALU_ResultM[19]                                ; input  ; 2.5 V                 ;         ; Row I/O    ; N               ; no       ; Off          ;
; U20      ; 290        ; 5        ; ALU_ResultM[24]                                ; input  ; 2.5 V                 ;         ; Row I/O    ; N               ; no       ; Off          ;
; U21      ; 300        ; 5        ; WriteDataM[15]                                 ; input  ; 2.5 V                 ;         ; Row I/O    ; N               ; no       ; Off          ;
; U22      ; 302        ; 5        ; WriteDataM[19]                                 ; input  ; 2.5 V                 ;         ; Row I/O    ; N               ; no       ; Off          ;
; V1       ; 91         ; 2        ; RESERVED_INPUT_WITH_WEAK_PULLUP                ;        ;                       ;         ; Row I/O    ;                 ; no       ; On           ;
; V2       ;            ;          ; GND                                            ; gnd    ;                       ;         ; --         ;                 ; --       ; --           ;
; V3       ; 95         ; 2        ; ALU_ResultW[16]                                ; output ; 2.5 V                 ;         ; Row I/O    ; N               ; no       ; Off          ;
; V4       ; 125        ; 3        ; RESERVED_INPUT_WITH_WEAK_PULLUP                ;        ;                       ;         ; Column I/O ;                 ; no       ; On           ;
; V5       ; 127        ; 3        ; RESERVED_INPUT_WITH_WEAK_PULLUP                ;        ;                       ;         ; Column I/O ;                 ; no       ; On           ;
; V6       ;            ;          ; GND                                            ; gnd    ;                       ;         ; --         ;                 ; --       ; --           ;
; V7       ; 136        ; 3        ; RESERVED_INPUT_WITH_WEAK_PULLUP                ;        ;                       ;         ; Column I/O ;                 ; no       ; On           ;
; V8       ; 138        ; 3        ; RESERVED_INPUT_WITH_WEAK_PULLUP                ;        ;                       ;         ; Column I/O ;                 ; no       ; On           ;
; V9       ; 160        ; 3        ; RESERVED_INPUT_WITH_WEAK_PULLUP                ;        ;                       ;         ; Column I/O ;                 ; no       ; On           ;
; V10      ; 162        ; 3        ; RESERVED_INPUT_WITH_WEAK_PULLUP                ;        ;                       ;         ; Column I/O ;                 ; no       ; On           ;
; V11      ; 172        ; 4        ; PCPlus4M[18]                                   ; input  ; 2.5 V                 ;         ; Column I/O ; N               ; no       ; Off          ;
; V12      ; 174        ; 4        ; RESERVED_INPUT_WITH_WEAK_PULLUP                ;        ;                       ;         ; Column I/O ;                 ; no       ; On           ;
; V13      ; 192        ; 4        ; RESERVED_INPUT_WITH_WEAK_PULLUP                ;        ;                       ;         ; Column I/O ;                 ; no       ; On           ;
; V14      ; 204        ; 4        ; PCPlus4M[1]                                    ; input  ; 2.5 V                 ;         ; Column I/O ; N               ; no       ; Off          ;
; V15      ; 216        ; 4        ; RESERVED_INPUT_WITH_WEAK_PULLUP                ;        ;                       ;         ; Column I/O ;                 ; no       ; On           ;
; V16      ; 210        ; 4        ; PCPlus4W[9]                                    ; output ; 2.5 V                 ;         ; Column I/O ; N               ; no       ; Off          ;
; V17      ; 242        ; 4        ; WriteDataM[4]                                  ; input  ; 2.5 V                 ;         ; Column I/O ; N               ; no       ; Off          ;
; V18      ; 280        ; 5        ; ALU_ResultW[19]                                ; output ; 2.5 V                 ;         ; Row I/O    ; N               ; no       ; Off          ;
; V19      ;            ;          ; GND                                            ; gnd    ;                       ;         ; --         ;                 ; --       ; --           ;
; V20      ; 288        ; 5        ; WriteDataM[3]                                  ; input  ; 2.5 V                 ;         ; Row I/O    ; N               ; no       ; Off          ;
; V21      ; 289        ; 5        ; ReadDataW[1]                                   ; output ; 2.5 V                 ;         ; Row I/O    ; N               ; no       ; Off          ;
; V22      ; 291        ; 5        ; PCPlus4M[0]                                    ; input  ; 2.5 V                 ;         ; Row I/O    ; N               ; no       ; Off          ;
; W1       ; 97         ; 2        ; RESERVED_INPUT_WITH_WEAK_PULLUP                ;        ;                       ;         ; Row I/O    ;                 ; no       ; On           ;
; W2       ; 99         ; 2        ; RESERVED_INPUT_WITH_WEAK_PULLUP                ;        ;                       ;         ; Row I/O    ;                 ; no       ; On           ;
; W3       ; 134        ; 3        ; RESERVED_INPUT_WITH_WEAK_PULLUP                ;        ;                       ;         ; Column I/O ;                 ; no       ; On           ;
; W4       ; 132        ; 3        ; RESERVED_INPUT_WITH_WEAK_PULLUP                ;        ;                       ;         ; Column I/O ;                 ; no       ; On           ;
; W5       ; 124        ; 3        ; RESERVED_INPUT_WITH_WEAK_PULLUP                ;        ;                       ;         ; Column I/O ;                 ; no       ; On           ;
; W6       ; 126        ; 3        ; RESERVED_INPUT_WITH_WEAK_PULLUP                ;        ;                       ;         ; Column I/O ;                 ; no       ; On           ;
; W7       ; 148        ; 3        ; RD_M[0]                                        ; input  ; 2.5 V                 ;         ; Column I/O ; N               ; no       ; Off          ;
; W8       ; 150        ; 3        ; RESERVED_INPUT_WITH_WEAK_PULLUP                ;        ;                       ;         ; Column I/O ;                 ; no       ; On           ;
; W9       ; 144        ; 3        ; RESERVED_INPUT_WITH_WEAK_PULLUP                ;        ;                       ;         ; Column I/O ;                 ; no       ; On           ;
; W10      ; 146        ; 3        ; ALU_ResultW[21]                                ; output ; 2.5 V                 ;         ; Column I/O ; N               ; no       ; Off          ;
; W11      ; 173        ; 4        ; PCPlus4W[11]                                   ; output ; 2.5 V                 ;         ; Column I/O ; N               ; no       ; Off          ;
; W12      ; 193        ; 4        ; RESERVED_INPUT_WITH_WEAK_PULLUP                ;        ;                       ;         ; Column I/O ;                 ; no       ; On           ;
; W13      ; 195        ; 4        ; RESERVED_INPUT_WITH_WEAK_PULLUP                ;        ;                       ;         ; Column I/O ;                 ; no       ; On           ;
; W14      ; 194        ; 4        ; RESERVED_INPUT_WITH_WEAK_PULLUP                ;        ;                       ;         ; Column I/O ;                 ; no       ; On           ;
; W15      ; 206        ; 4        ; PCPlus4M[25]                                   ; input  ; 2.5 V                 ;         ; Column I/O ; N               ; no       ; Off          ;
; W16      ; 218        ; 4        ; PCPlus4W[1]                                    ; output ; 2.5 V                 ;         ; Column I/O ; N               ; no       ; Off          ;
; W17      ; 240        ; 4        ; ReadDataW[9]                                   ; output ; 2.5 V                 ;         ; Column I/O ; N               ; no       ; Off          ;
; W18      ; 226        ; 4        ; RESERVED_INPUT_WITH_WEAK_PULLUP                ;        ;                       ;         ; Column I/O ;                 ; no       ; On           ;
; W19      ; 284        ; 5        ; ReadDataW[8]                                   ; output ; 2.5 V                 ;         ; Row I/O    ; N               ; no       ; Off          ;
; W20      ; 286        ; 5        ; PCPlus4M[31]                                   ; input  ; 2.5 V                 ;         ; Row I/O    ; N               ; no       ; Off          ;
; W21      ;            ;          ; GND                                            ; gnd    ;                       ;         ; --         ;                 ; --       ; --           ;
; W22      ; 283        ; 5        ; ReadDataW[28]                                  ; output ; 2.5 V                 ;         ; Row I/O    ; N               ; no       ; Off          ;
; Y1       ; 129        ; 3        ; PCPlus4W[10]                                   ; output ; 2.5 V                 ;         ; Column I/O ; N               ; no       ; Off          ;
; Y2       ; 131        ; 3        ; ResultSrcM[1]                                  ; input  ; 2.5 V                 ;         ; Column I/O ; N               ; no       ; Off          ;
; Y3       ; 149        ; 3        ; RESERVED_INPUT_WITH_WEAK_PULLUP                ;        ;                       ;         ; Column I/O ;                 ; no       ; On           ;
; Y4       ; 151        ; 3        ; ALU_ResultW[28]                                ; output ; 2.5 V                 ;         ; Column I/O ; N               ; no       ; Off          ;
; Y5       ; 137        ; 3        ; RESERVED_INPUT_WITH_WEAK_PULLUP                ;        ;                       ;         ; Column I/O ;                 ; no       ; On           ;
; Y6       ; 139        ; 3        ; RESERVED_INPUT_WITH_WEAK_PULLUP                ;        ;                       ;         ; Column I/O ;                 ; no       ; On           ;
; Y7       ; 141        ; 3        ; RESERVED_INPUT_WITH_WEAK_PULLUP                ;        ;                       ;         ; Column I/O ;                 ; no       ; On           ;
; Y8       ; 143        ; 3        ; RESERVED_INPUT_WITH_WEAK_PULLUP                ;        ;                       ;         ; Column I/O ;                 ; no       ; On           ;
; Y9       ;            ;          ; GND                                            ; gnd    ;                       ;         ; --         ;                 ; --       ; --           ;
; Y10      ; 168        ; 3        ; ALU_ResultW[17]                                ; output ; 2.5 V                 ;         ; Column I/O ; N               ; no       ; Off          ;
; Y11      ; 175        ; 4        ; RESERVED_INPUT_WITH_WEAK_PULLUP                ;        ;                       ;         ; Column I/O ;                 ; no       ; On           ;
; Y12      ;            ;          ; GND                                            ; gnd    ;                       ;         ; --         ;                 ; --       ; --           ;
; Y13      ; 200        ; 4        ; ALU_ResultM[12]                                ; input  ; 2.5 V                 ;         ; Column I/O ; N               ; no       ; Off          ;
; Y14      ; 202        ; 4        ; PCPlus4M[19]                                   ; input  ; 2.5 V                 ;         ; Column I/O ; N               ; no       ; Off          ;
; Y15      ;            ;          ; GND                                            ; gnd    ;                       ;         ; --         ;                 ; --       ; --           ;
; Y16      ; 207        ; 4        ; RESERVED_INPUT_WITH_WEAK_PULLUP                ;        ;                       ;         ; Column I/O ;                 ; no       ; On           ;
; Y17      ; 214        ; 4        ; PCPlus4M[15]                                   ; input  ; 2.5 V                 ;         ; Column I/O ; N               ; no       ; Off          ;
; Y18      ; 219        ; 4        ; RESERVED_INPUT_WITH_WEAK_PULLUP                ;        ;                       ;         ; Column I/O ;                 ; no       ; On           ;
; Y19      ; 224        ; 4        ; ReadDataW[13]                                  ; output ; 2.5 V                 ;         ; Column I/O ; N               ; no       ; Off          ;
; Y20      ; 285        ; 5        ; WriteDataM[17]                                 ; input  ; 2.5 V                 ;         ; Row I/O    ; N               ; no       ; Off          ;
; Y21      ; 287        ; 5        ; PCPlus4W[31]                                   ; output ; 2.5 V                 ;         ; Row I/O    ; N               ; no       ; Off          ;
; Y22      ; 281        ; 5        ; ALU_ResultW[24]                                ; output ; 2.5 V                 ;         ; Row I/O    ; N               ; no       ; Off          ;
+----------+------------+----------+------------------------------------------------+--------+-----------------------+---------+------------+-----------------+----------+--------------+
Note: Pin directions (input, output or bidir) are based on device operating in user mode.


+-------------------------------------------------+
; I/O Assignment Warnings                         ;
+-----------------+-------------------------------+
; Pin Name        ; Reason                        ;
+-----------------+-------------------------------+
; RegWriteW       ; Incomplete set of assignments ;
; ResultSrcW[0]   ; Incomplete set of assignments ;
; ResultSrcW[1]   ; Incomplete set of assignments ;
; RD_W[0]         ; Incomplete set of assignments ;
; RD_W[1]         ; Incomplete set of assignments ;
; RD_W[2]         ; Incomplete set of assignments ;
; RD_W[3]         ; Incomplete set of assignments ;
; RD_W[4]         ; Incomplete set of assignments ;
; PCPlus4W[0]     ; Incomplete set of assignments ;
; PCPlus4W[1]     ; Incomplete set of assignments ;
; PCPlus4W[2]     ; Incomplete set of assignments ;
; PCPlus4W[3]     ; Incomplete set of assignments ;
; PCPlus4W[4]     ; Incomplete set of assignments ;
; PCPlus4W[5]     ; Incomplete set of assignments ;
; PCPlus4W[6]     ; Incomplete set of assignments ;
; PCPlus4W[7]     ; Incomplete set of assignments ;
; PCPlus4W[8]     ; Incomplete set of assignments ;
; PCPlus4W[9]     ; Incomplete set of assignments ;
; PCPlus4W[10]    ; Incomplete set of assignments ;
; PCPlus4W[11]    ; Incomplete set of assignments ;
; PCPlus4W[12]    ; Incomplete set of assignments ;
; PCPlus4W[13]    ; Incomplete set of assignments ;
; PCPlus4W[14]    ; Incomplete set of assignments ;
; PCPlus4W[15]    ; Incomplete set of assignments ;
; PCPlus4W[16]    ; Incomplete set of assignments ;
; PCPlus4W[17]    ; Incomplete set of assignments ;
; PCPlus4W[18]    ; Incomplete set of assignments ;
; PCPlus4W[19]    ; Incomplete set of assignments ;
; PCPlus4W[20]    ; Incomplete set of assignments ;
; PCPlus4W[21]    ; Incomplete set of assignments ;
; PCPlus4W[22]    ; Incomplete set of assignments ;
; PCPlus4W[23]    ; Incomplete set of assignments ;
; PCPlus4W[24]    ; Incomplete set of assignments ;
; PCPlus4W[25]    ; Incomplete set of assignments ;
; PCPlus4W[26]    ; Incomplete set of assignments ;
; PCPlus4W[27]    ; Incomplete set of assignments ;
; PCPlus4W[28]    ; Incomplete set of assignments ;
; PCPlus4W[29]    ; Incomplete set of assignments ;
; PCPlus4W[30]    ; Incomplete set of assignments ;
; PCPlus4W[31]    ; Incomplete set of assignments ;
; ALU_ResultW[0]  ; Incomplete set of assignments ;
; ALU_ResultW[1]  ; Incomplete set of assignments ;
; ALU_ResultW[2]  ; Incomplete set of assignments ;
; ALU_ResultW[3]  ; Incomplete set of assignments ;
; ALU_ResultW[4]  ; Incomplete set of assignments ;
; ALU_ResultW[5]  ; Incomplete set of assignments ;
; ALU_ResultW[6]  ; Incomplete set of assignments ;
; ALU_ResultW[7]  ; Incomplete set of assignments ;
; ALU_ResultW[8]  ; Incomplete set of assignments ;
; ALU_ResultW[9]  ; Incomplete set of assignments ;
; ALU_ResultW[10] ; Incomplete set of assignments ;
; ALU_ResultW[11] ; Incomplete set of assignments ;
; ALU_ResultW[12] ; Incomplete set of assignments ;
; ALU_ResultW[13] ; Incomplete set of assignments ;
; ALU_ResultW[14] ; Incomplete set of assignments ;
; ALU_ResultW[15] ; Incomplete set of assignments ;
; ALU_ResultW[16] ; Incomplete set of assignments ;
; ALU_ResultW[17] ; Incomplete set of assignments ;
; ALU_ResultW[18] ; Incomplete set of assignments ;
; ALU_ResultW[19] ; Incomplete set of assignments ;
; ALU_ResultW[20] ; Incomplete set of assignments ;
; ALU_ResultW[21] ; Incomplete set of assignments ;
; ALU_ResultW[22] ; Incomplete set of assignments ;
; ALU_ResultW[23] ; Incomplete set of assignments ;
; ALU_ResultW[24] ; Incomplete set of assignments ;
; ALU_ResultW[25] ; Incomplete set of assignments ;
; ALU_ResultW[26] ; Incomplete set of assignments ;
; ALU_ResultW[27] ; Incomplete set of assignments ;
; ALU_ResultW[28] ; Incomplete set of assignments ;
; ALU_ResultW[29] ; Incomplete set of assignments ;
; ALU_ResultW[30] ; Incomplete set of assignments ;
; ALU_ResultW[31] ; Incomplete set of assignments ;
; ReadDataW[0]    ; Incomplete set of assignments ;
; ReadDataW[1]    ; Incomplete set of assignments ;
; ReadDataW[2]    ; Incomplete set of assignments ;
; ReadDataW[3]    ; Incomplete set of assignments ;
; ReadDataW[4]    ; Incomplete set of assignments ;
; ReadDataW[5]    ; Incomplete set of assignments ;
; ReadDataW[6]    ; Incomplete set of assignments ;
; ReadDataW[7]    ; Incomplete set of assignments ;
; ReadDataW[8]    ; Incomplete set of assignments ;
; ReadDataW[9]    ; Incomplete set of assignments ;
; ReadDataW[10]   ; Incomplete set of assignments ;
; ReadDataW[11]   ; Incomplete set of assignments ;
; ReadDataW[12]   ; Incomplete set of assignments ;
; ReadDataW[13]   ; Incomplete set of assignments ;
; ReadDataW[14]   ; Incomplete set of assignments ;
; ReadDataW[15]   ; Incomplete set of assignments ;
; ReadDataW[16]   ; Incomplete set of assignments ;
; ReadDataW[17]   ; Incomplete set of assignments ;
; ReadDataW[18]   ; Incomplete set of assignments ;
; ReadDataW[19]   ; Incomplete set of assignments ;
; ReadDataW[20]   ; Incomplete set of assignments ;
; ReadDataW[21]   ; Incomplete set of assignments ;
; ReadDataW[22]   ; Incomplete set of assignments ;
; ReadDataW[23]   ; Incomplete set of assignments ;
; ReadDataW[24]   ; Incomplete set of assignments ;
; ReadDataW[25]   ; Incomplete set of assignments ;
; ReadDataW[26]   ; Incomplete set of assignments ;
; ReadDataW[27]   ; Incomplete set of assignments ;
; ReadDataW[28]   ; Incomplete set of assignments ;
; ReadDataW[29]   ; Incomplete set of assignments ;
; ReadDataW[30]   ; Incomplete set of assignments ;
; ReadDataW[31]   ; Incomplete set of assignments ;
; RegWriteM       ; Incomplete set of assignments ;
; clk             ; Incomplete set of assignments ;
; reset           ; Incomplete set of assignments ;
; ResultSrcM[0]   ; Incomplete set of assignments ;
; ResultSrcM[1]   ; Incomplete set of assignments ;
; RD_M[0]         ; Incomplete set of assignments ;
; RD_M[1]         ; Incomplete set of assignments ;
; RD_M[2]         ; Incomplete set of assignments ;
; RD_M[3]         ; Incomplete set of assignments ;
; RD_M[4]         ; Incomplete set of assignments ;
; PCPlus4M[0]     ; Incomplete set of assignments ;
; PCPlus4M[1]     ; Incomplete set of assignments ;
; PCPlus4M[2]     ; Incomplete set of assignments ;
; PCPlus4M[3]     ; Incomplete set of assignments ;
; PCPlus4M[4]     ; Incomplete set of assignments ;
; PCPlus4M[5]     ; Incomplete set of assignments ;
; PCPlus4M[6]     ; Incomplete set of assignments ;
; PCPlus4M[7]     ; Incomplete set of assignments ;
; PCPlus4M[8]     ; Incomplete set of assignments ;
; PCPlus4M[9]     ; Incomplete set of assignments ;
; PCPlus4M[10]    ; Incomplete set of assignments ;
; PCPlus4M[11]    ; Incomplete set of assignments ;
; PCPlus4M[12]    ; Incomplete set of assignments ;
; PCPlus4M[13]    ; Incomplete set of assignments ;
; PCPlus4M[14]    ; Incomplete set of assignments ;
; PCPlus4M[15]    ; Incomplete set of assignments ;
; PCPlus4M[16]    ; Incomplete set of assignments ;
; PCPlus4M[17]    ; Incomplete set of assignments ;
; PCPlus4M[18]    ; Incomplete set of assignments ;
; PCPlus4M[19]    ; Incomplete set of assignments ;
; PCPlus4M[20]    ; Incomplete set of assignments ;
; PCPlus4M[21]    ; Incomplete set of assignments ;
; PCPlus4M[22]    ; Incomplete set of assignments ;
; PCPlus4M[23]    ; Incomplete set of assignments ;
; PCPlus4M[24]    ; Incomplete set of assignments ;
; PCPlus4M[25]    ; Incomplete set of assignments ;
; PCPlus4M[26]    ; Incomplete set of assignments ;
; PCPlus4M[27]    ; Incomplete set of assignments ;
; PCPlus4M[28]    ; Incomplete set of assignments ;
; PCPlus4M[29]    ; Incomplete set of assignments ;
; PCPlus4M[30]    ; Incomplete set of assignments ;
; PCPlus4M[31]    ; Incomplete set of assignments ;
; ALU_ResultM[0]  ; Incomplete set of assignments ;
; ALU_ResultM[1]  ; Incomplete set of assignments ;
; ALU_ResultM[2]  ; Incomplete set of assignments ;
; ALU_ResultM[3]  ; Incomplete set of assignments ;
; ALU_ResultM[4]  ; Incomplete set of assignments ;
; ALU_ResultM[5]  ; Incomplete set of assignments ;
; ALU_ResultM[6]  ; Incomplete set of assignments ;
; ALU_ResultM[7]  ; Incomplete set of assignments ;
; ALU_ResultM[8]  ; Incomplete set of assignments ;
; ALU_ResultM[9]  ; Incomplete set of assignments ;
; ALU_ResultM[10] ; Incomplete set of assignments ;
; ALU_ResultM[11] ; Incomplete set of assignments ;
; ALU_ResultM[12] ; Incomplete set of assignments ;
; ALU_ResultM[13] ; Incomplete set of assignments ;
; ALU_ResultM[14] ; Incomplete set of assignments ;
; ALU_ResultM[15] ; Incomplete set of assignments ;
; ALU_ResultM[16] ; Incomplete set of assignments ;
; ALU_ResultM[17] ; Incomplete set of assignments ;
; ALU_ResultM[18] ; Incomplete set of assignments ;
; ALU_ResultM[19] ; Incomplete set of assignments ;
; ALU_ResultM[20] ; Incomplete set of assignments ;
; ALU_ResultM[21] ; Incomplete set of assignments ;
; ALU_ResultM[22] ; Incomplete set of assignments ;
; ALU_ResultM[23] ; Incomplete set of assignments ;
; ALU_ResultM[24] ; Incomplete set of assignments ;
; ALU_ResultM[25] ; Incomplete set of assignments ;
; ALU_ResultM[26] ; Incomplete set of assignments ;
; ALU_ResultM[27] ; Incomplete set of assignments ;
; ALU_ResultM[28] ; Incomplete set of assignments ;
; ALU_ResultM[29] ; Incomplete set of assignments ;
; ALU_ResultM[30] ; Incomplete set of assignments ;
; ALU_ResultM[31] ; Incomplete set of assignments ;
; MemWriteM       ; Incomplete set of assignments ;
; MemReadM        ; Incomplete set of assignments ;
; WriteDataM[0]   ; Incomplete set of assignments ;
; WriteDataM[1]   ; Incomplete set of assignments ;
; WriteDataM[2]   ; Incomplete set of assignments ;
; WriteDataM[3]   ; Incomplete set of assignments ;
; WriteDataM[4]   ; Incomplete set of assignments ;
; WriteDataM[5]   ; Incomplete set of assignments ;
; WriteDataM[6]   ; Incomplete set of assignments ;
; WriteDataM[7]   ; Incomplete set of assignments ;
; WriteDataM[8]   ; Incomplete set of assignments ;
; WriteDataM[9]   ; Incomplete set of assignments ;
; WriteDataM[10]  ; Incomplete set of assignments ;
; WriteDataM[11]  ; Incomplete set of assignments ;
; WriteDataM[12]  ; Incomplete set of assignments ;
; WriteDataM[13]  ; Incomplete set of assignments ;
; WriteDataM[14]  ; Incomplete set of assignments ;
; WriteDataM[15]  ; Incomplete set of assignments ;
; WriteDataM[16]  ; Incomplete set of assignments ;
; WriteDataM[17]  ; Incomplete set of assignments ;
; WriteDataM[18]  ; Incomplete set of assignments ;
; WriteDataM[19]  ; Incomplete set of assignments ;
; WriteDataM[20]  ; Incomplete set of assignments ;
; WriteDataM[21]  ; Incomplete set of assignments ;
; WriteDataM[22]  ; Incomplete set of assignments ;
; WriteDataM[23]  ; Incomplete set of assignments ;
; WriteDataM[24]  ; Incomplete set of assignments ;
; WriteDataM[25]  ; Incomplete set of assignments ;
; WriteDataM[26]  ; Incomplete set of assignments ;
; WriteDataM[27]  ; Incomplete set of assignments ;
; WriteDataM[28]  ; Incomplete set of assignments ;
; WriteDataM[29]  ; Incomplete set of assignments ;
; WriteDataM[30]  ; Incomplete set of assignments ;
; WriteDataM[31]  ; Incomplete set of assignments ;
; RegWriteW       ; Missing location assignment   ;
; ResultSrcW[0]   ; Missing location assignment   ;
; ResultSrcW[1]   ; Missing location assignment   ;
; RD_W[0]         ; Missing location assignment   ;
; RD_W[1]         ; Missing location assignment   ;
; RD_W[2]         ; Missing location assignment   ;
; RD_W[3]         ; Missing location assignment   ;
; RD_W[4]         ; Missing location assignment   ;
; PCPlus4W[0]     ; Missing location assignment   ;
; PCPlus4W[1]     ; Missing location assignment   ;
; PCPlus4W[2]     ; Missing location assignment   ;
; PCPlus4W[3]     ; Missing location assignment   ;
; PCPlus4W[4]     ; Missing location assignment   ;
; PCPlus4W[5]     ; Missing location assignment   ;
; PCPlus4W[6]     ; Missing location assignment   ;
; PCPlus4W[7]     ; Missing location assignment   ;
; PCPlus4W[8]     ; Missing location assignment   ;
; PCPlus4W[9]     ; Missing location assignment   ;
; PCPlus4W[10]    ; Missing location assignment   ;
; PCPlus4W[11]    ; Missing location assignment   ;
; PCPlus4W[12]    ; Missing location assignment   ;
; PCPlus4W[13]    ; Missing location assignment   ;
; PCPlus4W[14]    ; Missing location assignment   ;
; PCPlus4W[15]    ; Missing location assignment   ;
; PCPlus4W[16]    ; Missing location assignment   ;
; PCPlus4W[17]    ; Missing location assignment   ;
; PCPlus4W[18]    ; Missing location assignment   ;
; PCPlus4W[19]    ; Missing location assignment   ;
; PCPlus4W[20]    ; Missing location assignment   ;
; PCPlus4W[21]    ; Missing location assignment   ;
; PCPlus4W[22]    ; Missing location assignment   ;
; PCPlus4W[23]    ; Missing location assignment   ;
; PCPlus4W[24]    ; Missing location assignment   ;
; PCPlus4W[25]    ; Missing location assignment   ;
; PCPlus4W[26]    ; Missing location assignment   ;
; PCPlus4W[27]    ; Missing location assignment   ;
; PCPlus4W[28]    ; Missing location assignment   ;
; PCPlus4W[29]    ; Missing location assignment   ;
; PCPlus4W[30]    ; Missing location assignment   ;
; PCPlus4W[31]    ; Missing location assignment   ;
; ALU_ResultW[0]  ; Missing location assignment   ;
; ALU_ResultW[1]  ; Missing location assignment   ;
; ALU_ResultW[2]  ; Missing location assignment   ;
; ALU_ResultW[3]  ; Missing location assignment   ;
; ALU_ResultW[4]  ; Missing location assignment   ;
; ALU_ResultW[5]  ; Missing location assignment   ;
; ALU_ResultW[6]  ; Missing location assignment   ;
; ALU_ResultW[7]  ; Missing location assignment   ;
; ALU_ResultW[8]  ; Missing location assignment   ;
; ALU_ResultW[9]  ; Missing location assignment   ;
; ALU_ResultW[10] ; Missing location assignment   ;
; ALU_ResultW[11] ; Missing location assignment   ;
; ALU_ResultW[12] ; Missing location assignment   ;
; ALU_ResultW[13] ; Missing location assignment   ;
; ALU_ResultW[14] ; Missing location assignment   ;
; ALU_ResultW[15] ; Missing location assignment   ;
; ALU_ResultW[16] ; Missing location assignment   ;
; ALU_ResultW[17] ; Missing location assignment   ;
; ALU_ResultW[18] ; Missing location assignment   ;
; ALU_ResultW[19] ; Missing location assignment   ;
; ALU_ResultW[20] ; Missing location assignment   ;
; ALU_ResultW[21] ; Missing location assignment   ;
; ALU_ResultW[22] ; Missing location assignment   ;
; ALU_ResultW[23] ; Missing location assignment   ;
; ALU_ResultW[24] ; Missing location assignment   ;
; ALU_ResultW[25] ; Missing location assignment   ;
; ALU_ResultW[26] ; Missing location assignment   ;
; ALU_ResultW[27] ; Missing location assignment   ;
; ALU_ResultW[28] ; Missing location assignment   ;
; ALU_ResultW[29] ; Missing location assignment   ;
; ALU_ResultW[30] ; Missing location assignment   ;
; ALU_ResultW[31] ; Missing location assignment   ;
; ReadDataW[0]    ; Missing location assignment   ;
; ReadDataW[1]    ; Missing location assignment   ;
; ReadDataW[2]    ; Missing location assignment   ;
; ReadDataW[3]    ; Missing location assignment   ;
; ReadDataW[4]    ; Missing location assignment   ;
; ReadDataW[5]    ; Missing location assignment   ;
; ReadDataW[6]    ; Missing location assignment   ;
; ReadDataW[7]    ; Missing location assignment   ;
; ReadDataW[8]    ; Missing location assignment   ;
; ReadDataW[9]    ; Missing location assignment   ;
; ReadDataW[10]   ; Missing location assignment   ;
; ReadDataW[11]   ; Missing location assignment   ;
; ReadDataW[12]   ; Missing location assignment   ;
; ReadDataW[13]   ; Missing location assignment   ;
; ReadDataW[14]   ; Missing location assignment   ;
; ReadDataW[15]   ; Missing location assignment   ;
; ReadDataW[16]   ; Missing location assignment   ;
; ReadDataW[17]   ; Missing location assignment   ;
; ReadDataW[18]   ; Missing location assignment   ;
; ReadDataW[19]   ; Missing location assignment   ;
; ReadDataW[20]   ; Missing location assignment   ;
; ReadDataW[21]   ; Missing location assignment   ;
; ReadDataW[22]   ; Missing location assignment   ;
; ReadDataW[23]   ; Missing location assignment   ;
; ReadDataW[24]   ; Missing location assignment   ;
; ReadDataW[25]   ; Missing location assignment   ;
; ReadDataW[26]   ; Missing location assignment   ;
; ReadDataW[27]   ; Missing location assignment   ;
; ReadDataW[28]   ; Missing location assignment   ;
; ReadDataW[29]   ; Missing location assignment   ;
; ReadDataW[30]   ; Missing location assignment   ;
; ReadDataW[31]   ; Missing location assignment   ;
; RegWriteM       ; Missing location assignment   ;
; clk             ; Missing location assignment   ;
; reset           ; Missing location assignment   ;
; ResultSrcM[0]   ; Missing location assignment   ;
; ResultSrcM[1]   ; Missing location assignment   ;
; RD_M[0]         ; Missing location assignment   ;
; RD_M[1]         ; Missing location assignment   ;
; RD_M[2]         ; Missing location assignment   ;
; RD_M[3]         ; Missing location assignment   ;
; RD_M[4]         ; Missing location assignment   ;
; PCPlus4M[0]     ; Missing location assignment   ;
; PCPlus4M[1]     ; Missing location assignment   ;
; PCPlus4M[2]     ; Missing location assignment   ;
; PCPlus4M[3]     ; Missing location assignment   ;
; PCPlus4M[4]     ; Missing location assignment   ;
; PCPlus4M[5]     ; Missing location assignment   ;
; PCPlus4M[6]     ; Missing location assignment   ;
; PCPlus4M[7]     ; Missing location assignment   ;
; PCPlus4M[8]     ; Missing location assignment   ;
; PCPlus4M[9]     ; Missing location assignment   ;
; PCPlus4M[10]    ; Missing location assignment   ;
; PCPlus4M[11]    ; Missing location assignment   ;
; PCPlus4M[12]    ; Missing location assignment   ;
; PCPlus4M[13]    ; Missing location assignment   ;
; PCPlus4M[14]    ; Missing location assignment   ;
; PCPlus4M[15]    ; Missing location assignment   ;
; PCPlus4M[16]    ; Missing location assignment   ;
; PCPlus4M[17]    ; Missing location assignment   ;
; PCPlus4M[18]    ; Missing location assignment   ;
; PCPlus4M[19]    ; Missing location assignment   ;
; PCPlus4M[20]    ; Missing location assignment   ;
; PCPlus4M[21]    ; Missing location assignment   ;
; PCPlus4M[22]    ; Missing location assignment   ;
; PCPlus4M[23]    ; Missing location assignment   ;
; PCPlus4M[24]    ; Missing location assignment   ;
; PCPlus4M[25]    ; Missing location assignment   ;
; PCPlus4M[26]    ; Missing location assignment   ;
; PCPlus4M[27]    ; Missing location assignment   ;
; PCPlus4M[28]    ; Missing location assignment   ;
; PCPlus4M[29]    ; Missing location assignment   ;
; PCPlus4M[30]    ; Missing location assignment   ;
; PCPlus4M[31]    ; Missing location assignment   ;
; ALU_ResultM[0]  ; Missing location assignment   ;
; ALU_ResultM[1]  ; Missing location assignment   ;
; ALU_ResultM[2]  ; Missing location assignment   ;
; ALU_ResultM[3]  ; Missing location assignment   ;
; ALU_ResultM[4]  ; Missing location assignment   ;
; ALU_ResultM[5]  ; Missing location assignment   ;
; ALU_ResultM[6]  ; Missing location assignment   ;
; ALU_ResultM[7]  ; Missing location assignment   ;
; ALU_ResultM[8]  ; Missing location assignment   ;
; ALU_ResultM[9]  ; Missing location assignment   ;
; ALU_ResultM[10] ; Missing location assignment   ;
; ALU_ResultM[11] ; Missing location assignment   ;
; ALU_ResultM[12] ; Missing location assignment   ;
; ALU_ResultM[13] ; Missing location assignment   ;
; ALU_ResultM[14] ; Missing location assignment   ;
; ALU_ResultM[15] ; Missing location assignment   ;
; ALU_ResultM[16] ; Missing location assignment   ;
; ALU_ResultM[17] ; Missing location assignment   ;
; ALU_ResultM[18] ; Missing location assignment   ;
; ALU_ResultM[19] ; Missing location assignment   ;
; ALU_ResultM[20] ; Missing location assignment   ;
; ALU_ResultM[21] ; Missing location assignment   ;
; ALU_ResultM[22] ; Missing location assignment   ;
; ALU_ResultM[23] ; Missing location assignment   ;
; ALU_ResultM[24] ; Missing location assignment   ;
; ALU_ResultM[25] ; Missing location assignment   ;
; ALU_ResultM[26] ; Missing location assignment   ;
; ALU_ResultM[27] ; Missing location assignment   ;
; ALU_ResultM[28] ; Missing location assignment   ;
; ALU_ResultM[29] ; Missing location assignment   ;
; ALU_ResultM[30] ; Missing location assignment   ;
; ALU_ResultM[31] ; Missing location assignment   ;
; MemWriteM       ; Missing location assignment   ;
; MemReadM        ; Missing location assignment   ;
; WriteDataM[0]   ; Missing location assignment   ;
; WriteDataM[1]   ; Missing location assignment   ;
; WriteDataM[2]   ; Missing location assignment   ;
; WriteDataM[3]   ; Missing location assignment   ;
; WriteDataM[4]   ; Missing location assignment   ;
; WriteDataM[5]   ; Missing location assignment   ;
; WriteDataM[6]   ; Missing location assignment   ;
; WriteDataM[7]   ; Missing location assignment   ;
; WriteDataM[8]   ; Missing location assignment   ;
; WriteDataM[9]   ; Missing location assignment   ;
; WriteDataM[10]  ; Missing location assignment   ;
; WriteDataM[11]  ; Missing location assignment   ;
; WriteDataM[12]  ; Missing location assignment   ;
; WriteDataM[13]  ; Missing location assignment   ;
; WriteDataM[14]  ; Missing location assignment   ;
; WriteDataM[15]  ; Missing location assignment   ;
; WriteDataM[16]  ; Missing location assignment   ;
; WriteDataM[17]  ; Missing location assignment   ;
; WriteDataM[18]  ; Missing location assignment   ;
; WriteDataM[19]  ; Missing location assignment   ;
; WriteDataM[20]  ; Missing location assignment   ;
; WriteDataM[21]  ; Missing location assignment   ;
; WriteDataM[22]  ; Missing location assignment   ;
; WriteDataM[23]  ; Missing location assignment   ;
; WriteDataM[24]  ; Missing location assignment   ;
; WriteDataM[25]  ; Missing location assignment   ;
; WriteDataM[26]  ; Missing location assignment   ;
; WriteDataM[27]  ; Missing location assignment   ;
; WriteDataM[28]  ; Missing location assignment   ;
; WriteDataM[29]  ; Missing location assignment   ;
; WriteDataM[30]  ; Missing location assignment   ;
; WriteDataM[31]  ; Missing location assignment   ;
+-----------------+-------------------------------+


+----------------------------------------------------------------------------------------------------------------------------------------------------------------------------------------------------------------------------------------------------------------------------------------------------------------------------------------------------------------------------------------+
; Fitter Resource Utilization by Entity                                                                                                                                                                                                                                                                                                                                                  ;
+-------------------------------------------+-------------+---------------------------+---------------+-------------+------+------------+--------------+---------+-----------+------+--------------+--------------+-------------------+------------------+------------+---------------------------------------------------------------------------------+-----------------+--------------+
; Compilation Hierarchy Node                ; Logic Cells ; Dedicated Logic Registers ; I/O Registers ; Memory Bits ; M9Ks ; UFM Blocks ; DSP Elements ; DSP 9x9 ; DSP 18x18 ; Pins ; Virtual Pins ; LUT-Only LCs ; Register-Only LCs ; LUT/Register LCs ; ADC blocks ; Full Hierarchy Name                                                             ; Entity Name     ; Library Name ;
+-------------------------------------------+-------------+---------------------------+---------------+-------------+------+------------+--------------+---------+-----------+------+--------------+--------------+-------------------+------------------+------------+---------------------------------------------------------------------------------+-----------------+--------------+
; |Memory_Cycle                             ; 73 (73)     ; 72 (72)                   ; 0 (0)         ; 32768       ; 4    ; 1          ; 0            ; 0       ; 0         ; 212  ; 0            ; 1 (1)        ; 72 (72)           ; 0 (0)            ; 0          ; |Memory_Cycle                                                                   ; Memory_Cycle    ; work         ;
;    |Data_RAM:dmem|                        ; 0 (0)       ; 0 (0)                     ; 0 (0)         ; 32768       ; 4    ; 0          ; 0            ; 0       ; 0         ; 0    ; 0            ; 0 (0)        ; 0 (0)             ; 0 (0)            ; 0          ; |Memory_Cycle|Data_RAM:dmem                                                     ; Data_RAM        ; work         ;
;       |altsyncram:mem_rtl_0|              ; 0 (0)       ; 0 (0)                     ; 0 (0)         ; 32768       ; 4    ; 0          ; 0            ; 0       ; 0         ; 0    ; 0            ; 0 (0)        ; 0 (0)             ; 0 (0)            ; 0          ; |Memory_Cycle|Data_RAM:dmem|altsyncram:mem_rtl_0                                ; altsyncram      ; work         ;
;          |altsyncram_unk1:auto_generated| ; 0 (0)       ; 0 (0)                     ; 0 (0)         ; 32768       ; 4    ; 0          ; 0            ; 0       ; 0         ; 0    ; 0            ; 0 (0)        ; 0 (0)             ; 0 (0)            ; 0          ; |Memory_Cycle|Data_RAM:dmem|altsyncram:mem_rtl_0|altsyncram_unk1:auto_generated ; altsyncram_unk1 ; work         ;
+-------------------------------------------+-------------+---------------------------+---------------+-------------+------+------------+--------------+---------+-----------+------+--------------+--------------+-------------------+------------------+------------+---------------------------------------------------------------------------------+-----------------+--------------+
Note: For table entries with two numbers listed, the numbers in parentheses indicate the number of resources of the given type used by the specific entity alone. The numbers listed outside of parentheses indicate the total resources of the given type used by the specific entity and all of its sub-entities in the hierarchy.


+-------------------------------------------------------------------------------------------------+
; Delay Chain Summary                                                                             ;
+-----------------+----------+---------------+---------------+-----------------------+-----+------+
; Name            ; Pin Type ; Pad to Core 0 ; Pad to Core 1 ; Pad to Input Register ; TCO ; TCOE ;
+-----------------+----------+---------------+---------------+-----------------------+-----+------+
; RegWriteW       ; Output   ; --            ; --            ; --                    ; --  ; --   ;
; ResultSrcW[0]   ; Output   ; --            ; --            ; --                    ; --  ; --   ;
; ResultSrcW[1]   ; Output   ; --            ; --            ; --                    ; --  ; --   ;
; RD_W[0]         ; Output   ; --            ; --            ; --                    ; --  ; --   ;
; RD_W[1]         ; Output   ; --            ; --            ; --                    ; --  ; --   ;
; RD_W[2]         ; Output   ; --            ; --            ; --                    ; --  ; --   ;
; RD_W[3]         ; Output   ; --            ; --            ; --                    ; --  ; --   ;
; RD_W[4]         ; Output   ; --            ; --            ; --                    ; --  ; --   ;
; PCPlus4W[0]     ; Output   ; --            ; --            ; --                    ; --  ; --   ;
; PCPlus4W[1]     ; Output   ; --            ; --            ; --                    ; --  ; --   ;
; PCPlus4W[2]     ; Output   ; --            ; --            ; --                    ; --  ; --   ;
; PCPlus4W[3]     ; Output   ; --            ; --            ; --                    ; --  ; --   ;
; PCPlus4W[4]     ; Output   ; --            ; --            ; --                    ; --  ; --   ;
; PCPlus4W[5]     ; Output   ; --            ; --            ; --                    ; --  ; --   ;
; PCPlus4W[6]     ; Output   ; --            ; --            ; --                    ; --  ; --   ;
; PCPlus4W[7]     ; Output   ; --            ; --            ; --                    ; --  ; --   ;
; PCPlus4W[8]     ; Output   ; --            ; --            ; --                    ; --  ; --   ;
; PCPlus4W[9]     ; Output   ; --            ; --            ; --                    ; --  ; --   ;
; PCPlus4W[10]    ; Output   ; --            ; --            ; --                    ; --  ; --   ;
; PCPlus4W[11]    ; Output   ; --            ; --            ; --                    ; --  ; --   ;
; PCPlus4W[12]    ; Output   ; --            ; --            ; --                    ; --  ; --   ;
; PCPlus4W[13]    ; Output   ; --            ; --            ; --                    ; --  ; --   ;
; PCPlus4W[14]    ; Output   ; --            ; --            ; --                    ; --  ; --   ;
; PCPlus4W[15]    ; Output   ; --            ; --            ; --                    ; --  ; --   ;
; PCPlus4W[16]    ; Output   ; --            ; --            ; --                    ; --  ; --   ;
; PCPlus4W[17]    ; Output   ; --            ; --            ; --                    ; --  ; --   ;
; PCPlus4W[18]    ; Output   ; --            ; --            ; --                    ; --  ; --   ;
; PCPlus4W[19]    ; Output   ; --            ; --            ; --                    ; --  ; --   ;
; PCPlus4W[20]    ; Output   ; --            ; --            ; --                    ; --  ; --   ;
; PCPlus4W[21]    ; Output   ; --            ; --            ; --                    ; --  ; --   ;
; PCPlus4W[22]    ; Output   ; --            ; --            ; --                    ; --  ; --   ;
; PCPlus4W[23]    ; Output   ; --            ; --            ; --                    ; --  ; --   ;
; PCPlus4W[24]    ; Output   ; --            ; --            ; --                    ; --  ; --   ;
; PCPlus4W[25]    ; Output   ; --            ; --            ; --                    ; --  ; --   ;
; PCPlus4W[26]    ; Output   ; --            ; --            ; --                    ; --  ; --   ;
; PCPlus4W[27]    ; Output   ; --            ; --            ; --                    ; --  ; --   ;
; PCPlus4W[28]    ; Output   ; --            ; --            ; --                    ; --  ; --   ;
; PCPlus4W[29]    ; Output   ; --            ; --            ; --                    ; --  ; --   ;
; PCPlus4W[30]    ; Output   ; --            ; --            ; --                    ; --  ; --   ;
; PCPlus4W[31]    ; Output   ; --            ; --            ; --                    ; --  ; --   ;
; ALU_ResultW[0]  ; Output   ; --            ; --            ; --                    ; --  ; --   ;
; ALU_ResultW[1]  ; Output   ; --            ; --            ; --                    ; --  ; --   ;
; ALU_ResultW[2]  ; Output   ; --            ; --            ; --                    ; --  ; --   ;
; ALU_ResultW[3]  ; Output   ; --            ; --            ; --                    ; --  ; --   ;
; ALU_ResultW[4]  ; Output   ; --            ; --            ; --                    ; --  ; --   ;
; ALU_ResultW[5]  ; Output   ; --            ; --            ; --                    ; --  ; --   ;
; ALU_ResultW[6]  ; Output   ; --            ; --            ; --                    ; --  ; --   ;
; ALU_ResultW[7]  ; Output   ; --            ; --            ; --                    ; --  ; --   ;
; ALU_ResultW[8]  ; Output   ; --            ; --            ; --                    ; --  ; --   ;
; ALU_ResultW[9]  ; Output   ; --            ; --            ; --                    ; --  ; --   ;
; ALU_ResultW[10] ; Output   ; --            ; --            ; --                    ; --  ; --   ;
; ALU_ResultW[11] ; Output   ; --            ; --            ; --                    ; --  ; --   ;
; ALU_ResultW[12] ; Output   ; --            ; --            ; --                    ; --  ; --   ;
; ALU_ResultW[13] ; Output   ; --            ; --            ; --                    ; --  ; --   ;
; ALU_ResultW[14] ; Output   ; --            ; --            ; --                    ; --  ; --   ;
; ALU_ResultW[15] ; Output   ; --            ; --            ; --                    ; --  ; --   ;
; ALU_ResultW[16] ; Output   ; --            ; --            ; --                    ; --  ; --   ;
; ALU_ResultW[17] ; Output   ; --            ; --            ; --                    ; --  ; --   ;
; ALU_ResultW[18] ; Output   ; --            ; --            ; --                    ; --  ; --   ;
; ALU_ResultW[19] ; Output   ; --            ; --            ; --                    ; --  ; --   ;
; ALU_ResultW[20] ; Output   ; --            ; --            ; --                    ; --  ; --   ;
; ALU_ResultW[21] ; Output   ; --            ; --            ; --                    ; --  ; --   ;
; ALU_ResultW[22] ; Output   ; --            ; --            ; --                    ; --  ; --   ;
; ALU_ResultW[23] ; Output   ; --            ; --            ; --                    ; --  ; --   ;
; ALU_ResultW[24] ; Output   ; --            ; --            ; --                    ; --  ; --   ;
; ALU_ResultW[25] ; Output   ; --            ; --            ; --                    ; --  ; --   ;
; ALU_ResultW[26] ; Output   ; --            ; --            ; --                    ; --  ; --   ;
; ALU_ResultW[27] ; Output   ; --            ; --            ; --                    ; --  ; --   ;
; ALU_ResultW[28] ; Output   ; --            ; --            ; --                    ; --  ; --   ;
; ALU_ResultW[29] ; Output   ; --            ; --            ; --                    ; --  ; --   ;
; ALU_ResultW[30] ; Output   ; --            ; --            ; --                    ; --  ; --   ;
; ALU_ResultW[31] ; Output   ; --            ; --            ; --                    ; --  ; --   ;
; ReadDataW[0]    ; Output   ; --            ; --            ; --                    ; --  ; --   ;
; ReadDataW[1]    ; Output   ; --            ; --            ; --                    ; --  ; --   ;
; ReadDataW[2]    ; Output   ; --            ; --            ; --                    ; --  ; --   ;
; ReadDataW[3]    ; Output   ; --            ; --            ; --                    ; --  ; --   ;
; ReadDataW[4]    ; Output   ; --            ; --            ; --                    ; --  ; --   ;
; ReadDataW[5]    ; Output   ; --            ; --            ; --                    ; --  ; --   ;
; ReadDataW[6]    ; Output   ; --            ; --            ; --                    ; --  ; --   ;
; ReadDataW[7]    ; Output   ; --            ; --            ; --                    ; --  ; --   ;
; ReadDataW[8]    ; Output   ; --            ; --            ; --                    ; --  ; --   ;
; ReadDataW[9]    ; Output   ; --            ; --            ; --                    ; --  ; --   ;
; ReadDataW[10]   ; Output   ; --            ; --            ; --                    ; --  ; --   ;
; ReadDataW[11]   ; Output   ; --            ; --            ; --                    ; --  ; --   ;
; ReadDataW[12]   ; Output   ; --            ; --            ; --                    ; --  ; --   ;
; ReadDataW[13]   ; Output   ; --            ; --            ; --                    ; --  ; --   ;
; ReadDataW[14]   ; Output   ; --            ; --            ; --                    ; --  ; --   ;
; ReadDataW[15]   ; Output   ; --            ; --            ; --                    ; --  ; --   ;
; ReadDataW[16]   ; Output   ; --            ; --            ; --                    ; --  ; --   ;
; ReadDataW[17]   ; Output   ; --            ; --            ; --                    ; --  ; --   ;
; ReadDataW[18]   ; Output   ; --            ; --            ; --                    ; --  ; --   ;
; ReadDataW[19]   ; Output   ; --            ; --            ; --                    ; --  ; --   ;
; ReadDataW[20]   ; Output   ; --            ; --            ; --                    ; --  ; --   ;
; ReadDataW[21]   ; Output   ; --            ; --            ; --                    ; --  ; --   ;
; ReadDataW[22]   ; Output   ; --            ; --            ; --                    ; --  ; --   ;
; ReadDataW[23]   ; Output   ; --            ; --            ; --                    ; --  ; --   ;
; ReadDataW[24]   ; Output   ; --            ; --            ; --                    ; --  ; --   ;
; ReadDataW[25]   ; Output   ; --            ; --            ; --                    ; --  ; --   ;
; ReadDataW[26]   ; Output   ; --            ; --            ; --                    ; --  ; --   ;
; ReadDataW[27]   ; Output   ; --            ; --            ; --                    ; --  ; --   ;
; ReadDataW[28]   ; Output   ; --            ; --            ; --                    ; --  ; --   ;
; ReadDataW[29]   ; Output   ; --            ; --            ; --                    ; --  ; --   ;
; ReadDataW[30]   ; Output   ; --            ; --            ; --                    ; --  ; --   ;
; ReadDataW[31]   ; Output   ; --            ; --            ; --                    ; --  ; --   ;
; RegWriteM       ; Input    ; --            ; (6) 873 ps    ; --                    ; --  ; --   ;
; clk             ; Input    ; (0) 0 ps      ; --            ; --                    ; --  ; --   ;
; reset           ; Input    ; (0) 0 ps      ; --            ; --                    ; --  ; --   ;
; ResultSrcM[0]   ; Input    ; (6) 873 ps    ; --            ; --                    ; --  ; --   ;
; ResultSrcM[1]   ; Input    ; --            ; (6) 868 ps    ; --                    ; --  ; --   ;
; RD_M[0]         ; Input    ; --            ; (6) 868 ps    ; --                    ; --  ; --   ;
; RD_M[1]         ; Input    ; --            ; (6) 868 ps    ; --                    ; --  ; --   ;
; RD_M[2]         ; Input    ; --            ; (6) 873 ps    ; --                    ; --  ; --   ;
; RD_M[3]         ; Input    ; --            ; (6) 868 ps    ; --                    ; --  ; --   ;
; RD_M[4]         ; Input    ; (6) 868 ps    ; --            ; --                    ; --  ; --   ;
; PCPlus4M[0]     ; Input    ; --            ; (6) 873 ps    ; --                    ; --  ; --   ;
; PCPlus4M[1]     ; Input    ; --            ; (6) 868 ps    ; --                    ; --  ; --   ;
; PCPlus4M[2]     ; Input    ; (6) 868 ps    ; --            ; --                    ; --  ; --   ;
; PCPlus4M[3]     ; Input    ; --            ; (6) 868 ps    ; --                    ; --  ; --   ;
; PCPlus4M[4]     ; Input    ; (6) 868 ps    ; --            ; --                    ; --  ; --   ;
; PCPlus4M[5]     ; Input    ; --            ; (6) 868 ps    ; --                    ; --  ; --   ;
; PCPlus4M[6]     ; Input    ; --            ; (6) 873 ps    ; --                    ; --  ; --   ;
; PCPlus4M[7]     ; Input    ; (6) 873 ps    ; --            ; --                    ; --  ; --   ;
; PCPlus4M[8]     ; Input    ; (6) 868 ps    ; --            ; --                    ; --  ; --   ;
; PCPlus4M[9]     ; Input    ; (6) 868 ps    ; --            ; --                    ; --  ; --   ;
; PCPlus4M[10]    ; Input    ; (6) 868 ps    ; --            ; --                    ; --  ; --   ;
; PCPlus4M[11]    ; Input    ; --            ; (6) 868 ps    ; --                    ; --  ; --   ;
; PCPlus4M[12]    ; Input    ; (6) 873 ps    ; --            ; --                    ; --  ; --   ;
; PCPlus4M[13]    ; Input    ; (6) 868 ps    ; --            ; --                    ; --  ; --   ;
; PCPlus4M[14]    ; Input    ; (6) 868 ps    ; --            ; --                    ; --  ; --   ;
; PCPlus4M[15]    ; Input    ; --            ; (6) 868 ps    ; --                    ; --  ; --   ;
; PCPlus4M[16]    ; Input    ; (6) 868 ps    ; --            ; --                    ; --  ; --   ;
; PCPlus4M[17]    ; Input    ; (6) 868 ps    ; --            ; --                    ; --  ; --   ;
; PCPlus4M[18]    ; Input    ; (6) 868 ps    ; --            ; --                    ; --  ; --   ;
; PCPlus4M[19]    ; Input    ; --            ; (6) 868 ps    ; --                    ; --  ; --   ;
; PCPlus4M[20]    ; Input    ; (6) 868 ps    ; --            ; --                    ; --  ; --   ;
; PCPlus4M[21]    ; Input    ; --            ; (6) 868 ps    ; --                    ; --  ; --   ;
; PCPlus4M[22]    ; Input    ; (6) 868 ps    ; --            ; --                    ; --  ; --   ;
; PCPlus4M[23]    ; Input    ; (6) 873 ps    ; --            ; --                    ; --  ; --   ;
; PCPlus4M[24]    ; Input    ; (6) 868 ps    ; --            ; --                    ; --  ; --   ;
; PCPlus4M[25]    ; Input    ; (6) 868 ps    ; --            ; --                    ; --  ; --   ;
; PCPlus4M[26]    ; Input    ; (6) 868 ps    ; --            ; --                    ; --  ; --   ;
; PCPlus4M[27]    ; Input    ; (6) 873 ps    ; --            ; --                    ; --  ; --   ;
; PCPlus4M[28]    ; Input    ; --            ; (6) 868 ps    ; --                    ; --  ; --   ;
; PCPlus4M[29]    ; Input    ; (6) 868 ps    ; --            ; --                    ; --  ; --   ;
; PCPlus4M[30]    ; Input    ; (6) 868 ps    ; --            ; --                    ; --  ; --   ;
; PCPlus4M[31]    ; Input    ; (6) 873 ps    ; --            ; --                    ; --  ; --   ;
; ALU_ResultM[0]  ; Input    ; (6) 868 ps    ; --            ; --                    ; --  ; --   ;
; ALU_ResultM[1]  ; Input    ; --            ; (6) 868 ps    ; --                    ; --  ; --   ;
; ALU_ResultM[2]  ; Input    ; (6) 873 ps    ; --            ; --                    ; --  ; --   ;
; ALU_ResultM[3]  ; Input    ; --            ; (6) 873 ps    ; --                    ; --  ; --   ;
; ALU_ResultM[4]  ; Input    ; (6) 868 ps    ; --            ; --                    ; --  ; --   ;
; ALU_ResultM[5]  ; Input    ; --            ; (6) 873 ps    ; --                    ; --  ; --   ;
; ALU_ResultM[6]  ; Input    ; --            ; (6) 873 ps    ; --                    ; --  ; --   ;
; ALU_ResultM[7]  ; Input    ; (6) 873 ps    ; --            ; --                    ; --  ; --   ;
; ALU_ResultM[8]  ; Input    ; --            ; (6) 873 ps    ; --                    ; --  ; --   ;
; ALU_ResultM[9]  ; Input    ; --            ; (6) 873 ps    ; --                    ; --  ; --   ;
; ALU_ResultM[10] ; Input    ; --            ; (6) 873 ps    ; --                    ; --  ; --   ;
; ALU_ResultM[11] ; Input    ; --            ; (6) 873 ps    ; --                    ; --  ; --   ;
; ALU_ResultM[12] ; Input    ; (6) 868 ps    ; --            ; --                    ; --  ; --   ;
; ALU_ResultM[13] ; Input    ; (6) 873 ps    ; --            ; --                    ; --  ; --   ;
; ALU_ResultM[14] ; Input    ; --            ; (6) 868 ps    ; --                    ; --  ; --   ;
; ALU_ResultM[15] ; Input    ; --            ; (6) 868 ps    ; --                    ; --  ; --   ;
; ALU_ResultM[16] ; Input    ; --            ; (6) 873 ps    ; --                    ; --  ; --   ;
; ALU_ResultM[17] ; Input    ; (6) 868 ps    ; --            ; --                    ; --  ; --   ;
; ALU_ResultM[18] ; Input    ; (6) 868 ps    ; --            ; --                    ; --  ; --   ;
; ALU_ResultM[19] ; Input    ; (6) 873 ps    ; --            ; --                    ; --  ; --   ;
; ALU_ResultM[20] ; Input    ; (6) 868 ps    ; --            ; --                    ; --  ; --   ;
; ALU_ResultM[21] ; Input    ; (6) 868 ps    ; --            ; --                    ; --  ; --   ;
; ALU_ResultM[22] ; Input    ; (6) 868 ps    ; --            ; --                    ; --  ; --   ;
; ALU_ResultM[23] ; Input    ; (6) 868 ps    ; --            ; --                    ; --  ; --   ;
; ALU_ResultM[24] ; Input    ; --            ; (6) 873 ps    ; --                    ; --  ; --   ;
; ALU_ResultM[25] ; Input    ; (6) 873 ps    ; --            ; --                    ; --  ; --   ;
; ALU_ResultM[26] ; Input    ; (6) 868 ps    ; --            ; --                    ; --  ; --   ;
; ALU_ResultM[27] ; Input    ; (6) 868 ps    ; --            ; --                    ; --  ; --   ;
; ALU_ResultM[28] ; Input    ; (6) 868 ps    ; --            ; --                    ; --  ; --   ;
; ALU_ResultM[29] ; Input    ; (6) 873 ps    ; --            ; --                    ; --  ; --   ;
; ALU_ResultM[30] ; Input    ; (6) 873 ps    ; --            ; --                    ; --  ; --   ;
; ALU_ResultM[31] ; Input    ; --            ; (6) 868 ps    ; --                    ; --  ; --   ;
; MemWriteM       ; Input    ; (6) 873 ps    ; --            ; --                    ; --  ; --   ;
; MemReadM        ; Input    ; --            ; (6) 873 ps    ; --                    ; --  ; --   ;
; WriteDataM[0]   ; Input    ; --            ; (6) 868 ps    ; --                    ; --  ; --   ;
; WriteDataM[1]   ; Input    ; (6) 873 ps    ; --            ; --                    ; --  ; --   ;
; WriteDataM[2]   ; Input    ; (6) 868 ps    ; --            ; --                    ; --  ; --   ;
; WriteDataM[3]   ; Input    ; --            ; (6) 873 ps    ; --                    ; --  ; --   ;
; WriteDataM[4]   ; Input    ; (6) 868 ps    ; --            ; --                    ; --  ; --   ;
; WriteDataM[5]   ; Input    ; (6) 873 ps    ; --            ; --                    ; --  ; --   ;
; WriteDataM[6]   ; Input    ; (6) 873 ps    ; --            ; --                    ; --  ; --   ;
; WriteDataM[7]   ; Input    ; --            ; (6) 873 ps    ; --                    ; --  ; --   ;
; WriteDataM[8]   ; Input    ; --            ; (6) 873 ps    ; --                    ; --  ; --   ;
; WriteDataM[9]   ; Input    ; --            ; (6) 873 ps    ; --                    ; --  ; --   ;
; WriteDataM[10]  ; Input    ; (6) 873 ps    ; --            ; --                    ; --  ; --   ;
; WriteDataM[11]  ; Input    ; --            ; (6) 868 ps    ; --                    ; --  ; --   ;
; WriteDataM[12]  ; Input    ; (6) 873 ps    ; --            ; --                    ; --  ; --   ;
; WriteDataM[13]  ; Input    ; --            ; (6) 873 ps    ; --                    ; --  ; --   ;
; WriteDataM[14]  ; Input    ; --            ; (6) 873 ps    ; --                    ; --  ; --   ;
; WriteDataM[15]  ; Input    ; --            ; (6) 873 ps    ; --                    ; --  ; --   ;
; WriteDataM[16]  ; Input    ; (6) 873 ps    ; --            ; --                    ; --  ; --   ;
; WriteDataM[17]  ; Input    ; (6) 873 ps    ; --            ; --                    ; --  ; --   ;
; WriteDataM[18]  ; Input    ; (6) 873 ps    ; --            ; --                    ; --  ; --   ;
; WriteDataM[19]  ; Input    ; (6) 873 ps    ; --            ; --                    ; --  ; --   ;
; WriteDataM[20]  ; Input    ; --            ; (6) 873 ps    ; --                    ; --  ; --   ;
; WriteDataM[21]  ; Input    ; (6) 873 ps    ; --            ; --                    ; --  ; --   ;
; WriteDataM[22]  ; Input    ; (6) 873 ps    ; --            ; --                    ; --  ; --   ;
; WriteDataM[23]  ; Input    ; --            ; (6) 873 ps    ; --                    ; --  ; --   ;
; WriteDataM[24]  ; Input    ; (6) 873 ps    ; --            ; --                    ; --  ; --   ;
; WriteDataM[25]  ; Input    ; (6) 873 ps    ; --            ; --                    ; --  ; --   ;
; WriteDataM[26]  ; Input    ; --            ; (6) 868 ps    ; --                    ; --  ; --   ;
; WriteDataM[27]  ; Input    ; (6) 873 ps    ; --            ; --                    ; --  ; --   ;
; WriteDataM[28]  ; Input    ; (6) 873 ps    ; --            ; --                    ; --  ; --   ;
; WriteDataM[29]  ; Input    ; (6) 873 ps    ; --            ; --                    ; --  ; --   ;
; WriteDataM[30]  ; Input    ; (6) 873 ps    ; --            ; --                    ; --  ; --   ;
; WriteDataM[31]  ; Input    ; (6) 873 ps    ; --            ; --                    ; --  ; --   ;
+-----------------+----------+---------------+---------------+-----------------------+-----+------+


+----------------------------------------------------------------------------------------------------------------------+
; Pad To Core Delay Chain Fanout                                                                                       ;
+----------------------------------------------------------------------------------------+-------------------+---------+
; Source Pin / Fanout                                                                    ; Pad To Core Index ; Setting ;
+----------------------------------------------------------------------------------------+-------------------+---------+
; RegWriteM                                                                              ;                   ;         ;
;      - RegWriteM_r~feeder                                                              ; 1                 ; 6       ;
; clk                                                                                    ;                   ;         ;
; reset                                                                                  ;                   ;         ;
; ResultSrcM[0]                                                                          ;                   ;         ;
;      - ResultSrcM_r[0]~feeder                                                          ; 0                 ; 6       ;
; ResultSrcM[1]                                                                          ;                   ;         ;
;      - ResultSrcM_r[1]~feeder                                                          ; 1                 ; 6       ;
; RD_M[0]                                                                                ;                   ;         ;
;      - RD_M_r[0]~feeder                                                                ; 1                 ; 6       ;
; RD_M[1]                                                                                ;                   ;         ;
;      - RD_M_r[1]~feeder                                                                ; 1                 ; 6       ;
; RD_M[2]                                                                                ;                   ;         ;
;      - RD_M_r[2]                                                                       ; 1                 ; 6       ;
; RD_M[3]                                                                                ;                   ;         ;
;      - RD_M_r[3]~feeder                                                                ; 1                 ; 6       ;
; RD_M[4]                                                                                ;                   ;         ;
;      - RD_M_r[4]~feeder                                                                ; 0                 ; 6       ;
; PCPlus4M[0]                                                                            ;                   ;         ;
;      - PCPlus4M_r[0]~feeder                                                            ; 1                 ; 6       ;
; PCPlus4M[1]                                                                            ;                   ;         ;
;      - PCPlus4M_r[1]~feeder                                                            ; 1                 ; 6       ;
; PCPlus4M[2]                                                                            ;                   ;         ;
;      - PCPlus4M_r[2]~feeder                                                            ; 0                 ; 6       ;
; PCPlus4M[3]                                                                            ;                   ;         ;
;      - PCPlus4M_r[3]                                                                   ; 1                 ; 6       ;
; PCPlus4M[4]                                                                            ;                   ;         ;
;      - PCPlus4M_r[4]~feeder                                                            ; 0                 ; 6       ;
; PCPlus4M[5]                                                                            ;                   ;         ;
;      - PCPlus4M_r[5]~feeder                                                            ; 1                 ; 6       ;
; PCPlus4M[6]                                                                            ;                   ;         ;
;      - PCPlus4M_r[6]~feeder                                                            ; 1                 ; 6       ;
; PCPlus4M[7]                                                                            ;                   ;         ;
;      - PCPlus4M_r[7]~feeder                                                            ; 0                 ; 6       ;
; PCPlus4M[8]                                                                            ;                   ;         ;
;      - PCPlus4M_r[8]~feeder                                                            ; 0                 ; 6       ;
; PCPlus4M[9]                                                                            ;                   ;         ;
;      - PCPlus4M_r[9]~feeder                                                            ; 0                 ; 6       ;
; PCPlus4M[10]                                                                           ;                   ;         ;
;      - PCPlus4M_r[10]~feeder                                                           ; 0                 ; 6       ;
; PCPlus4M[11]                                                                           ;                   ;         ;
;      - PCPlus4M_r[11]~feeder                                                           ; 1                 ; 6       ;
; PCPlus4M[12]                                                                           ;                   ;         ;
;      - PCPlus4M_r[12]                                                                  ; 0                 ; 6       ;
; PCPlus4M[13]                                                                           ;                   ;         ;
;      - PCPlus4M_r[13]~feeder                                                           ; 0                 ; 6       ;
; PCPlus4M[14]                                                                           ;                   ;         ;
;      - PCPlus4M_r[14]~feeder                                                           ; 0                 ; 6       ;
; PCPlus4M[15]                                                                           ;                   ;         ;
;      - PCPlus4M_r[15]~feeder                                                           ; 1                 ; 6       ;
; PCPlus4M[16]                                                                           ;                   ;         ;
;      - PCPlus4M_r[16]~feeder                                                           ; 0                 ; 6       ;
; PCPlus4M[17]                                                                           ;                   ;         ;
;      - PCPlus4M_r[17]~feeder                                                           ; 0                 ; 6       ;
; PCPlus4M[18]                                                                           ;                   ;         ;
;      - PCPlus4M_r[18]~feeder                                                           ; 0                 ; 6       ;
; PCPlus4M[19]                                                                           ;                   ;         ;
;      - PCPlus4M_r[19]~feeder                                                           ; 1                 ; 6       ;
; PCPlus4M[20]                                                                           ;                   ;         ;
;      - PCPlus4M_r[20]~feeder                                                           ; 0                 ; 6       ;
; PCPlus4M[21]                                                                           ;                   ;         ;
;      - PCPlus4M_r[21]~feeder                                                           ; 1                 ; 6       ;
; PCPlus4M[22]                                                                           ;                   ;         ;
;      - PCPlus4M_r[22]~feeder                                                           ; 0                 ; 6       ;
; PCPlus4M[23]                                                                           ;                   ;         ;
;      - PCPlus4M_r[23]~feeder                                                           ; 0                 ; 6       ;
; PCPlus4M[24]                                                                           ;                   ;         ;
;      - PCPlus4M_r[24]~feeder                                                           ; 0                 ; 6       ;
; PCPlus4M[25]                                                                           ;                   ;         ;
;      - PCPlus4M_r[25]~feeder                                                           ; 0                 ; 6       ;
; PCPlus4M[26]                                                                           ;                   ;         ;
;      - PCPlus4M_r[26]~feeder                                                           ; 0                 ; 6       ;
; PCPlus4M[27]                                                                           ;                   ;         ;
;      - PCPlus4M_r[27]~feeder                                                           ; 0                 ; 6       ;
; PCPlus4M[28]                                                                           ;                   ;         ;
;      - PCPlus4M_r[28]~feeder                                                           ; 1                 ; 6       ;
; PCPlus4M[29]                                                                           ;                   ;         ;
;      - PCPlus4M_r[29]~feeder                                                           ; 0                 ; 6       ;
; PCPlus4M[30]                                                                           ;                   ;         ;
;      - PCPlus4M_r[30]~feeder                                                           ; 0                 ; 6       ;
; PCPlus4M[31]                                                                           ;                   ;         ;
;      - PCPlus4M_r[31]~feeder                                                           ; 0                 ; 6       ;
; ALU_ResultM[0]                                                                         ;                   ;         ;
;      - ALU_ResultM_r[0]~feeder                                                         ; 0                 ; 6       ;
; ALU_ResultM[1]                                                                         ;                   ;         ;
;      - ALU_ResultM_r[1]~feeder                                                         ; 1                 ; 6       ;
; ALU_ResultM[2]                                                                         ;                   ;         ;
;      - Data_RAM:dmem|altsyncram:mem_rtl_0|altsyncram_unk1:auto_generated|ram_block1a0  ; 0                 ; 6       ;
;      - Data_RAM:dmem|altsyncram:mem_rtl_0|altsyncram_unk1:auto_generated|ram_block1a9  ; 0                 ; 6       ;
;      - Data_RAM:dmem|altsyncram:mem_rtl_0|altsyncram_unk1:auto_generated|ram_block1a18 ; 0                 ; 6       ;
;      - Data_RAM:dmem|altsyncram:mem_rtl_0|altsyncram_unk1:auto_generated|ram_block1a27 ; 0                 ; 6       ;
;      - Data_RAM:dmem|altsyncram:mem_rtl_0|altsyncram_unk1:auto_generated|ram_block1a0  ; 0                 ; 6       ;
;      - Data_RAM:dmem|altsyncram:mem_rtl_0|altsyncram_unk1:auto_generated|ram_block1a9  ; 0                 ; 6       ;
;      - Data_RAM:dmem|altsyncram:mem_rtl_0|altsyncram_unk1:auto_generated|ram_block1a18 ; 0                 ; 6       ;
;      - Data_RAM:dmem|altsyncram:mem_rtl_0|altsyncram_unk1:auto_generated|ram_block1a27 ; 0                 ; 6       ;
;      - ALU_ResultM_r[2]~feeder                                                         ; 0                 ; 6       ;
; ALU_ResultM[3]                                                                         ;                   ;         ;
;      - Data_RAM:dmem|altsyncram:mem_rtl_0|altsyncram_unk1:auto_generated|ram_block1a0  ; 1                 ; 6       ;
;      - Data_RAM:dmem|altsyncram:mem_rtl_0|altsyncram_unk1:auto_generated|ram_block1a9  ; 1                 ; 6       ;
;      - Data_RAM:dmem|altsyncram:mem_rtl_0|altsyncram_unk1:auto_generated|ram_block1a18 ; 1                 ; 6       ;
;      - Data_RAM:dmem|altsyncram:mem_rtl_0|altsyncram_unk1:auto_generated|ram_block1a27 ; 1                 ; 6       ;
;      - Data_RAM:dmem|altsyncram:mem_rtl_0|altsyncram_unk1:auto_generated|ram_block1a0  ; 1                 ; 6       ;
;      - Data_RAM:dmem|altsyncram:mem_rtl_0|altsyncram_unk1:auto_generated|ram_block1a9  ; 1                 ; 6       ;
;      - Data_RAM:dmem|altsyncram:mem_rtl_0|altsyncram_unk1:auto_generated|ram_block1a18 ; 1                 ; 6       ;
;      - Data_RAM:dmem|altsyncram:mem_rtl_0|altsyncram_unk1:auto_generated|ram_block1a27 ; 1                 ; 6       ;
;      - ALU_ResultM_r[3]~feeder                                                         ; 1                 ; 6       ;
; ALU_ResultM[4]                                                                         ;                   ;         ;
;      - Data_RAM:dmem|altsyncram:mem_rtl_0|altsyncram_unk1:auto_generated|ram_block1a0  ; 0                 ; 6       ;
;      - Data_RAM:dmem|altsyncram:mem_rtl_0|altsyncram_unk1:auto_generated|ram_block1a9  ; 0                 ; 6       ;
;      - Data_RAM:dmem|altsyncram:mem_rtl_0|altsyncram_unk1:auto_generated|ram_block1a18 ; 0                 ; 6       ;
;      - Data_RAM:dmem|altsyncram:mem_rtl_0|altsyncram_unk1:auto_generated|ram_block1a27 ; 0                 ; 6       ;
;      - Data_RAM:dmem|altsyncram:mem_rtl_0|altsyncram_unk1:auto_generated|ram_block1a0  ; 0                 ; 6       ;
;      - Data_RAM:dmem|altsyncram:mem_rtl_0|altsyncram_unk1:auto_generated|ram_block1a9  ; 0                 ; 6       ;
;      - Data_RAM:dmem|altsyncram:mem_rtl_0|altsyncram_unk1:auto_generated|ram_block1a18 ; 0                 ; 6       ;
;      - Data_RAM:dmem|altsyncram:mem_rtl_0|altsyncram_unk1:auto_generated|ram_block1a27 ; 0                 ; 6       ;
;      - ALU_ResultM_r[4]~feeder                                                         ; 0                 ; 6       ;
; ALU_ResultM[5]                                                                         ;                   ;         ;
;      - Data_RAM:dmem|altsyncram:mem_rtl_0|altsyncram_unk1:auto_generated|ram_block1a0  ; 1                 ; 6       ;
;      - Data_RAM:dmem|altsyncram:mem_rtl_0|altsyncram_unk1:auto_generated|ram_block1a9  ; 1                 ; 6       ;
;      - Data_RAM:dmem|altsyncram:mem_rtl_0|altsyncram_unk1:auto_generated|ram_block1a18 ; 1                 ; 6       ;
;      - Data_RAM:dmem|altsyncram:mem_rtl_0|altsyncram_unk1:auto_generated|ram_block1a27 ; 1                 ; 6       ;
;      - Data_RAM:dmem|altsyncram:mem_rtl_0|altsyncram_unk1:auto_generated|ram_block1a0  ; 1                 ; 6       ;
;      - Data_RAM:dmem|altsyncram:mem_rtl_0|altsyncram_unk1:auto_generated|ram_block1a9  ; 1                 ; 6       ;
;      - Data_RAM:dmem|altsyncram:mem_rtl_0|altsyncram_unk1:auto_generated|ram_block1a18 ; 1                 ; 6       ;
;      - Data_RAM:dmem|altsyncram:mem_rtl_0|altsyncram_unk1:auto_generated|ram_block1a27 ; 1                 ; 6       ;
;      - ALU_ResultM_r[5]~feeder                                                         ; 1                 ; 6       ;
; ALU_ResultM[6]                                                                         ;                   ;         ;
;      - Data_RAM:dmem|altsyncram:mem_rtl_0|altsyncram_unk1:auto_generated|ram_block1a0  ; 1                 ; 6       ;
;      - Data_RAM:dmem|altsyncram:mem_rtl_0|altsyncram_unk1:auto_generated|ram_block1a9  ; 1                 ; 6       ;
;      - Data_RAM:dmem|altsyncram:mem_rtl_0|altsyncram_unk1:auto_generated|ram_block1a18 ; 1                 ; 6       ;
;      - Data_RAM:dmem|altsyncram:mem_rtl_0|altsyncram_unk1:auto_generated|ram_block1a27 ; 1                 ; 6       ;
;      - Data_RAM:dmem|altsyncram:mem_rtl_0|altsyncram_unk1:auto_generated|ram_block1a0  ; 1                 ; 6       ;
;      - Data_RAM:dmem|altsyncram:mem_rtl_0|altsyncram_unk1:auto_generated|ram_block1a9  ; 1                 ; 6       ;
;      - Data_RAM:dmem|altsyncram:mem_rtl_0|altsyncram_unk1:auto_generated|ram_block1a18 ; 1                 ; 6       ;
;      - Data_RAM:dmem|altsyncram:mem_rtl_0|altsyncram_unk1:auto_generated|ram_block1a27 ; 1                 ; 6       ;
;      - ALU_ResultM_r[6]~feeder                                                         ; 1                 ; 6       ;
; ALU_ResultM[7]                                                                         ;                   ;         ;
;      - Data_RAM:dmem|altsyncram:mem_rtl_0|altsyncram_unk1:auto_generated|ram_block1a0  ; 0                 ; 6       ;
;      - Data_RAM:dmem|altsyncram:mem_rtl_0|altsyncram_unk1:auto_generated|ram_block1a9  ; 0                 ; 6       ;
;      - Data_RAM:dmem|altsyncram:mem_rtl_0|altsyncram_unk1:auto_generated|ram_block1a18 ; 0                 ; 6       ;
;      - Data_RAM:dmem|altsyncram:mem_rtl_0|altsyncram_unk1:auto_generated|ram_block1a27 ; 0                 ; 6       ;
;      - Data_RAM:dmem|altsyncram:mem_rtl_0|altsyncram_unk1:auto_generated|ram_block1a0  ; 0                 ; 6       ;
;      - Data_RAM:dmem|altsyncram:mem_rtl_0|altsyncram_unk1:auto_generated|ram_block1a9  ; 0                 ; 6       ;
;      - Data_RAM:dmem|altsyncram:mem_rtl_0|altsyncram_unk1:auto_generated|ram_block1a18 ; 0                 ; 6       ;
;      - Data_RAM:dmem|altsyncram:mem_rtl_0|altsyncram_unk1:auto_generated|ram_block1a27 ; 0                 ; 6       ;
;      - ALU_ResultM_r[7]~feeder                                                         ; 0                 ; 6       ;
; ALU_ResultM[8]                                                                         ;                   ;         ;
;      - Data_RAM:dmem|altsyncram:mem_rtl_0|altsyncram_unk1:auto_generated|ram_block1a0  ; 1                 ; 6       ;
;      - Data_RAM:dmem|altsyncram:mem_rtl_0|altsyncram_unk1:auto_generated|ram_block1a9  ; 1                 ; 6       ;
;      - Data_RAM:dmem|altsyncram:mem_rtl_0|altsyncram_unk1:auto_generated|ram_block1a18 ; 1                 ; 6       ;
;      - Data_RAM:dmem|altsyncram:mem_rtl_0|altsyncram_unk1:auto_generated|ram_block1a27 ; 1                 ; 6       ;
;      - Data_RAM:dmem|altsyncram:mem_rtl_0|altsyncram_unk1:auto_generated|ram_block1a0  ; 1                 ; 6       ;
;      - Data_RAM:dmem|altsyncram:mem_rtl_0|altsyncram_unk1:auto_generated|ram_block1a9  ; 1                 ; 6       ;
;      - Data_RAM:dmem|altsyncram:mem_rtl_0|altsyncram_unk1:auto_generated|ram_block1a18 ; 1                 ; 6       ;
;      - Data_RAM:dmem|altsyncram:mem_rtl_0|altsyncram_unk1:auto_generated|ram_block1a27 ; 1                 ; 6       ;
;      - ALU_ResultM_r[8]~feeder                                                         ; 1                 ; 6       ;
; ALU_ResultM[9]                                                                         ;                   ;         ;
;      - Data_RAM:dmem|altsyncram:mem_rtl_0|altsyncram_unk1:auto_generated|ram_block1a0  ; 1                 ; 6       ;
;      - Data_RAM:dmem|altsyncram:mem_rtl_0|altsyncram_unk1:auto_generated|ram_block1a9  ; 1                 ; 6       ;
;      - Data_RAM:dmem|altsyncram:mem_rtl_0|altsyncram_unk1:auto_generated|ram_block1a18 ; 1                 ; 6       ;
;      - Data_RAM:dmem|altsyncram:mem_rtl_0|altsyncram_unk1:auto_generated|ram_block1a27 ; 1                 ; 6       ;
;      - Data_RAM:dmem|altsyncram:mem_rtl_0|altsyncram_unk1:auto_generated|ram_block1a0  ; 1                 ; 6       ;
;      - Data_RAM:dmem|altsyncram:mem_rtl_0|altsyncram_unk1:auto_generated|ram_block1a9  ; 1                 ; 6       ;
;      - Data_RAM:dmem|altsyncram:mem_rtl_0|altsyncram_unk1:auto_generated|ram_block1a18 ; 1                 ; 6       ;
;      - Data_RAM:dmem|altsyncram:mem_rtl_0|altsyncram_unk1:auto_generated|ram_block1a27 ; 1                 ; 6       ;
;      - ALU_ResultM_r[9]~feeder                                                         ; 1                 ; 6       ;
; ALU_ResultM[10]                                                                        ;                   ;         ;
;      - Data_RAM:dmem|altsyncram:mem_rtl_0|altsyncram_unk1:auto_generated|ram_block1a0  ; 1                 ; 6       ;
;      - Data_RAM:dmem|altsyncram:mem_rtl_0|altsyncram_unk1:auto_generated|ram_block1a9  ; 1                 ; 6       ;
;      - Data_RAM:dmem|altsyncram:mem_rtl_0|altsyncram_unk1:auto_generated|ram_block1a18 ; 1                 ; 6       ;
;      - Data_RAM:dmem|altsyncram:mem_rtl_0|altsyncram_unk1:auto_generated|ram_block1a27 ; 1                 ; 6       ;
;      - Data_RAM:dmem|altsyncram:mem_rtl_0|altsyncram_unk1:auto_generated|ram_block1a0  ; 1                 ; 6       ;
;      - Data_RAM:dmem|altsyncram:mem_rtl_0|altsyncram_unk1:auto_generated|ram_block1a9  ; 1                 ; 6       ;
;      - Data_RAM:dmem|altsyncram:mem_rtl_0|altsyncram_unk1:auto_generated|ram_block1a18 ; 1                 ; 6       ;
;      - Data_RAM:dmem|altsyncram:mem_rtl_0|altsyncram_unk1:auto_generated|ram_block1a27 ; 1                 ; 6       ;
;      - ALU_ResultM_r[10]~feeder                                                        ; 1                 ; 6       ;
; ALU_ResultM[11]                                                                        ;                   ;         ;
;      - Data_RAM:dmem|altsyncram:mem_rtl_0|altsyncram_unk1:auto_generated|ram_block1a0  ; 1                 ; 6       ;
;      - Data_RAM:dmem|altsyncram:mem_rtl_0|altsyncram_unk1:auto_generated|ram_block1a9  ; 1                 ; 6       ;
;      - Data_RAM:dmem|altsyncram:mem_rtl_0|altsyncram_unk1:auto_generated|ram_block1a18 ; 1                 ; 6       ;
;      - Data_RAM:dmem|altsyncram:mem_rtl_0|altsyncram_unk1:auto_generated|ram_block1a27 ; 1                 ; 6       ;
;      - Data_RAM:dmem|altsyncram:mem_rtl_0|altsyncram_unk1:auto_generated|ram_block1a0  ; 1                 ; 6       ;
;      - Data_RAM:dmem|altsyncram:mem_rtl_0|altsyncram_unk1:auto_generated|ram_block1a9  ; 1                 ; 6       ;
;      - Data_RAM:dmem|altsyncram:mem_rtl_0|altsyncram_unk1:auto_generated|ram_block1a18 ; 1                 ; 6       ;
;      - Data_RAM:dmem|altsyncram:mem_rtl_0|altsyncram_unk1:auto_generated|ram_block1a27 ; 1                 ; 6       ;
;      - ALU_ResultM_r[11]~feeder                                                        ; 1                 ; 6       ;
; ALU_ResultM[12]                                                                        ;                   ;         ;
;      - ALU_ResultM_r[12]~feeder                                                        ; 0                 ; 6       ;
; ALU_ResultM[13]                                                                        ;                   ;         ;
;      - ALU_ResultM_r[13]~feeder                                                        ; 0                 ; 6       ;
; ALU_ResultM[14]                                                                        ;                   ;         ;
;      - ALU_ResultM_r[14]~feeder                                                        ; 1                 ; 6       ;
; ALU_ResultM[15]                                                                        ;                   ;         ;
;      - ALU_ResultM_r[15]~feeder                                                        ; 1                 ; 6       ;
; ALU_ResultM[16]                                                                        ;                   ;         ;
;      - ALU_ResultM_r[16]                                                               ; 1                 ; 6       ;
; ALU_ResultM[17]                                                                        ;                   ;         ;
;      - ALU_ResultM_r[17]~feeder                                                        ; 0                 ; 6       ;
; ALU_ResultM[18]                                                                        ;                   ;         ;
;      - ALU_ResultM_r[18]~feeder                                                        ; 0                 ; 6       ;
; ALU_ResultM[19]                                                                        ;                   ;         ;
;      - ALU_ResultM_r[19]~feeder                                                        ; 0                 ; 6       ;
; ALU_ResultM[20]                                                                        ;                   ;         ;
;      - ALU_ResultM_r[20]~feeder                                                        ; 0                 ; 6       ;
; ALU_ResultM[21]                                                                        ;                   ;         ;
;      - ALU_ResultM_r[21]~feeder                                                        ; 0                 ; 6       ;
; ALU_ResultM[22]                                                                        ;                   ;         ;
;      - ALU_ResultM_r[22]~feeder                                                        ; 0                 ; 6       ;
; ALU_ResultM[23]                                                                        ;                   ;         ;
;      - ALU_ResultM_r[23]~feeder                                                        ; 0                 ; 6       ;
; ALU_ResultM[24]                                                                        ;                   ;         ;
;      - ALU_ResultM_r[24]~feeder                                                        ; 1                 ; 6       ;
; ALU_ResultM[25]                                                                        ;                   ;         ;
;      - ALU_ResultM_r[25]~feeder                                                        ; 0                 ; 6       ;
; ALU_ResultM[26]                                                                        ;                   ;         ;
;      - ALU_ResultM_r[26]~feeder                                                        ; 0                 ; 6       ;
; ALU_ResultM[27]                                                                        ;                   ;         ;
;      - ALU_ResultM_r[27]~feeder                                                        ; 0                 ; 6       ;
; ALU_ResultM[28]                                                                        ;                   ;         ;
;      - ALU_ResultM_r[28]~feeder                                                        ; 0                 ; 6       ;
; ALU_ResultM[29]                                                                        ;                   ;         ;
;      - ALU_ResultM_r[29]~feeder                                                        ; 0                 ; 6       ;
; ALU_ResultM[30]                                                                        ;                   ;         ;
;      - ALU_ResultM_r[30]~feeder                                                        ; 0                 ; 6       ;
; ALU_ResultM[31]                                                                        ;                   ;         ;
;      - ALU_ResultM_r[31]~feeder                                                        ; 1                 ; 6       ;
; MemWriteM                                                                              ;                   ;         ;
;      - Data_RAM:dmem|altsyncram:mem_rtl_0|altsyncram_unk1:auto_generated|ram_block1a0  ; 0                 ; 6       ;
;      - Data_RAM:dmem|altsyncram:mem_rtl_0|altsyncram_unk1:auto_generated|ram_block1a9  ; 0                 ; 6       ;
;      - Data_RAM:dmem|altsyncram:mem_rtl_0|altsyncram_unk1:auto_generated|ram_block1a18 ; 0                 ; 6       ;
;      - Data_RAM:dmem|altsyncram:mem_rtl_0|altsyncram_unk1:auto_generated|ram_block1a27 ; 0                 ; 6       ;
;      - Data_RAM:dmem|altsyncram:mem_rtl_0|altsyncram_unk1:auto_generated|ram_block1a0  ; 0                 ; 6       ;
;      - Data_RAM:dmem|altsyncram:mem_rtl_0|altsyncram_unk1:auto_generated|ram_block1a9  ; 0                 ; 6       ;
;      - Data_RAM:dmem|altsyncram:mem_rtl_0|altsyncram_unk1:auto_generated|ram_block1a18 ; 0                 ; 6       ;
;      - Data_RAM:dmem|altsyncram:mem_rtl_0|altsyncram_unk1:auto_generated|ram_block1a27 ; 0                 ; 6       ;
; MemReadM                                                                               ;                   ;         ;
;      - Data_RAM:dmem|altsyncram:mem_rtl_0|altsyncram_unk1:auto_generated|ram_block1a0  ; 1                 ; 6       ;
;      - Data_RAM:dmem|altsyncram:mem_rtl_0|altsyncram_unk1:auto_generated|ram_block1a9  ; 1                 ; 6       ;
;      - Data_RAM:dmem|altsyncram:mem_rtl_0|altsyncram_unk1:auto_generated|ram_block1a18 ; 1                 ; 6       ;
;      - Data_RAM:dmem|altsyncram:mem_rtl_0|altsyncram_unk1:auto_generated|ram_block1a27 ; 1                 ; 6       ;
; WriteDataM[0]                                                                          ;                   ;         ;
;      - Data_RAM:dmem|altsyncram:mem_rtl_0|altsyncram_unk1:auto_generated|ram_block1a0  ; 1                 ; 6       ;
; WriteDataM[1]                                                                          ;                   ;         ;
;      - Data_RAM:dmem|altsyncram:mem_rtl_0|altsyncram_unk1:auto_generated|ram_block1a0  ; 0                 ; 6       ;
; WriteDataM[2]                                                                          ;                   ;         ;
;      - Data_RAM:dmem|altsyncram:mem_rtl_0|altsyncram_unk1:auto_generated|ram_block1a0  ; 0                 ; 6       ;
; WriteDataM[3]                                                                          ;                   ;         ;
;      - Data_RAM:dmem|altsyncram:mem_rtl_0|altsyncram_unk1:auto_generated|ram_block1a0  ; 1                 ; 6       ;
; WriteDataM[4]                                                                          ;                   ;         ;
;      - Data_RAM:dmem|altsyncram:mem_rtl_0|altsyncram_unk1:auto_generated|ram_block1a0  ; 0                 ; 6       ;
; WriteDataM[5]                                                                          ;                   ;         ;
;      - Data_RAM:dmem|altsyncram:mem_rtl_0|altsyncram_unk1:auto_generated|ram_block1a0  ; 0                 ; 6       ;
; WriteDataM[6]                                                                          ;                   ;         ;
;      - Data_RAM:dmem|altsyncram:mem_rtl_0|altsyncram_unk1:auto_generated|ram_block1a0  ; 0                 ; 6       ;
; WriteDataM[7]                                                                          ;                   ;         ;
;      - Data_RAM:dmem|altsyncram:mem_rtl_0|altsyncram_unk1:auto_generated|ram_block1a0  ; 1                 ; 6       ;
; WriteDataM[8]                                                                          ;                   ;         ;
;      - Data_RAM:dmem|altsyncram:mem_rtl_0|altsyncram_unk1:auto_generated|ram_block1a0  ; 1                 ; 6       ;
; WriteDataM[9]                                                                          ;                   ;         ;
;      - Data_RAM:dmem|altsyncram:mem_rtl_0|altsyncram_unk1:auto_generated|ram_block1a9  ; 1                 ; 6       ;
; WriteDataM[10]                                                                         ;                   ;         ;
;      - Data_RAM:dmem|altsyncram:mem_rtl_0|altsyncram_unk1:auto_generated|ram_block1a9  ; 0                 ; 6       ;
; WriteDataM[11]                                                                         ;                   ;         ;
;      - Data_RAM:dmem|altsyncram:mem_rtl_0|altsyncram_unk1:auto_generated|ram_block1a9  ; 1                 ; 6       ;
; WriteDataM[12]                                                                         ;                   ;         ;
;      - Data_RAM:dmem|altsyncram:mem_rtl_0|altsyncram_unk1:auto_generated|ram_block1a9  ; 0                 ; 6       ;
; WriteDataM[13]                                                                         ;                   ;         ;
;      - Data_RAM:dmem|altsyncram:mem_rtl_0|altsyncram_unk1:auto_generated|ram_block1a9  ; 1                 ; 6       ;
; WriteDataM[14]                                                                         ;                   ;         ;
;      - Data_RAM:dmem|altsyncram:mem_rtl_0|altsyncram_unk1:auto_generated|ram_block1a9  ; 1                 ; 6       ;
; WriteDataM[15]                                                                         ;                   ;         ;
;      - Data_RAM:dmem|altsyncram:mem_rtl_0|altsyncram_unk1:auto_generated|ram_block1a9  ; 1                 ; 6       ;
; WriteDataM[16]                                                                         ;                   ;         ;
;      - Data_RAM:dmem|altsyncram:mem_rtl_0|altsyncram_unk1:auto_generated|ram_block1a9  ; 0                 ; 6       ;
; WriteDataM[17]                                                                         ;                   ;         ;
;      - Data_RAM:dmem|altsyncram:mem_rtl_0|altsyncram_unk1:auto_generated|ram_block1a9  ; 0                 ; 6       ;
; WriteDataM[18]                                                                         ;                   ;         ;
;      - Data_RAM:dmem|altsyncram:mem_rtl_0|altsyncram_unk1:auto_generated|ram_block1a18 ; 0                 ; 6       ;
; WriteDataM[19]                                                                         ;                   ;         ;
;      - Data_RAM:dmem|altsyncram:mem_rtl_0|altsyncram_unk1:auto_generated|ram_block1a18 ; 0                 ; 6       ;
; WriteDataM[20]                                                                         ;                   ;         ;
;      - Data_RAM:dmem|altsyncram:mem_rtl_0|altsyncram_unk1:auto_generated|ram_block1a18 ; 1                 ; 6       ;
; WriteDataM[21]                                                                         ;                   ;         ;
;      - Data_RAM:dmem|altsyncram:mem_rtl_0|altsyncram_unk1:auto_generated|ram_block1a18 ; 0                 ; 6       ;
; WriteDataM[22]                                                                         ;                   ;         ;
;      - Data_RAM:dmem|altsyncram:mem_rtl_0|altsyncram_unk1:auto_generated|ram_block1a18 ; 0                 ; 6       ;
; WriteDataM[23]                                                                         ;                   ;         ;
;      - Data_RAM:dmem|altsyncram:mem_rtl_0|altsyncram_unk1:auto_generated|ram_block1a18 ; 1                 ; 6       ;
; WriteDataM[24]                                                                         ;                   ;         ;
;      - Data_RAM:dmem|altsyncram:mem_rtl_0|altsyncram_unk1:auto_generated|ram_block1a18 ; 0                 ; 6       ;
; WriteDataM[25]                                                                         ;                   ;         ;
;      - Data_RAM:dmem|altsyncram:mem_rtl_0|altsyncram_unk1:auto_generated|ram_block1a18 ; 0                 ; 6       ;
; WriteDataM[26]                                                                         ;                   ;         ;
;      - Data_RAM:dmem|altsyncram:mem_rtl_0|altsyncram_unk1:auto_generated|ram_block1a18 ; 1                 ; 6       ;
; WriteDataM[27]                                                                         ;                   ;         ;
;      - Data_RAM:dmem|altsyncram:mem_rtl_0|altsyncram_unk1:auto_generated|ram_block1a27 ; 0                 ; 6       ;
; WriteDataM[28]                                                                         ;                   ;         ;
;      - Data_RAM:dmem|altsyncram:mem_rtl_0|altsyncram_unk1:auto_generated|ram_block1a27 ; 0                 ; 6       ;
; WriteDataM[29]                                                                         ;                   ;         ;
;      - Data_RAM:dmem|altsyncram:mem_rtl_0|altsyncram_unk1:auto_generated|ram_block1a27 ; 0                 ; 6       ;
; WriteDataM[30]                                                                         ;                   ;         ;
;      - Data_RAM:dmem|altsyncram:mem_rtl_0|altsyncram_unk1:auto_generated|ram_block1a27 ; 0                 ; 6       ;
; WriteDataM[31]                                                                         ;                   ;         ;
;      - Data_RAM:dmem|altsyncram:mem_rtl_0|altsyncram_unk1:auto_generated|ram_block1a27 ; 0                 ; 6       ;
+----------------------------------------------------------------------------------------+-------------------+---------+


+------------------------------------------------------------------------------------------------------------------------------+
; Control Signals                                                                                                              ;
+-----------+----------+---------+--------------+--------+----------------------+------------------+---------------------------+
; Name      ; Location ; Fan-Out ; Usage        ; Global ; Global Resource Used ; Global Line Name ; Enable Signal Source Name ;
+-----------+----------+---------+--------------+--------+----------------------+------------------+---------------------------+
; MemReadM  ; PIN_L19  ; 4       ; Clock enable ; no     ; --                   ; --               ; --                        ;
; MemWriteM ; PIN_G19  ; 4       ; Write enable ; no     ; --                   ; --               ; --                        ;
; clk       ; PIN_M8   ; 76      ; Clock        ; yes    ; Global Clock         ; GCLK3            ; --                        ;
; reset     ; PIN_M9   ; 76      ; Async. clear ; yes    ; Global Clock         ; GCLK4            ; --                        ;
+-----------+----------+---------+--------------+--------+----------------------+------------------+---------------------------+


+-----------------------------------------------------------------------------------------------------------------------------------------+
; Global & Other Fast Signals                                                                                                             ;
+-------+----------+---------+--------------------------------------+----------------------+------------------+---------------------------+
; Name  ; Location ; Fan-Out ; Fan-Out Using Intentional Clock Skew ; Global Resource Used ; Global Line Name ; Enable Signal Source Name ;
+-------+----------+---------+--------------------------------------+----------------------+------------------+---------------------------+
; clk   ; PIN_M8   ; 76      ; 0                                    ; Global Clock         ; GCLK3            ; --                        ;
; reset ; PIN_M9   ; 76      ; 0                                    ; Global Clock         ; GCLK4            ; --                        ;
+-------+----------+---------+--------------------------------------+----------------------+------------------+---------------------------+


+-------------------------------------------------------------------------------------------------------------------------------------------------------------------------------------------------------------------------------------------------------------------------------------------------------------------------------------------------------------------------------------------------------------------------------------------------------------------------------------------------------------------------------------------------------------------------------------------------------------------------------------------------------------------------------------------------------+
; Fitter RAM Summary                                                                                                                                                                                                                                                                                                                                                                                                                                                                                                                                                                                                                                                                                    ;
+------------------------------------------------------------------------------+------+------------------+--------------+--------------+--------------+--------------+--------------+------------------------+-------------------------+------------------------+-------------------------+-------+-----------------------------+-----------------------------+-----------------------------+-----------------------------+---------------------+------+--------------------------------------------------+----------------------------------------------------------------+----------------------+------------------------+------------------------+----------+------------------------+---------------+
; Name                                                                         ; Type ; Mode             ; Clock Mode   ; Port A Depth ; Port A Width ; Port B Depth ; Port B Width ; Port A Input Registers ; Port A Output Registers ; Port B Input Registers ; Port B Output Registers ; Size  ; Implementation Port A Depth ; Implementation Port A Width ; Implementation Port B Depth ; Implementation Port B Width ; Implementation Bits ; M9Ks ; MIF                                              ; Location                                                       ; Mixed Width RDW Mode ; Port A RDW Mode        ; Port B RDW Mode        ; ECC Mode ; ECC Pipeline Registers ; Fits in MLABs ;
+------------------------------------------------------------------------------+------+------------------+--------------+--------------+--------------+--------------+--------------+------------------------+-------------------------+------------------------+-------------------------+-------+-----------------------------+-----------------------------+-----------------------------+-----------------------------+---------------------+------+--------------------------------------------------+----------------------------------------------------------------+----------------------+------------------------+------------------------+----------+------------------------+---------------+
; Data_RAM:dmem|altsyncram:mem_rtl_0|altsyncram_unk1:auto_generated|ALTSYNCRAM ; M9K  ; Simple Dual Port ; Single Clock ; 1024         ; 32           ; 1024         ; 32           ; yes                    ; no                      ; yes                    ; yes                     ; 32768 ; 1024                        ; 32                          ; 1024                        ; 32                          ; 32768               ; 4    ; db/pipeline_riscv.ram0_Data_RAM_a776b2ce.hdl.mif ; M9K_X73_Y31_N0, M9K_X73_Y32_N0, M9K_X73_Y35_N0, M9K_X73_Y33_N0 ; Don't care           ; New data with NBE Read ; New data with NBE Read ; Off      ; No                     ; No - Unknown  ;
+------------------------------------------------------------------------------+------+------------------+--------------+--------------+--------------+--------------+--------------+------------------------+-------------------------+------------------------+-------------------------+-------+-----------------------------+-----------------------------+-----------------------------+-----------------------------+---------------------+------+--------------------------------------------------+----------------------------------------------------------------+----------------------+------------------------+------------------------+----------+------------------------+---------------+
Note: Fitter may spread logical memories into multiple blocks to improve timing. The actual required RAM blocks can be found in the Fitter Resource Usage section.


RAM content values are presented in the following format: (Binary) (Octal) (Decimal) (Hexadecimal) 
+------------------------------------------------------------------------------------------------------------------------------------------------------------------------------------------------------------------------------------------------------------------+
; |Memory_Cycle|Data_RAM:dmem|altsyncram:mem_rtl_0|altsyncram_unk1:auto_generated|ALTSYNCRAM                                                                                                                                                                       ;
+------------------------------------------------------------------------------------------------------------------------------------------------------------------------------------------------------------------------------------------------------------------+
;   Addr   ;              +0              ;              +1              ;              +2              ;              +3              ;              +4              ;              +5              ;              +6              ;              +7              ;
+----------+------------------------------+------------------------------+------------------------------+------------------------------+------------------------------+------------------------------+------------------------------+------------------------------+
;0;(00000000000000000000000000000000) (0) (0) (00)    ;(00000000000000000000000000000000) (0) (0) (00)   ;(00000000000000000000000000000000) (0) (0) (00)   ;(00000000000000000000000000000000) (0) (0) (00)   ;(00000000000000000000000000000000) (0) (0) (00)   ;(00000000000000000000000000000000) (0) (0) (00)   ;(00000000000000000000000000000000) (0) (0) (00)   ;(00000000000000000000000000000000) (0) (0) (00)   ;
;8;(00000000000000000000000000000000) (0) (0) (00)    ;(00000000000000000000000000000000) (0) (0) (00)   ;(00000000000000000000000000000000) (0) (0) (00)   ;(00000000000000000000000000000000) (0) (0) (00)   ;(00000000000000000000000000000000) (0) (0) (00)   ;(00000000000000000000000000000000) (0) (0) (00)   ;(00000000000000000000000000000000) (0) (0) (00)   ;(00000000000000000000000000000000) (0) (0) (00)   ;
;16;(00000000000000000000000000000000) (0) (0) (00)    ;(00000000000000000000000000000000) (0) (0) (00)   ;(00000000000000000000000000000000) (0) (0) (00)   ;(00000000000000000000000000000000) (0) (0) (00)   ;(00000000000000000000000000000000) (0) (0) (00)   ;(00000000000000000000000000000000) (0) (0) (00)   ;(00000000000000000000000000000000) (0) (0) (00)   ;(00000000000000000000000000000000) (0) (0) (00)   ;
;24;(00000000000000000000000000000000) (0) (0) (00)    ;(00000000000000000000000000000000) (0) (0) (00)   ;(00000000000000000000000000000000) (0) (0) (00)   ;(00000000000000000000000000000000) (0) (0) (00)   ;(00000000000000000000000000000000) (0) (0) (00)   ;(00000000000000000000000000000000) (0) (0) (00)   ;(00000000000000000000000000000000) (0) (0) (00)   ;(00000000000000000000000000000000) (0) (0) (00)   ;
;32;(00000000000000000000000000000000) (0) (0) (00)    ;(00000000000000000000000000000000) (0) (0) (00)   ;(00000000000000000000000000000000) (0) (0) (00)   ;(00000000000000000000000000000000) (0) (0) (00)   ;(00000000000000000000000000000000) (0) (0) (00)   ;(00000000000000000000000000000000) (0) (0) (00)   ;(00000000000000000000000000000000) (0) (0) (00)   ;(00000000000000000000000000000000) (0) (0) (00)   ;
;40;(00000000000000000000000000000000) (0) (0) (00)    ;(00000000000000000000000000000000) (0) (0) (00)   ;(00000000000000000000000000000000) (0) (0) (00)   ;(00000000000000000000000000000000) (0) (0) (00)   ;(00000000000000000000000000000000) (0) (0) (00)   ;(00000000000000000000000000000000) (0) (0) (00)   ;(00000000000000000000000000000000) (0) (0) (00)   ;(00000000000000000000000000000000) (0) (0) (00)   ;
;48;(00000000000000000000000000000000) (0) (0) (00)    ;(00000000000000000000000000000000) (0) (0) (00)   ;(00000000000000000000000000000000) (0) (0) (00)   ;(00000000000000000000000000000000) (0) (0) (00)   ;(00000000000000000000000000000000) (0) (0) (00)   ;(00000000000000000000000000000000) (0) (0) (00)   ;(00000000000000000000000000000000) (0) (0) (00)   ;(00000000000000000000000000000000) (0) (0) (00)   ;
;56;(00000000000000000000000000000000) (0) (0) (00)    ;(00000000000000000000000000000000) (0) (0) (00)   ;(00000000000000000000000000000000) (0) (0) (00)   ;(00000000000000000000000000000000) (0) (0) (00)   ;(00000000000000000000000000000000) (0) (0) (00)   ;(00000000000000000000000000000000) (0) (0) (00)   ;(00000000000000000000000000000000) (0) (0) (00)   ;(00000000000000000000000000000000) (0) (0) (00)   ;
;64;(00000000000000000000000000000000) (0) (0) (00)    ;(00000000000000000000000000000000) (0) (0) (00)   ;(00000000000000000000000000000000) (0) (0) (00)   ;(00000000000000000000000000000000) (0) (0) (00)   ;(00000000000000000000000000000000) (0) (0) (00)   ;(00000000000000000000000000000000) (0) (0) (00)   ;(00000000000000000000000000000000) (0) (0) (00)   ;(00000000000000000000000000000000) (0) (0) (00)   ;
;72;(00000000000000000000000000000000) (0) (0) (00)    ;(00000000000000000000000000000000) (0) (0) (00)   ;(00000000000000000000000000000000) (0) (0) (00)   ;(00000000000000000000000000000000) (0) (0) (00)   ;(00000000000000000000000000000000) (0) (0) (00)   ;(00000000000000000000000000000000) (0) (0) (00)   ;(00000000000000000000000000000000) (0) (0) (00)   ;(00000000000000000000000000000000) (0) (0) (00)   ;
;80;(00000000000000000000000000000000) (0) (0) (00)    ;(00000000000000000000000000000000) (0) (0) (00)   ;(00000000000000000000000000000000) (0) (0) (00)   ;(00000000000000000000000000000000) (0) (0) (00)   ;(00000000000000000000000000000000) (0) (0) (00)   ;(00000000000000000000000000000000) (0) (0) (00)   ;(00000000000000000000000000000000) (0) (0) (00)   ;(00000000000000000000000000000000) (0) (0) (00)   ;
;88;(00000000000000000000000000000000) (0) (0) (00)    ;(00000000000000000000000000000000) (0) (0) (00)   ;(00000000000000000000000000000000) (0) (0) (00)   ;(00000000000000000000000000000000) (0) (0) (00)   ;(00000000000000000000000000000000) (0) (0) (00)   ;(00000000000000000000000000000000) (0) (0) (00)   ;(00000000000000000000000000000000) (0) (0) (00)   ;(00000000000000000000000000000000) (0) (0) (00)   ;
;96;(00000000000000000000000000000000) (0) (0) (00)    ;(00000000000000000000000000000000) (0) (0) (00)   ;(00000000000000000000000000000000) (0) (0) (00)   ;(00000000000000000000000000000000) (0) (0) (00)   ;(00000000000000000000000000000000) (0) (0) (00)   ;(00000000000000000000000000000000) (0) (0) (00)   ;(00000000000000000000000000000000) (0) (0) (00)   ;(00000000000000000000000000000000) (0) (0) (00)   ;
;104;(00000000000000000000000000000000) (0) (0) (00)    ;(00000000000000000000000000000000) (0) (0) (00)   ;(00000000000000000000000000000000) (0) (0) (00)   ;(00000000000000000000000000000000) (0) (0) (00)   ;(00000000000000000000000000000000) (0) (0) (00)   ;(00000000000000000000000000000000) (0) (0) (00)   ;(00000000000000000000000000000000) (0) (0) (00)   ;(00000000000000000000000000000000) (0) (0) (00)   ;
;112;(00000000000000000000000000000000) (0) (0) (00)    ;(00000000000000000000000000000000) (0) (0) (00)   ;(00000000000000000000000000000000) (0) (0) (00)   ;(00000000000000000000000000000000) (0) (0) (00)   ;(00000000000000000000000000000000) (0) (0) (00)   ;(00000000000000000000000000000000) (0) (0) (00)   ;(00000000000000000000000000000000) (0) (0) (00)   ;(00000000000000000000000000000000) (0) (0) (00)   ;
;120;(00000000000000000000000000000000) (0) (0) (00)    ;(00000000000000000000000000000000) (0) (0) (00)   ;(00000000000000000000000000000000) (0) (0) (00)   ;(00000000000000000000000000000000) (0) (0) (00)   ;(00000000000000000000000000000000) (0) (0) (00)   ;(00000000000000000000000000000000) (0) (0) (00)   ;(00000000000000000000000000000000) (0) (0) (00)   ;(00000000000000000000000000000000) (0) (0) (00)   ;
;128;(00000000000000000000000000000000) (0) (0) (00)    ;(00000000000000000000000000000000) (0) (0) (00)   ;(00000000000000000000000000000000) (0) (0) (00)   ;(00000000000000000000000000000000) (0) (0) (00)   ;(00000000000000000000000000000000) (0) (0) (00)   ;(00000000000000000000000000000000) (0) (0) (00)   ;(00000000000000000000000000000000) (0) (0) (00)   ;(00000000000000000000000000000000) (0) (0) (00)   ;
;136;(00000000000000000000000000000000) (0) (0) (00)    ;(00000000000000000000000000000000) (0) (0) (00)   ;(00000000000000000000000000000000) (0) (0) (00)   ;(00000000000000000000000000000000) (0) (0) (00)   ;(00000000000000000000000000000000) (0) (0) (00)   ;(00000000000000000000000000000000) (0) (0) (00)   ;(00000000000000000000000000000000) (0) (0) (00)   ;(00000000000000000000000000000000) (0) (0) (00)   ;
;144;(00000000000000000000000000000000) (0) (0) (00)    ;(00000000000000000000000000000000) (0) (0) (00)   ;(00000000000000000000000000000000) (0) (0) (00)   ;(00000000000000000000000000000000) (0) (0) (00)   ;(00000000000000000000000000000000) (0) (0) (00)   ;(00000000000000000000000000000000) (0) (0) (00)   ;(00000000000000000000000000000000) (0) (0) (00)   ;(00000000000000000000000000000000) (0) (0) (00)   ;
;152;(00000000000000000000000000000000) (0) (0) (00)    ;(00000000000000000000000000000000) (0) (0) (00)   ;(00000000000000000000000000000000) (0) (0) (00)   ;(00000000000000000000000000000000) (0) (0) (00)   ;(00000000000000000000000000000000) (0) (0) (00)   ;(00000000000000000000000000000000) (0) (0) (00)   ;(00000000000000000000000000000000) (0) (0) (00)   ;(00000000000000000000000000000000) (0) (0) (00)   ;
;160;(00000000000000000000000000000000) (0) (0) (00)    ;(00000000000000000000000000000000) (0) (0) (00)   ;(00000000000000000000000000000000) (0) (0) (00)   ;(00000000000000000000000000000000) (0) (0) (00)   ;(00000000000000000000000000000000) (0) (0) (00)   ;(00000000000000000000000000000000) (0) (0) (00)   ;(00000000000000000000000000000000) (0) (0) (00)   ;(00000000000000000000000000000000) (0) (0) (00)   ;
;168;(00000000000000000000000000000000) (0) (0) (00)    ;(00000000000000000000000000000000) (0) (0) (00)   ;(00000000000000000000000000000000) (0) (0) (00)   ;(00000000000000000000000000000000) (0) (0) (00)   ;(00000000000000000000000000000000) (0) (0) (00)   ;(00000000000000000000000000000000) (0) (0) (00)   ;(00000000000000000000000000000000) (0) (0) (00)   ;(00000000000000000000000000000000) (0) (0) (00)   ;
;176;(00000000000000000000000000000000) (0) (0) (00)    ;(00000000000000000000000000000000) (0) (0) (00)   ;(00000000000000000000000000000000) (0) (0) (00)   ;(00000000000000000000000000000000) (0) (0) (00)   ;(00000000000000000000000000000000) (0) (0) (00)   ;(00000000000000000000000000000000) (0) (0) (00)   ;(00000000000000000000000000000000) (0) (0) (00)   ;(00000000000000000000000000000000) (0) (0) (00)   ;
;184;(00000000000000000000000000000000) (0) (0) (00)    ;(00000000000000000000000000000000) (0) (0) (00)   ;(00000000000000000000000000000000) (0) (0) (00)   ;(00000000000000000000000000000000) (0) (0) (00)   ;(00000000000000000000000000000000) (0) (0) (00)   ;(00000000000000000000000000000000) (0) (0) (00)   ;(00000000000000000000000000000000) (0) (0) (00)   ;(00000000000000000000000000000000) (0) (0) (00)   ;
;192;(00000000000000000000000000000000) (0) (0) (00)    ;(00000000000000000000000000000000) (0) (0) (00)   ;(00000000000000000000000000000000) (0) (0) (00)   ;(00000000000000000000000000000000) (0) (0) (00)   ;(00000000000000000000000000000000) (0) (0) (00)   ;(00000000000000000000000000000000) (0) (0) (00)   ;(00000000000000000000000000000000) (0) (0) (00)   ;(00000000000000000000000000000000) (0) (0) (00)   ;
;200;(00000000000000000000000000000000) (0) (0) (00)    ;(00000000000000000000000000000000) (0) (0) (00)   ;(00000000000000000000000000000000) (0) (0) (00)   ;(00000000000000000000000000000000) (0) (0) (00)   ;(00000000000000000000000000000000) (0) (0) (00)   ;(00000000000000000000000000000000) (0) (0) (00)   ;(00000000000000000000000000000000) (0) (0) (00)   ;(00000000000000000000000000000000) (0) (0) (00)   ;
;208;(00000000000000000000000000000000) (0) (0) (00)    ;(00000000000000000000000000000000) (0) (0) (00)   ;(00000000000000000000000000000000) (0) (0) (00)   ;(00000000000000000000000000000000) (0) (0) (00)   ;(00000000000000000000000000000000) (0) (0) (00)   ;(00000000000000000000000000000000) (0) (0) (00)   ;(00000000000000000000000000000000) (0) (0) (00)   ;(00000000000000000000000000000000) (0) (0) (00)   ;
;216;(00000000000000000000000000000000) (0) (0) (00)    ;(00000000000000000000000000000000) (0) (0) (00)   ;(00000000000000000000000000000000) (0) (0) (00)   ;(00000000000000000000000000000000) (0) (0) (00)   ;(00000000000000000000000000000000) (0) (0) (00)   ;(00000000000000000000000000000000) (0) (0) (00)   ;(00000000000000000000000000000000) (0) (0) (00)   ;(00000000000000000000000000000000) (0) (0) (00)   ;
;224;(00000000000000000000000000000000) (0) (0) (00)    ;(00000000000000000000000000000000) (0) (0) (00)   ;(00000000000000000000000000000000) (0) (0) (00)   ;(00000000000000000000000000000000) (0) (0) (00)   ;(00000000000000000000000000000000) (0) (0) (00)   ;(00000000000000000000000000000000) (0) (0) (00)   ;(00000000000000000000000000000000) (0) (0) (00)   ;(00000000000000000000000000000000) (0) (0) (00)   ;
;232;(00000000000000000000000000000000) (0) (0) (00)    ;(00000000000000000000000000000000) (0) (0) (00)   ;(00000000000000000000000000000000) (0) (0) (00)   ;(00000000000000000000000000000000) (0) (0) (00)   ;(00000000000000000000000000000000) (0) (0) (00)   ;(00000000000000000000000000000000) (0) (0) (00)   ;(00000000000000000000000000000000) (0) (0) (00)   ;(00000000000000000000000000000000) (0) (0) (00)   ;
;240;(00000000000000000000000000000000) (0) (0) (00)    ;(00000000000000000000000000000000) (0) (0) (00)   ;(00000000000000000000000000000000) (0) (0) (00)   ;(00000000000000000000000000000000) (0) (0) (00)   ;(00000000000000000000000000000000) (0) (0) (00)   ;(00000000000000000000000000000000) (0) (0) (00)   ;(00000000000000000000000000000000) (0) (0) (00)   ;(00000000000000000000000000000000) (0) (0) (00)   ;
;248;(00000000000000000000000000000000) (0) (0) (00)    ;(00000000000000000000000000000000) (0) (0) (00)   ;(00000000000000000000000000000000) (0) (0) (00)   ;(00000000000000000000000000000000) (0) (0) (00)   ;(00000000000000000000000000000000) (0) (0) (00)   ;(00000000000000000000000000000000) (0) (0) (00)   ;(00000000000000000000000000000000) (0) (0) (00)   ;(00000000000000000000000000000000) (0) (0) (00)   ;
;256;(00000000000000000000000000000000) (0) (0) (00)    ;(00000000000000000000000000000000) (0) (0) (00)   ;(00000000000000000000000000000000) (0) (0) (00)   ;(00000000000000000000000000000000) (0) (0) (00)   ;(00000000000000000000000000000000) (0) (0) (00)   ;(00000000000000000000000000000000) (0) (0) (00)   ;(00000000000000000000000000000000) (0) (0) (00)   ;(00000000000000000000000000000000) (0) (0) (00)   ;
;264;(00000000000000000000000000000000) (0) (0) (00)    ;(00000000000000000000000000000000) (0) (0) (00)   ;(00000000000000000000000000000000) (0) (0) (00)   ;(00000000000000000000000000000000) (0) (0) (00)   ;(00000000000000000000000000000000) (0) (0) (00)   ;(00000000000000000000000000000000) (0) (0) (00)   ;(00000000000000000000000000000000) (0) (0) (00)   ;(00000000000000000000000000000000) (0) (0) (00)   ;
;272;(00000000000000000000000000000000) (0) (0) (00)    ;(00000000000000000000000000000000) (0) (0) (00)   ;(00000000000000000000000000000000) (0) (0) (00)   ;(00000000000000000000000000000000) (0) (0) (00)   ;(00000000000000000000000000000000) (0) (0) (00)   ;(00000000000000000000000000000000) (0) (0) (00)   ;(00000000000000000000000000000000) (0) (0) (00)   ;(00000000000000000000000000000000) (0) (0) (00)   ;
;280;(00000000000000000000000000000000) (0) (0) (00)    ;(00000000000000000000000000000000) (0) (0) (00)   ;(00000000000000000000000000000000) (0) (0) (00)   ;(00000000000000000000000000000000) (0) (0) (00)   ;(00000000000000000000000000000000) (0) (0) (00)   ;(00000000000000000000000000000000) (0) (0) (00)   ;(00000000000000000000000000000000) (0) (0) (00)   ;(00000000000000000000000000000000) (0) (0) (00)   ;
;288;(00000000000000000000000000000000) (0) (0) (00)    ;(00000000000000000000000000000000) (0) (0) (00)   ;(00000000000000000000000000000000) (0) (0) (00)   ;(00000000000000000000000000000000) (0) (0) (00)   ;(00000000000000000000000000000000) (0) (0) (00)   ;(00000000000000000000000000000000) (0) (0) (00)   ;(00000000000000000000000000000000) (0) (0) (00)   ;(00000000000000000000000000000000) (0) (0) (00)   ;
;296;(00000000000000000000000000000000) (0) (0) (00)    ;(00000000000000000000000000000000) (0) (0) (00)   ;(00000000000000000000000000000000) (0) (0) (00)   ;(00000000000000000000000000000000) (0) (0) (00)   ;(00000000000000000000000000000000) (0) (0) (00)   ;(00000000000000000000000000000000) (0) (0) (00)   ;(00000000000000000000000000000000) (0) (0) (00)   ;(00000000000000000000000000000000) (0) (0) (00)   ;
;304;(00000000000000000000000000000000) (0) (0) (00)    ;(00000000000000000000000000000000) (0) (0) (00)   ;(00000000000000000000000000000000) (0) (0) (00)   ;(00000000000000000000000000000000) (0) (0) (00)   ;(00000000000000000000000000000000) (0) (0) (00)   ;(00000000000000000000000000000000) (0) (0) (00)   ;(00000000000000000000000000000000) (0) (0) (00)   ;(00000000000000000000000000000000) (0) (0) (00)   ;
;312;(00000000000000000000000000000000) (0) (0) (00)    ;(00000000000000000000000000000000) (0) (0) (00)   ;(00000000000000000000000000000000) (0) (0) (00)   ;(00000000000000000000000000000000) (0) (0) (00)   ;(00000000000000000000000000000000) (0) (0) (00)   ;(00000000000000000000000000000000) (0) (0) (00)   ;(00000000000000000000000000000000) (0) (0) (00)   ;(00000000000000000000000000000000) (0) (0) (00)   ;
;320;(00000000000000000000000000000000) (0) (0) (00)    ;(00000000000000000000000000000000) (0) (0) (00)   ;(00000000000000000000000000000000) (0) (0) (00)   ;(00000000000000000000000000000000) (0) (0) (00)   ;(00000000000000000000000000000000) (0) (0) (00)   ;(00000000000000000000000000000000) (0) (0) (00)   ;(00000000000000000000000000000000) (0) (0) (00)   ;(00000000000000000000000000000000) (0) (0) (00)   ;
;328;(00000000000000000000000000000000) (0) (0) (00)    ;(00000000000000000000000000000000) (0) (0) (00)   ;(00000000000000000000000000000000) (0) (0) (00)   ;(00000000000000000000000000000000) (0) (0) (00)   ;(00000000000000000000000000000000) (0) (0) (00)   ;(00000000000000000000000000000000) (0) (0) (00)   ;(00000000000000000000000000000000) (0) (0) (00)   ;(00000000000000000000000000000000) (0) (0) (00)   ;
;336;(00000000000000000000000000000000) (0) (0) (00)    ;(00000000000000000000000000000000) (0) (0) (00)   ;(00000000000000000000000000000000) (0) (0) (00)   ;(00000000000000000000000000000000) (0) (0) (00)   ;(00000000000000000000000000000000) (0) (0) (00)   ;(00000000000000000000000000000000) (0) (0) (00)   ;(00000000000000000000000000000000) (0) (0) (00)   ;(00000000000000000000000000000000) (0) (0) (00)   ;
;344;(00000000000000000000000000000000) (0) (0) (00)    ;(00000000000000000000000000000000) (0) (0) (00)   ;(00000000000000000000000000000000) (0) (0) (00)   ;(00000000000000000000000000000000) (0) (0) (00)   ;(00000000000000000000000000000000) (0) (0) (00)   ;(00000000000000000000000000000000) (0) (0) (00)   ;(00000000000000000000000000000000) (0) (0) (00)   ;(00000000000000000000000000000000) (0) (0) (00)   ;
;352;(00000000000000000000000000000000) (0) (0) (00)    ;(00000000000000000000000000000000) (0) (0) (00)   ;(00000000000000000000000000000000) (0) (0) (00)   ;(00000000000000000000000000000000) (0) (0) (00)   ;(00000000000000000000000000000000) (0) (0) (00)   ;(00000000000000000000000000000000) (0) (0) (00)   ;(00000000000000000000000000000000) (0) (0) (00)   ;(00000000000000000000000000000000) (0) (0) (00)   ;
;360;(00000000000000000000000000000000) (0) (0) (00)    ;(00000000000000000000000000000000) (0) (0) (00)   ;(00000000000000000000000000000000) (0) (0) (00)   ;(00000000000000000000000000000000) (0) (0) (00)   ;(00000000000000000000000000000000) (0) (0) (00)   ;(00000000000000000000000000000000) (0) (0) (00)   ;(00000000000000000000000000000000) (0) (0) (00)   ;(00000000000000000000000000000000) (0) (0) (00)   ;
;368;(00000000000000000000000000000000) (0) (0) (00)    ;(00000000000000000000000000000000) (0) (0) (00)   ;(00000000000000000000000000000000) (0) (0) (00)   ;(00000000000000000000000000000000) (0) (0) (00)   ;(00000000000000000000000000000000) (0) (0) (00)   ;(00000000000000000000000000000000) (0) (0) (00)   ;(00000000000000000000000000000000) (0) (0) (00)   ;(00000000000000000000000000000000) (0) (0) (00)   ;
;376;(00000000000000000000000000000000) (0) (0) (00)    ;(00000000000000000000000000000000) (0) (0) (00)   ;(00000000000000000000000000000000) (0) (0) (00)   ;(00000000000000000000000000000000) (0) (0) (00)   ;(00000000000000000000000000000000) (0) (0) (00)   ;(00000000000000000000000000000000) (0) (0) (00)   ;(00000000000000000000000000000000) (0) (0) (00)   ;(00000000000000000000000000000000) (0) (0) (00)   ;
;384;(00000000000000000000000000000000) (0) (0) (00)    ;(00000000000000000000000000000000) (0) (0) (00)   ;(00000000000000000000000000000000) (0) (0) (00)   ;(00000000000000000000000000000000) (0) (0) (00)   ;(00000000000000000000000000000000) (0) (0) (00)   ;(00000000000000000000000000000000) (0) (0) (00)   ;(00000000000000000000000000000000) (0) (0) (00)   ;(00000000000000000000000000000000) (0) (0) (00)   ;
;392;(00000000000000000000000000000000) (0) (0) (00)    ;(00000000000000000000000000000000) (0) (0) (00)   ;(00000000000000000000000000000000) (0) (0) (00)   ;(00000000000000000000000000000000) (0) (0) (00)   ;(00000000000000000000000000000000) (0) (0) (00)   ;(00000000000000000000000000000000) (0) (0) (00)   ;(00000000000000000000000000000000) (0) (0) (00)   ;(00000000000000000000000000000000) (0) (0) (00)   ;
;400;(00000000000000000000000000000000) (0) (0) (00)    ;(00000000000000000000000000000000) (0) (0) (00)   ;(00000000000000000000000000000000) (0) (0) (00)   ;(00000000000000000000000000000000) (0) (0) (00)   ;(00000000000000000000000000000000) (0) (0) (00)   ;(00000000000000000000000000000000) (0) (0) (00)   ;(00000000000000000000000000000000) (0) (0) (00)   ;(00000000000000000000000000000000) (0) (0) (00)   ;
;408;(00000000000000000000000000000000) (0) (0) (00)    ;(00000000000000000000000000000000) (0) (0) (00)   ;(00000000000000000000000000000000) (0) (0) (00)   ;(00000000000000000000000000000000) (0) (0) (00)   ;(00000000000000000000000000000000) (0) (0) (00)   ;(00000000000000000000000000000000) (0) (0) (00)   ;(00000000000000000000000000000000) (0) (0) (00)   ;(00000000000000000000000000000000) (0) (0) (00)   ;
;416;(00000000000000000000000000000000) (0) (0) (00)    ;(00000000000000000000000000000000) (0) (0) (00)   ;(00000000000000000000000000000000) (0) (0) (00)   ;(00000000000000000000000000000000) (0) (0) (00)   ;(00000000000000000000000000000000) (0) (0) (00)   ;(00000000000000000000000000000000) (0) (0) (00)   ;(00000000000000000000000000000000) (0) (0) (00)   ;(00000000000000000000000000000000) (0) (0) (00)   ;
;424;(00000000000000000000000000000000) (0) (0) (00)    ;(00000000000000000000000000000000) (0) (0) (00)   ;(00000000000000000000000000000000) (0) (0) (00)   ;(00000000000000000000000000000000) (0) (0) (00)   ;(00000000000000000000000000000000) (0) (0) (00)   ;(00000000000000000000000000000000) (0) (0) (00)   ;(00000000000000000000000000000000) (0) (0) (00)   ;(00000000000000000000000000000000) (0) (0) (00)   ;
;432;(00000000000000000000000000000000) (0) (0) (00)    ;(00000000000000000000000000000000) (0) (0) (00)   ;(00000000000000000000000000000000) (0) (0) (00)   ;(00000000000000000000000000000000) (0) (0) (00)   ;(00000000000000000000000000000000) (0) (0) (00)   ;(00000000000000000000000000000000) (0) (0) (00)   ;(00000000000000000000000000000000) (0) (0) (00)   ;(00000000000000000000000000000000) (0) (0) (00)   ;
;440;(00000000000000000000000000000000) (0) (0) (00)    ;(00000000000000000000000000000000) (0) (0) (00)   ;(00000000000000000000000000000000) (0) (0) (00)   ;(00000000000000000000000000000000) (0) (0) (00)   ;(00000000000000000000000000000000) (0) (0) (00)   ;(00000000000000000000000000000000) (0) (0) (00)   ;(00000000000000000000000000000000) (0) (0) (00)   ;(00000000000000000000000000000000) (0) (0) (00)   ;
;448;(00000000000000000000000000000000) (0) (0) (00)    ;(00000000000000000000000000000000) (0) (0) (00)   ;(00000000000000000000000000000000) (0) (0) (00)   ;(00000000000000000000000000000000) (0) (0) (00)   ;(00000000000000000000000000000000) (0) (0) (00)   ;(00000000000000000000000000000000) (0) (0) (00)   ;(00000000000000000000000000000000) (0) (0) (00)   ;(00000000000000000000000000000000) (0) (0) (00)   ;
;456;(00000000000000000000000000000000) (0) (0) (00)    ;(00000000000000000000000000000000) (0) (0) (00)   ;(00000000000000000000000000000000) (0) (0) (00)   ;(00000000000000000000000000000000) (0) (0) (00)   ;(00000000000000000000000000000000) (0) (0) (00)   ;(00000000000000000000000000000000) (0) (0) (00)   ;(00000000000000000000000000000000) (0) (0) (00)   ;(00000000000000000000000000000000) (0) (0) (00)   ;
;464;(00000000000000000000000000000000) (0) (0) (00)    ;(00000000000000000000000000000000) (0) (0) (00)   ;(00000000000000000000000000000000) (0) (0) (00)   ;(00000000000000000000000000000000) (0) (0) (00)   ;(00000000000000000000000000000000) (0) (0) (00)   ;(00000000000000000000000000000000) (0) (0) (00)   ;(00000000000000000000000000000000) (0) (0) (00)   ;(00000000000000000000000000000000) (0) (0) (00)   ;
;472;(00000000000000000000000000000000) (0) (0) (00)    ;(00000000000000000000000000000000) (0) (0) (00)   ;(00000000000000000000000000000000) (0) (0) (00)   ;(00000000000000000000000000000000) (0) (0) (00)   ;(00000000000000000000000000000000) (0) (0) (00)   ;(00000000000000000000000000000000) (0) (0) (00)   ;(00000000000000000000000000000000) (0) (0) (00)   ;(00000000000000000000000000000000) (0) (0) (00)   ;
;480;(00000000000000000000000000000000) (0) (0) (00)    ;(00000000000000000000000000000000) (0) (0) (00)   ;(00000000000000000000000000000000) (0) (0) (00)   ;(00000000000000000000000000000000) (0) (0) (00)   ;(00000000000000000000000000000000) (0) (0) (00)   ;(00000000000000000000000000000000) (0) (0) (00)   ;(00000000000000000000000000000000) (0) (0) (00)   ;(00000000000000000000000000000000) (0) (0) (00)   ;
;488;(00000000000000000000000000000000) (0) (0) (00)    ;(00000000000000000000000000000000) (0) (0) (00)   ;(00000000000000000000000000000000) (0) (0) (00)   ;(00000000000000000000000000000000) (0) (0) (00)   ;(00000000000000000000000000000000) (0) (0) (00)   ;(00000000000000000000000000000000) (0) (0) (00)   ;(00000000000000000000000000000000) (0) (0) (00)   ;(00000000000000000000000000000000) (0) (0) (00)   ;
;496;(00000000000000000000000000000000) (0) (0) (00)    ;(00000000000000000000000000000000) (0) (0) (00)   ;(00000000000000000000000000000000) (0) (0) (00)   ;(00000000000000000000000000000000) (0) (0) (00)   ;(00000000000000000000000000000000) (0) (0) (00)   ;(00000000000000000000000000000000) (0) (0) (00)   ;(00000000000000000000000000000000) (0) (0) (00)   ;(00000000000000000000000000000000) (0) (0) (00)   ;
;504;(00000000000000000000000000000000) (0) (0) (00)    ;(00000000000000000000000000000000) (0) (0) (00)   ;(00000000000000000000000000000000) (0) (0) (00)   ;(00000000000000000000000000000000) (0) (0) (00)   ;(00000000000000000000000000000000) (0) (0) (00)   ;(00000000000000000000000000000000) (0) (0) (00)   ;(00000000000000000000000000000000) (0) (0) (00)   ;(00000000000000000000000000000000) (0) (0) (00)   ;
;512;(00000000000000000000000000000000) (0) (0) (00)    ;(00000000000000000000000000000000) (0) (0) (00)   ;(00000000000000000000000000000000) (0) (0) (00)   ;(00000000000000000000000000000000) (0) (0) (00)   ;(00000000000000000000000000000000) (0) (0) (00)   ;(00000000000000000000000000000000) (0) (0) (00)   ;(00000000000000000000000000000000) (0) (0) (00)   ;(00000000000000000000000000000000) (0) (0) (00)   ;
;520;(00000000000000000000000000000000) (0) (0) (00)    ;(00000000000000000000000000000000) (0) (0) (00)   ;(00000000000000000000000000000000) (0) (0) (00)   ;(00000000000000000000000000000000) (0) (0) (00)   ;(00000000000000000000000000000000) (0) (0) (00)   ;(00000000000000000000000000000000) (0) (0) (00)   ;(00000000000000000000000000000000) (0) (0) (00)   ;(00000000000000000000000000000000) (0) (0) (00)   ;
;528;(00000000000000000000000000000000) (0) (0) (00)    ;(00000000000000000000000000000000) (0) (0) (00)   ;(00000000000000000000000000000000) (0) (0) (00)   ;(00000000000000000000000000000000) (0) (0) (00)   ;(00000000000000000000000000000000) (0) (0) (00)   ;(00000000000000000000000000000000) (0) (0) (00)   ;(00000000000000000000000000000000) (0) (0) (00)   ;(00000000000000000000000000000000) (0) (0) (00)   ;
;536;(00000000000000000000000000000000) (0) (0) (00)    ;(00000000000000000000000000000000) (0) (0) (00)   ;(00000000000000000000000000000000) (0) (0) (00)   ;(00000000000000000000000000000000) (0) (0) (00)   ;(00000000000000000000000000000000) (0) (0) (00)   ;(00000000000000000000000000000000) (0) (0) (00)   ;(00000000000000000000000000000000) (0) (0) (00)   ;(00000000000000000000000000000000) (0) (0) (00)   ;
;544;(00000000000000000000000000000000) (0) (0) (00)    ;(00000000000000000000000000000000) (0) (0) (00)   ;(00000000000000000000000000000000) (0) (0) (00)   ;(00000000000000000000000000000000) (0) (0) (00)   ;(00000000000000000000000000000000) (0) (0) (00)   ;(00000000000000000000000000000000) (0) (0) (00)   ;(00000000000000000000000000000000) (0) (0) (00)   ;(00000000000000000000000000000000) (0) (0) (00)   ;
;552;(00000000000000000000000000000000) (0) (0) (00)    ;(00000000000000000000000000000000) (0) (0) (00)   ;(00000000000000000000000000000000) (0) (0) (00)   ;(00000000000000000000000000000000) (0) (0) (00)   ;(00000000000000000000000000000000) (0) (0) (00)   ;(00000000000000000000000000000000) (0) (0) (00)   ;(00000000000000000000000000000000) (0) (0) (00)   ;(00000000000000000000000000000000) (0) (0) (00)   ;
;560;(00000000000000000000000000000000) (0) (0) (00)    ;(00000000000000000000000000000000) (0) (0) (00)   ;(00000000000000000000000000000000) (0) (0) (00)   ;(00000000000000000000000000000000) (0) (0) (00)   ;(00000000000000000000000000000000) (0) (0) (00)   ;(00000000000000000000000000000000) (0) (0) (00)   ;(00000000000000000000000000000000) (0) (0) (00)   ;(00000000000000000000000000000000) (0) (0) (00)   ;
;568;(00000000000000000000000000000000) (0) (0) (00)    ;(00000000000000000000000000000000) (0) (0) (00)   ;(00000000000000000000000000000000) (0) (0) (00)   ;(00000000000000000000000000000000) (0) (0) (00)   ;(00000000000000000000000000000000) (0) (0) (00)   ;(00000000000000000000000000000000) (0) (0) (00)   ;(00000000000000000000000000000000) (0) (0) (00)   ;(00000000000000000000000000000000) (0) (0) (00)   ;
;576;(00000000000000000000000000000000) (0) (0) (00)    ;(00000000000000000000000000000000) (0) (0) (00)   ;(00000000000000000000000000000000) (0) (0) (00)   ;(00000000000000000000000000000000) (0) (0) (00)   ;(00000000000000000000000000000000) (0) (0) (00)   ;(00000000000000000000000000000000) (0) (0) (00)   ;(00000000000000000000000000000000) (0) (0) (00)   ;(00000000000000000000000000000000) (0) (0) (00)   ;
;584;(00000000000000000000000000000000) (0) (0) (00)    ;(00000000000000000000000000000000) (0) (0) (00)   ;(00000000000000000000000000000000) (0) (0) (00)   ;(00000000000000000000000000000000) (0) (0) (00)   ;(00000000000000000000000000000000) (0) (0) (00)   ;(00000000000000000000000000000000) (0) (0) (00)   ;(00000000000000000000000000000000) (0) (0) (00)   ;(00000000000000000000000000000000) (0) (0) (00)   ;
;592;(00000000000000000000000000000000) (0) (0) (00)    ;(00000000000000000000000000000000) (0) (0) (00)   ;(00000000000000000000000000000000) (0) (0) (00)   ;(00000000000000000000000000000000) (0) (0) (00)   ;(00000000000000000000000000000000) (0) (0) (00)   ;(00000000000000000000000000000000) (0) (0) (00)   ;(00000000000000000000000000000000) (0) (0) (00)   ;(00000000000000000000000000000000) (0) (0) (00)   ;
;600;(00000000000000000000000000000000) (0) (0) (00)    ;(00000000000000000000000000000000) (0) (0) (00)   ;(00000000000000000000000000000000) (0) (0) (00)   ;(00000000000000000000000000000000) (0) (0) (00)   ;(00000000000000000000000000000000) (0) (0) (00)   ;(00000000000000000000000000000000) (0) (0) (00)   ;(00000000000000000000000000000000) (0) (0) (00)   ;(00000000000000000000000000000000) (0) (0) (00)   ;
;608;(00000000000000000000000000000000) (0) (0) (00)    ;(00000000000000000000000000000000) (0) (0) (00)   ;(00000000000000000000000000000000) (0) (0) (00)   ;(00000000000000000000000000000000) (0) (0) (00)   ;(00000000000000000000000000000000) (0) (0) (00)   ;(00000000000000000000000000000000) (0) (0) (00)   ;(00000000000000000000000000000000) (0) (0) (00)   ;(00000000000000000000000000000000) (0) (0) (00)   ;
;616;(00000000000000000000000000000000) (0) (0) (00)    ;(00000000000000000000000000000000) (0) (0) (00)   ;(00000000000000000000000000000000) (0) (0) (00)   ;(00000000000000000000000000000000) (0) (0) (00)   ;(00000000000000000000000000000000) (0) (0) (00)   ;(00000000000000000000000000000000) (0) (0) (00)   ;(00000000000000000000000000000000) (0) (0) (00)   ;(00000000000000000000000000000000) (0) (0) (00)   ;
;624;(00000000000000000000000000000000) (0) (0) (00)    ;(00000000000000000000000000000000) (0) (0) (00)   ;(00000000000000000000000000000000) (0) (0) (00)   ;(00000000000000000000000000000000) (0) (0) (00)   ;(00000000000000000000000000000000) (0) (0) (00)   ;(00000000000000000000000000000000) (0) (0) (00)   ;(00000000000000000000000000000000) (0) (0) (00)   ;(00000000000000000000000000000000) (0) (0) (00)   ;
;632;(00000000000000000000000000000000) (0) (0) (00)    ;(00000000000000000000000000000000) (0) (0) (00)   ;(00000000000000000000000000000000) (0) (0) (00)   ;(00000000000000000000000000000000) (0) (0) (00)   ;(00000000000000000000000000000000) (0) (0) (00)   ;(00000000000000000000000000000000) (0) (0) (00)   ;(00000000000000000000000000000000) (0) (0) (00)   ;(00000000000000000000000000000000) (0) (0) (00)   ;
;640;(00000000000000000000000000000000) (0) (0) (00)    ;(00000000000000000000000000000000) (0) (0) (00)   ;(00000000000000000000000000000000) (0) (0) (00)   ;(00000000000000000000000000000000) (0) (0) (00)   ;(00000000000000000000000000000000) (0) (0) (00)   ;(00000000000000000000000000000000) (0) (0) (00)   ;(00000000000000000000000000000000) (0) (0) (00)   ;(00000000000000000000000000000000) (0) (0) (00)   ;
;648;(00000000000000000000000000000000) (0) (0) (00)    ;(00000000000000000000000000000000) (0) (0) (00)   ;(00000000000000000000000000000000) (0) (0) (00)   ;(00000000000000000000000000000000) (0) (0) (00)   ;(00000000000000000000000000000000) (0) (0) (00)   ;(00000000000000000000000000000000) (0) (0) (00)   ;(00000000000000000000000000000000) (0) (0) (00)   ;(00000000000000000000000000000000) (0) (0) (00)   ;
;656;(00000000000000000000000000000000) (0) (0) (00)    ;(00000000000000000000000000000000) (0) (0) (00)   ;(00000000000000000000000000000000) (0) (0) (00)   ;(00000000000000000000000000000000) (0) (0) (00)   ;(00000000000000000000000000000000) (0) (0) (00)   ;(00000000000000000000000000000000) (0) (0) (00)   ;(00000000000000000000000000000000) (0) (0) (00)   ;(00000000000000000000000000000000) (0) (0) (00)   ;
;664;(00000000000000000000000000000000) (0) (0) (00)    ;(00000000000000000000000000000000) (0) (0) (00)   ;(00000000000000000000000000000000) (0) (0) (00)   ;(00000000000000000000000000000000) (0) (0) (00)   ;(00000000000000000000000000000000) (0) (0) (00)   ;(00000000000000000000000000000000) (0) (0) (00)   ;(00000000000000000000000000000000) (0) (0) (00)   ;(00000000000000000000000000000000) (0) (0) (00)   ;
;672;(00000000000000000000000000000000) (0) (0) (00)    ;(00000000000000000000000000000000) (0) (0) (00)   ;(00000000000000000000000000000000) (0) (0) (00)   ;(00000000000000000000000000000000) (0) (0) (00)   ;(00000000000000000000000000000000) (0) (0) (00)   ;(00000000000000000000000000000000) (0) (0) (00)   ;(00000000000000000000000000000000) (0) (0) (00)   ;(00000000000000000000000000000000) (0) (0) (00)   ;
;680;(00000000000000000000000000000000) (0) (0) (00)    ;(00000000000000000000000000000000) (0) (0) (00)   ;(00000000000000000000000000000000) (0) (0) (00)   ;(00000000000000000000000000000000) (0) (0) (00)   ;(00000000000000000000000000000000) (0) (0) (00)   ;(00000000000000000000000000000000) (0) (0) (00)   ;(00000000000000000000000000000000) (0) (0) (00)   ;(00000000000000000000000000000000) (0) (0) (00)   ;
;688;(00000000000000000000000000000000) (0) (0) (00)    ;(00000000000000000000000000000000) (0) (0) (00)   ;(00000000000000000000000000000000) (0) (0) (00)   ;(00000000000000000000000000000000) (0) (0) (00)   ;(00000000000000000000000000000000) (0) (0) (00)   ;(00000000000000000000000000000000) (0) (0) (00)   ;(00000000000000000000000000000000) (0) (0) (00)   ;(00000000000000000000000000000000) (0) (0) (00)   ;
;696;(00000000000000000000000000000000) (0) (0) (00)    ;(00000000000000000000000000000000) (0) (0) (00)   ;(00000000000000000000000000000000) (0) (0) (00)   ;(00000000000000000000000000000000) (0) (0) (00)   ;(00000000000000000000000000000000) (0) (0) (00)   ;(00000000000000000000000000000000) (0) (0) (00)   ;(00000000000000000000000000000000) (0) (0) (00)   ;(00000000000000000000000000000000) (0) (0) (00)   ;
;704;(00000000000000000000000000000000) (0) (0) (00)    ;(00000000000000000000000000000000) (0) (0) (00)   ;(00000000000000000000000000000000) (0) (0) (00)   ;(00000000000000000000000000000000) (0) (0) (00)   ;(00000000000000000000000000000000) (0) (0) (00)   ;(00000000000000000000000000000000) (0) (0) (00)   ;(00000000000000000000000000000000) (0) (0) (00)   ;(00000000000000000000000000000000) (0) (0) (00)   ;
;712;(00000000000000000000000000000000) (0) (0) (00)    ;(00000000000000000000000000000000) (0) (0) (00)   ;(00000000000000000000000000000000) (0) (0) (00)   ;(00000000000000000000000000000000) (0) (0) (00)   ;(00000000000000000000000000000000) (0) (0) (00)   ;(00000000000000000000000000000000) (0) (0) (00)   ;(00000000000000000000000000000000) (0) (0) (00)   ;(00000000000000000000000000000000) (0) (0) (00)   ;
;720;(00000000000000000000000000000000) (0) (0) (00)    ;(00000000000000000000000000000000) (0) (0) (00)   ;(00000000000000000000000000000000) (0) (0) (00)   ;(00000000000000000000000000000000) (0) (0) (00)   ;(00000000000000000000000000000000) (0) (0) (00)   ;(00000000000000000000000000000000) (0) (0) (00)   ;(00000000000000000000000000000000) (0) (0) (00)   ;(00000000000000000000000000000000) (0) (0) (00)   ;
;728;(00000000000000000000000000000000) (0) (0) (00)    ;(00000000000000000000000000000000) (0) (0) (00)   ;(00000000000000000000000000000000) (0) (0) (00)   ;(00000000000000000000000000000000) (0) (0) (00)   ;(00000000000000000000000000000000) (0) (0) (00)   ;(00000000000000000000000000000000) (0) (0) (00)   ;(00000000000000000000000000000000) (0) (0) (00)   ;(00000000000000000000000000000000) (0) (0) (00)   ;
;736;(00000000000000000000000000000000) (0) (0) (00)    ;(00000000000000000000000000000000) (0) (0) (00)   ;(00000000000000000000000000000000) (0) (0) (00)   ;(00000000000000000000000000000000) (0) (0) (00)   ;(00000000000000000000000000000000) (0) (0) (00)   ;(00000000000000000000000000000000) (0) (0) (00)   ;(00000000000000000000000000000000) (0) (0) (00)   ;(00000000000000000000000000000000) (0) (0) (00)   ;
;744;(00000000000000000000000000000000) (0) (0) (00)    ;(00000000000000000000000000000000) (0) (0) (00)   ;(00000000000000000000000000000000) (0) (0) (00)   ;(00000000000000000000000000000000) (0) (0) (00)   ;(00000000000000000000000000000000) (0) (0) (00)   ;(00000000000000000000000000000000) (0) (0) (00)   ;(00000000000000000000000000000000) (0) (0) (00)   ;(00000000000000000000000000000000) (0) (0) (00)   ;
;752;(00000000000000000000000000000000) (0) (0) (00)    ;(00000000000000000000000000000000) (0) (0) (00)   ;(00000000000000000000000000000000) (0) (0) (00)   ;(00000000000000000000000000000000) (0) (0) (00)   ;(00000000000000000000000000000000) (0) (0) (00)   ;(00000000000000000000000000000000) (0) (0) (00)   ;(00000000000000000000000000000000) (0) (0) (00)   ;(00000000000000000000000000000000) (0) (0) (00)   ;
;760;(00000000000000000000000000000000) (0) (0) (00)    ;(00000000000000000000000000000000) (0) (0) (00)   ;(00000000000000000000000000000000) (0) (0) (00)   ;(00000000000000000000000000000000) (0) (0) (00)   ;(00000000000000000000000000000000) (0) (0) (00)   ;(00000000000000000000000000000000) (0) (0) (00)   ;(00000000000000000000000000000000) (0) (0) (00)   ;(00000000000000000000000000000000) (0) (0) (00)   ;
;768;(00000000000000000000000000000000) (0) (0) (00)    ;(00000000000000000000000000000000) (0) (0) (00)   ;(00000000000000000000000000000000) (0) (0) (00)   ;(00000000000000000000000000000000) (0) (0) (00)   ;(00000000000000000000000000000000) (0) (0) (00)   ;(00000000000000000000000000000000) (0) (0) (00)   ;(00000000000000000000000000000000) (0) (0) (00)   ;(00000000000000000000000000000000) (0) (0) (00)   ;
;776;(00000000000000000000000000000000) (0) (0) (00)    ;(00000000000000000000000000000000) (0) (0) (00)   ;(00000000000000000000000000000000) (0) (0) (00)   ;(00000000000000000000000000000000) (0) (0) (00)   ;(00000000000000000000000000000000) (0) (0) (00)   ;(00000000000000000000000000000000) (0) (0) (00)   ;(00000000000000000000000000000000) (0) (0) (00)   ;(00000000000000000000000000000000) (0) (0) (00)   ;
;784;(00000000000000000000000000000000) (0) (0) (00)    ;(00000000000000000000000000000000) (0) (0) (00)   ;(00000000000000000000000000000000) (0) (0) (00)   ;(00000000000000000000000000000000) (0) (0) (00)   ;(00000000000000000000000000000000) (0) (0) (00)   ;(00000000000000000000000000000000) (0) (0) (00)   ;(00000000000000000000000000000000) (0) (0) (00)   ;(00000000000000000000000000000000) (0) (0) (00)   ;
;792;(00000000000000000000000000000000) (0) (0) (00)    ;(00000000000000000000000000000000) (0) (0) (00)   ;(00000000000000000000000000000000) (0) (0) (00)   ;(00000000000000000000000000000000) (0) (0) (00)   ;(00000000000000000000000000000000) (0) (0) (00)   ;(00000000000000000000000000000000) (0) (0) (00)   ;(00000000000000000000000000000000) (0) (0) (00)   ;(00000000000000000000000000000000) (0) (0) (00)   ;
;800;(00000000000000000000000000000000) (0) (0) (00)    ;(00000000000000000000000000000000) (0) (0) (00)   ;(00000000000000000000000000000000) (0) (0) (00)   ;(00000000000000000000000000000000) (0) (0) (00)   ;(00000000000000000000000000000000) (0) (0) (00)   ;(00000000000000000000000000000000) (0) (0) (00)   ;(00000000000000000000000000000000) (0) (0) (00)   ;(00000000000000000000000000000000) (0) (0) (00)   ;
;808;(00000000000000000000000000000000) (0) (0) (00)    ;(00000000000000000000000000000000) (0) (0) (00)   ;(00000000000000000000000000000000) (0) (0) (00)   ;(00000000000000000000000000000000) (0) (0) (00)   ;(00000000000000000000000000000000) (0) (0) (00)   ;(00000000000000000000000000000000) (0) (0) (00)   ;(00000000000000000000000000000000) (0) (0) (00)   ;(00000000000000000000000000000000) (0) (0) (00)   ;
;816;(00000000000000000000000000000000) (0) (0) (00)    ;(00000000000000000000000000000000) (0) (0) (00)   ;(00000000000000000000000000000000) (0) (0) (00)   ;(00000000000000000000000000000000) (0) (0) (00)   ;(00000000000000000000000000000000) (0) (0) (00)   ;(00000000000000000000000000000000) (0) (0) (00)   ;(00000000000000000000000000000000) (0) (0) (00)   ;(00000000000000000000000000000000) (0) (0) (00)   ;
;824;(00000000000000000000000000000000) (0) (0) (00)    ;(00000000000000000000000000000000) (0) (0) (00)   ;(00000000000000000000000000000000) (0) (0) (00)   ;(00000000000000000000000000000000) (0) (0) (00)   ;(00000000000000000000000000000000) (0) (0) (00)   ;(00000000000000000000000000000000) (0) (0) (00)   ;(00000000000000000000000000000000) (0) (0) (00)   ;(00000000000000000000000000000000) (0) (0) (00)   ;
;832;(00000000000000000000000000000000) (0) (0) (00)    ;(00000000000000000000000000000000) (0) (0) (00)   ;(00000000000000000000000000000000) (0) (0) (00)   ;(00000000000000000000000000000000) (0) (0) (00)   ;(00000000000000000000000000000000) (0) (0) (00)   ;(00000000000000000000000000000000) (0) (0) (00)   ;(00000000000000000000000000000000) (0) (0) (00)   ;(00000000000000000000000000000000) (0) (0) (00)   ;
;840;(00000000000000000000000000000000) (0) (0) (00)    ;(00000000000000000000000000000000) (0) (0) (00)   ;(00000000000000000000000000000000) (0) (0) (00)   ;(00000000000000000000000000000000) (0) (0) (00)   ;(00000000000000000000000000000000) (0) (0) (00)   ;(00000000000000000000000000000000) (0) (0) (00)   ;(00000000000000000000000000000000) (0) (0) (00)   ;(00000000000000000000000000000000) (0) (0) (00)   ;
;848;(00000000000000000000000000000000) (0) (0) (00)    ;(00000000000000000000000000000000) (0) (0) (00)   ;(00000000000000000000000000000000) (0) (0) (00)   ;(00000000000000000000000000000000) (0) (0) (00)   ;(00000000000000000000000000000000) (0) (0) (00)   ;(00000000000000000000000000000000) (0) (0) (00)   ;(00000000000000000000000000000000) (0) (0) (00)   ;(00000000000000000000000000000000) (0) (0) (00)   ;
;856;(00000000000000000000000000000000) (0) (0) (00)    ;(00000000000000000000000000000000) (0) (0) (00)   ;(00000000000000000000000000000000) (0) (0) (00)   ;(00000000000000000000000000000000) (0) (0) (00)   ;(00000000000000000000000000000000) (0) (0) (00)   ;(00000000000000000000000000000000) (0) (0) (00)   ;(00000000000000000000000000000000) (0) (0) (00)   ;(00000000000000000000000000000000) (0) (0) (00)   ;
;864;(00000000000000000000000000000000) (0) (0) (00)    ;(00000000000000000000000000000000) (0) (0) (00)   ;(00000000000000000000000000000000) (0) (0) (00)   ;(00000000000000000000000000000000) (0) (0) (00)   ;(00000000000000000000000000000000) (0) (0) (00)   ;(00000000000000000000000000000000) (0) (0) (00)   ;(00000000000000000000000000000000) (0) (0) (00)   ;(00000000000000000000000000000000) (0) (0) (00)   ;
;872;(00000000000000000000000000000000) (0) (0) (00)    ;(00000000000000000000000000000000) (0) (0) (00)   ;(00000000000000000000000000000000) (0) (0) (00)   ;(00000000000000000000000000000000) (0) (0) (00)   ;(00000000000000000000000000000000) (0) (0) (00)   ;(00000000000000000000000000000000) (0) (0) (00)   ;(00000000000000000000000000000000) (0) (0) (00)   ;(00000000000000000000000000000000) (0) (0) (00)   ;
;880;(00000000000000000000000000000000) (0) (0) (00)    ;(00000000000000000000000000000000) (0) (0) (00)   ;(00000000000000000000000000000000) (0) (0) (00)   ;(00000000000000000000000000000000) (0) (0) (00)   ;(00000000000000000000000000000000) (0) (0) (00)   ;(00000000000000000000000000000000) (0) (0) (00)   ;(00000000000000000000000000000000) (0) (0) (00)   ;(00000000000000000000000000000000) (0) (0) (00)   ;
;888;(00000000000000000000000000000000) (0) (0) (00)    ;(00000000000000000000000000000000) (0) (0) (00)   ;(00000000000000000000000000000000) (0) (0) (00)   ;(00000000000000000000000000000000) (0) (0) (00)   ;(00000000000000000000000000000000) (0) (0) (00)   ;(00000000000000000000000000000000) (0) (0) (00)   ;(00000000000000000000000000000000) (0) (0) (00)   ;(00000000000000000000000000000000) (0) (0) (00)   ;
;896;(00000000000000000000000000000000) (0) (0) (00)    ;(00000000000000000000000000000000) (0) (0) (00)   ;(00000000000000000000000000000000) (0) (0) (00)   ;(00000000000000000000000000000000) (0) (0) (00)   ;(00000000000000000000000000000000) (0) (0) (00)   ;(00000000000000000000000000000000) (0) (0) (00)   ;(00000000000000000000000000000000) (0) (0) (00)   ;(00000000000000000000000000000000) (0) (0) (00)   ;
;904;(00000000000000000000000000000000) (0) (0) (00)    ;(00000000000000000000000000000000) (0) (0) (00)   ;(00000000000000000000000000000000) (0) (0) (00)   ;(00000000000000000000000000000000) (0) (0) (00)   ;(00000000000000000000000000000000) (0) (0) (00)   ;(00000000000000000000000000000000) (0) (0) (00)   ;(00000000000000000000000000000000) (0) (0) (00)   ;(00000000000000000000000000000000) (0) (0) (00)   ;
;912;(00000000000000000000000000000000) (0) (0) (00)    ;(00000000000000000000000000000000) (0) (0) (00)   ;(00000000000000000000000000000000) (0) (0) (00)   ;(00000000000000000000000000000000) (0) (0) (00)   ;(00000000000000000000000000000000) (0) (0) (00)   ;(00000000000000000000000000000000) (0) (0) (00)   ;(00000000000000000000000000000000) (0) (0) (00)   ;(00000000000000000000000000000000) (0) (0) (00)   ;
;920;(00000000000000000000000000000000) (0) (0) (00)    ;(00000000000000000000000000000000) (0) (0) (00)   ;(00000000000000000000000000000000) (0) (0) (00)   ;(00000000000000000000000000000000) (0) (0) (00)   ;(00000000000000000000000000000000) (0) (0) (00)   ;(00000000000000000000000000000000) (0) (0) (00)   ;(00000000000000000000000000000000) (0) (0) (00)   ;(00000000000000000000000000000000) (0) (0) (00)   ;
;928;(00000000000000000000000000000000) (0) (0) (00)    ;(00000000000000000000000000000000) (0) (0) (00)   ;(00000000000000000000000000000000) (0) (0) (00)   ;(00000000000000000000000000000000) (0) (0) (00)   ;(00000000000000000000000000000000) (0) (0) (00)   ;(00000000000000000000000000000000) (0) (0) (00)   ;(00000000000000000000000000000000) (0) (0) (00)   ;(00000000000000000000000000000000) (0) (0) (00)   ;
;936;(00000000000000000000000000000000) (0) (0) (00)    ;(00000000000000000000000000000000) (0) (0) (00)   ;(00000000000000000000000000000000) (0) (0) (00)   ;(00000000000000000000000000000000) (0) (0) (00)   ;(00000000000000000000000000000000) (0) (0) (00)   ;(00000000000000000000000000000000) (0) (0) (00)   ;(00000000000000000000000000000000) (0) (0) (00)   ;(00000000000000000000000000000000) (0) (0) (00)   ;
;944;(00000000000000000000000000000000) (0) (0) (00)    ;(00000000000000000000000000000000) (0) (0) (00)   ;(00000000000000000000000000000000) (0) (0) (00)   ;(00000000000000000000000000000000) (0) (0) (00)   ;(00000000000000000000000000000000) (0) (0) (00)   ;(00000000000000000000000000000000) (0) (0) (00)   ;(00000000000000000000000000000000) (0) (0) (00)   ;(00000000000000000000000000000000) (0) (0) (00)   ;
;952;(00000000000000000000000000000000) (0) (0) (00)    ;(00000000000000000000000000000000) (0) (0) (00)   ;(00000000000000000000000000000000) (0) (0) (00)   ;(00000000000000000000000000000000) (0) (0) (00)   ;(00000000000000000000000000000000) (0) (0) (00)   ;(00000000000000000000000000000000) (0) (0) (00)   ;(00000000000000000000000000000000) (0) (0) (00)   ;(00000000000000000000000000000000) (0) (0) (00)   ;
;960;(00000000000000000000000000000000) (0) (0) (00)    ;(00000000000000000000000000000000) (0) (0) (00)   ;(00000000000000000000000000000000) (0) (0) (00)   ;(00000000000000000000000000000000) (0) (0) (00)   ;(00000000000000000000000000000000) (0) (0) (00)   ;(00000000000000000000000000000000) (0) (0) (00)   ;(00000000000000000000000000000000) (0) (0) (00)   ;(00000000000000000000000000000000) (0) (0) (00)   ;
;968;(00000000000000000000000000000000) (0) (0) (00)    ;(00000000000000000000000000000000) (0) (0) (00)   ;(00000000000000000000000000000000) (0) (0) (00)   ;(00000000000000000000000000000000) (0) (0) (00)   ;(00000000000000000000000000000000) (0) (0) (00)   ;(00000000000000000000000000000000) (0) (0) (00)   ;(00000000000000000000000000000000) (0) (0) (00)   ;(00000000000000000000000000000000) (0) (0) (00)   ;
;976;(00000000000000000000000000000000) (0) (0) (00)    ;(00000000000000000000000000000000) (0) (0) (00)   ;(00000000000000000000000000000000) (0) (0) (00)   ;(00000000000000000000000000000000) (0) (0) (00)   ;(00000000000000000000000000000000) (0) (0) (00)   ;(00000000000000000000000000000000) (0) (0) (00)   ;(00000000000000000000000000000000) (0) (0) (00)   ;(00000000000000000000000000000000) (0) (0) (00)   ;
;984;(00000000000000000000000000000000) (0) (0) (00)    ;(00000000000000000000000000000000) (0) (0) (00)   ;(00000000000000000000000000000000) (0) (0) (00)   ;(00000000000000000000000000000000) (0) (0) (00)   ;(00000000000000000000000000000000) (0) (0) (00)   ;(00000000000000000000000000000000) (0) (0) (00)   ;(00000000000000000000000000000000) (0) (0) (00)   ;(00000000000000000000000000000000) (0) (0) (00)   ;
;992;(00000000000000000000000000000000) (0) (0) (00)    ;(00000000000000000000000000000000) (0) (0) (00)   ;(00000000000000000000000000000000) (0) (0) (00)   ;(00000000000000000000000000000000) (0) (0) (00)   ;(00000000000000000000000000000000) (0) (0) (00)   ;(00000000000000000000000000000000) (0) (0) (00)   ;(00000000000000000000000000000000) (0) (0) (00)   ;(00000000000000000000000000000000) (0) (0) (00)   ;
;1000;(00000000000000000000000000000000) (0) (0) (00)    ;(00000000000000000000000000000000) (0) (0) (00)   ;(00000000000000000000000000000000) (0) (0) (00)   ;(00000000000000000000000000000000) (0) (0) (00)   ;(00000000000000000000000000000000) (0) (0) (00)   ;(00000000000000000000000000000000) (0) (0) (00)   ;(00000000000000000000000000000000) (0) (0) (00)   ;(00000000000000000000000000000000) (0) (0) (00)   ;
;1008;(00000000000000000000000000000000) (0) (0) (00)    ;(00000000000000000000000000000000) (0) (0) (00)   ;(00000000000000000000000000000000) (0) (0) (00)   ;(00000000000000000000000000000000) (0) (0) (00)   ;(00000000000000000000000000000000) (0) (0) (00)   ;(00000000000000000000000000000000) (0) (0) (00)   ;(00000000000000000000000000000000) (0) (0) (00)   ;(00000000000000000000000000000000) (0) (0) (00)   ;
;1016;(00000000000000000000000000000000) (0) (0) (00)    ;(00000000000000000000000000000000) (0) (0) (00)   ;(00000000000000000000000000000000) (0) (0) (00)   ;(00000000000000000000000000000000) (0) (0) (00)   ;(00000000000000000000000000000000) (0) (0) (00)   ;(00000000000000000000000000000000) (0) (0) (00)   ;(00000000000000000000000000000000) (0) (0) (00)   ;(00000000000000000000000000000000) (0) (0) (00)   ;


+-------------------------------------------------+
; Routing Usage Summary                           ;
+-----------------------+-------------------------+
; Routing Resource Type ; Usage                   ;
+-----------------------+-------------------------+
; Block interconnects   ; 268 / 148,641 ( < 1 % ) ;
; C16 interconnects     ; 28 / 5,382 ( < 1 % )    ;
; C4 interconnects      ; 250 / 106,704 ( < 1 % ) ;
; Direct links          ; 11 / 148,641 ( < 1 % )  ;
; Global clocks         ; 2 / 20 ( 10 % )         ;
; Local interconnects   ; 0 / 49,760 ( 0 % )      ;
; NSLEEPs               ; 0 / 500 ( 0 % )         ;
; R24 interconnects     ; 22 / 5,406 ( < 1 % )    ;
; R4 interconnects      ; 139 / 147,764 ( < 1 % ) ;
+-----------------------+-------------------------+


+---------------------------------------------------------------------------+
; LAB Logic Elements                                                        ;
+--------------------------------------------+------------------------------+
; Number of Logic Elements  (Average = 1.09) ; Number of LABs  (Total = 67) ;
+--------------------------------------------+------------------------------+
; 1                                          ; 61                           ;
; 2                                          ; 6                            ;
; 3                                          ; 0                            ;
; 4                                          ; 0                            ;
; 5                                          ; 0                            ;
; 6                                          ; 0                            ;
; 7                                          ; 0                            ;
; 8                                          ; 0                            ;
; 9                                          ; 0                            ;
; 10                                         ; 0                            ;
; 11                                         ; 0                            ;
; 12                                         ; 0                            ;
; 13                                         ; 0                            ;
; 14                                         ; 0                            ;
; 15                                         ; 0                            ;
; 16                                         ; 0                            ;
+--------------------------------------------+------------------------------+


+-------------------------------------------------------------------+
; LAB-wide Signals                                                  ;
+------------------------------------+------------------------------+
; LAB-wide Signals  (Average = 1.97) ; Number of LABs  (Total = 67) ;
+------------------------------------+------------------------------+
; 1 Async. clear                     ; 66                           ;
; 1 Clock                            ; 66                           ;
+------------------------------------+------------------------------+


+----------------------------------------------------------------------------+
; LAB Signals Sourced                                                        ;
+---------------------------------------------+------------------------------+
; Number of Signals Sourced  (Average = 2.10) ; Number of LABs  (Total = 67) ;
+---------------------------------------------+------------------------------+
; 0                                           ; 0                            ;
; 1                                           ; 5                            ;
; 2                                           ; 56                           ;
; 3                                           ; 0                            ;
; 4                                           ; 6                            ;
+---------------------------------------------+------------------------------+


+--------------------------------------------------------------------------------+
; LAB Signals Sourced Out                                                        ;
+-------------------------------------------------+------------------------------+
; Number of Signals Sourced Out  (Average = 1.09) ; Number of LABs  (Total = 67) ;
+-------------------------------------------------+------------------------------+
; 0                                               ; 0                            ;
; 1                                               ; 61                           ;
; 2                                               ; 6                            ;
+-------------------------------------------------+------------------------------+


+----------------------------------------------------------------------------+
; LAB Distinct Inputs                                                        ;
+---------------------------------------------+------------------------------+
; Number of Distinct Inputs  (Average = 3.04) ; Number of LABs  (Total = 67) ;
+---------------------------------------------+------------------------------+
; 0                                           ; 0                            ;
; 1                                           ; 0                            ;
; 2                                           ; 0                            ;
; 3                                           ; 60                           ;
; 4                                           ; 6                            ;
+---------------------------------------------+------------------------------+


+------------------------------------------+
; I/O Rules Summary                        ;
+----------------------------------+-------+
; I/O Rules Statistic              ; Total ;
+----------------------------------+-------+
; Total I/O Rules                  ; 30    ;
; Number of I/O Rules Passed       ; 9     ;
; Number of I/O Rules Failed       ; 0     ;
; Number of I/O Rules Unchecked    ; 0     ;
; Number of I/O Rules Inapplicable ; 21    ;
+----------------------------------+-------+


+-----------------------------------------------------------------------------------------------------------------------------------------------------------------------------------------------------------------------------------------------------------------------------------------------------+
; I/O Rules Details                                                                                                                                                                                                                                                                                   ;
+--------------+-----------+-----------------------------------+------------------------------------------------------------------------------------------------------+----------+--------------------------------------------------------------------------+---------------------+-------------------+
; Status       ; ID        ; Category                          ; Rule Description                                                                                     ; Severity ; Information                                                              ; Area                ; Extra Information ;
+--------------+-----------+-----------------------------------+------------------------------------------------------------------------------------------------------+----------+--------------------------------------------------------------------------+---------------------+-------------------+
; Inapplicable ; IO_000001 ; Capacity Checks                   ; Number of pins in an I/O bank should not exceed the number of locations available.                   ; Critical ; No Location assignments found.                                           ; I/O                 ;                   ;
; Inapplicable ; IO_000002 ; Capacity Checks                   ; Number of clocks in an I/O bank should not exceed the number of clocks available.                    ; Critical ; No Global Signal assignments found.                                      ; I/O                 ;                   ;
; Inapplicable ; IO_000003 ; Capacity Checks                   ; Number of pins in a Vrefgroup should not exceed the number of locations available.                   ; Critical ; No Location assignments found.                                           ; I/O                 ;                   ;
; Inapplicable ; IO_000004 ; Voltage Compatibility Checks      ; The I/O bank should support the requested VCCIO.                                                     ; Critical ; No IOBANK_VCCIO assignments found.                                       ; I/O                 ;                   ;
; Inapplicable ; IO_000005 ; Voltage Compatibility Checks      ; The I/O bank should not have competing VREF values.                                                  ; Critical ; No VREF I/O Standard assignments found.                                  ; I/O                 ;                   ;
; Pass         ; IO_000006 ; Voltage Compatibility Checks      ; The I/O bank should not have competing VCCIO values.                                                 ; Critical ; 0 such failures found.                                                   ; I/O                 ;                   ;
; Inapplicable ; IO_000007 ; Valid Location Checks             ; Checks for unavailable locations.                                                                    ; Critical ; No Location assignments found.                                           ; I/O                 ;                   ;
; Inapplicable ; IO_000008 ; Valid Location Checks             ; Checks for reserved locations.                                                                       ; Critical ; No reserved LogicLock region found.                                      ; I/O                 ;                   ;
; Pass         ; IO_000009 ; I/O Properties Checks for One I/O ; The location should support the requested I/O standard.                                              ; Critical ; 0 such failures found.                                                   ; I/O                 ;                   ;
; Pass         ; IO_000010 ; I/O Properties Checks for One I/O ; The location should support the requested I/O direction.                                             ; Critical ; 0 such failures found.                                                   ; I/O                 ;                   ;
; Inapplicable ; IO_000011 ; I/O Properties Checks for One I/O ; The location should support the requested Current Strength.                                          ; Critical ; No Current Strength assignments found.                                   ; I/O                 ;                   ;
; Pass         ; IO_000012 ; I/O Properties Checks for One I/O ; The location should support the requested On Chip Termination value.                                 ; Critical ; 0 such failures found.                                                   ; I/O                 ;                   ;
; Inapplicable ; IO_000013 ; I/O Properties Checks for One I/O ; The location should support the requested Bus Hold value.                                            ; Critical ; No Enable Bus-Hold Circuitry assignments found.                          ; I/O                 ;                   ;
; Inapplicable ; IO_000014 ; I/O Properties Checks for One I/O ; The location should support the requested Weak Pull Up value.                                        ; Critical ; No Weak Pull-Up Resistor assignments found.                              ; I/O                 ;                   ;
; Pass         ; IO_000015 ; I/O Properties Checks for One I/O ; The location should support the requested PCI Clamp Diode.                                           ; Critical ; 0 such failures found.                                                   ; I/O                 ;                   ;
; Inapplicable ; IO_000018 ; I/O Properties Checks for One I/O ; The I/O standard should support the requested Current Strength.                                      ; Critical ; No Current Strength assignments found.                                   ; I/O                 ;                   ;
; Pass         ; IO_000019 ; I/O Properties Checks for One I/O ; The I/O standard should support the requested On Chip Termination value.                             ; Critical ; 0 such failures found.                                                   ; I/O                 ;                   ;
; Pass         ; IO_000020 ; I/O Properties Checks for One I/O ; The I/O standard should support the requested PCI Clamp Diode.                                       ; Critical ; 0 such failures found.                                                   ; I/O                 ;                   ;
; Inapplicable ; IO_000021 ; I/O Properties Checks for One I/O ; The I/O standard should support the requested Weak Pull Up value.                                    ; Critical ; No Weak Pull-Up Resistor assignments found.                              ; I/O                 ;                   ;
; Inapplicable ; IO_000022 ; I/O Properties Checks for One I/O ; The I/O standard should support the requested Bus Hold value.                                        ; Critical ; No Enable Bus-Hold Circuitry assignments found.                          ; I/O                 ;                   ;
; Inapplicable ; IO_000023 ; I/O Properties Checks for One I/O ; The I/O standard should support the Open Drain value.                                                ; Critical ; No open drain assignments found.                                         ; I/O                 ;                   ;
; Pass         ; IO_000024 ; I/O Properties Checks for One I/O ; The I/O direction should support the On Chip Termination value.                                      ; Critical ; 0 such failures found.                                                   ; I/O                 ;                   ;
; Inapplicable ; IO_000026 ; I/O Properties Checks for One I/O ; On Chip Termination and Current Strength should not be used at the same time.                        ; Critical ; No Current Strength assignments found.                                   ; I/O                 ;                   ;
; Inapplicable ; IO_000027 ; I/O Properties Checks for One I/O ; Weak Pull Up and Bus Hold should not be used at the same time.                                       ; Critical ; No Enable Bus-Hold Circuitry or Weak Pull-Up Resistor assignments found. ; I/O                 ;                   ;
; Inapplicable ; IO_000045 ; I/O Properties Checks for One I/O ; The I/O standard should support the requested Slew Rate value.                                       ; Critical ; No Slew Rate assignments found.                                          ; I/O                 ;                   ;
; Inapplicable ; IO_000046 ; I/O Properties Checks for One I/O ; The location should support the requested Slew Rate value.                                           ; Critical ; No Slew Rate assignments found.                                          ; I/O                 ;                   ;
; Inapplicable ; IO_000047 ; I/O Properties Checks for One I/O ; On Chip Termination and Slew Rate should not be used at the same time.                               ; Critical ; No Slew Rate assignments found.                                          ; I/O                 ;                   ;
; Pass         ; IO_000033 ; Electromigration Checks           ; Current density for consecutive I/Os should not exceed 160mA for row I/Os and 160mA for column I/Os. ; Critical ; 0 such failures found.                                                   ; I/O                 ;                   ;
; Inapplicable ; IO_000034 ; SI Related Distance Checks        ; Single-ended outputs should be 5 LAB row(s) away from a differential I/O.                            ; High     ; No Differential I/O Standard assignments found.                          ; I/O                 ;                   ;
; Inapplicable ; IO_000042 ; SI Related SSO Limit Checks       ; No more than 20 outputs are allowed in a VREF group when VREF is being read from.                    ; High     ; No VREF I/O Standard assignments found.                                  ; I/O                 ;                   ;
; ----         ; ----      ; Disclaimer                        ; OCT rules are checked but not reported.                                                              ; None     ; ----                                                                     ; On Chip Termination ;                   ;
+--------------+-----------+-----------------------------------+------------------------------------------------------------------------------------------------------+----------+--------------------------------------------------------------------------+---------------------+-------------------+


+--------------------------------------------------------------------------------------------------------------------------------------------------------------------------------------------------------------------------------------------------------------------------------------------------------------------------------------------------------------------------------------------------------------------------------------------------------------------------+
; I/O Rules Matrix                                                                                                                                                                                                                                                                                                                                                                                                                                                         ;
+--------------------+--------------+--------------+--------------+--------------+--------------+-----------+--------------+--------------+-----------+-----------+--------------+--------------+--------------+--------------+--------------+--------------+--------------+--------------+--------------+--------------+--------------+--------------+--------------+--------------+--------------+--------------+--------------+-----------+--------------+--------------+
; Pin/Rules          ; IO_000001    ; IO_000002    ; IO_000003    ; IO_000004    ; IO_000005    ; IO_000006 ; IO_000007    ; IO_000008    ; IO_000009 ; IO_000010 ; IO_000011    ; IO_000012    ; IO_000013    ; IO_000014    ; IO_000015    ; IO_000018    ; IO_000019    ; IO_000020    ; IO_000021    ; IO_000022    ; IO_000023    ; IO_000024    ; IO_000026    ; IO_000027    ; IO_000045    ; IO_000046    ; IO_000047    ; IO_000033 ; IO_000034    ; IO_000042    ;
+--------------------+--------------+--------------+--------------+--------------+--------------+-----------+--------------+--------------+-----------+-----------+--------------+--------------+--------------+--------------+--------------+--------------+--------------+--------------+--------------+--------------+--------------+--------------+--------------+--------------+--------------+--------------+--------------+-----------+--------------+--------------+
; Total Pass         ; 0            ; 0            ; 0            ; 0            ; 0            ; 212       ; 0            ; 0            ; 212       ; 212       ; 0            ; 104          ; 0            ; 0            ; 108          ; 0            ; 104          ; 108          ; 0            ; 0            ; 0            ; 104          ; 0            ; 0            ; 0            ; 0            ; 0            ; 212       ; 0            ; 0            ;
; Total Unchecked    ; 0            ; 0            ; 0            ; 0            ; 0            ; 0         ; 0            ; 0            ; 0         ; 0         ; 0            ; 0            ; 0            ; 0            ; 0            ; 0            ; 0            ; 0            ; 0            ; 0            ; 0            ; 0            ; 0            ; 0            ; 0            ; 0            ; 0            ; 0         ; 0            ; 0            ;
; Total Inapplicable ; 212          ; 212          ; 212          ; 212          ; 212          ; 0         ; 212          ; 212          ; 0         ; 0         ; 212          ; 108          ; 212          ; 212          ; 104          ; 212          ; 108          ; 104          ; 212          ; 212          ; 212          ; 108          ; 212          ; 212          ; 212          ; 212          ; 212          ; 0         ; 212          ; 212          ;
; Total Fail         ; 0            ; 0            ; 0            ; 0            ; 0            ; 0         ; 0            ; 0            ; 0         ; 0         ; 0            ; 0            ; 0            ; 0            ; 0            ; 0            ; 0            ; 0            ; 0            ; 0            ; 0            ; 0            ; 0            ; 0            ; 0            ; 0            ; 0            ; 0         ; 0            ; 0            ;
; RegWriteW          ; Inapplicable ; Inapplicable ; Inapplicable ; Inapplicable ; Inapplicable ; Pass      ; Inapplicable ; Inapplicable ; Pass      ; Pass      ; Inapplicable ; Pass         ; Inapplicable ; Inapplicable ; Inapplicable ; Inapplicable ; Pass         ; Inapplicable ; Inapplicable ; Inapplicable ; Inapplicable ; Pass         ; Inapplicable ; Inapplicable ; Inapplicable ; Inapplicable ; Inapplicable ; Pass      ; Inapplicable ; Inapplicable ;
; ResultSrcW[0]      ; Inapplicable ; Inapplicable ; Inapplicable ; Inapplicable ; Inapplicable ; Pass      ; Inapplicable ; Inapplicable ; Pass      ; Pass      ; Inapplicable ; Pass         ; Inapplicable ; Inapplicable ; Inapplicable ; Inapplicable ; Pass         ; Inapplicable ; Inapplicable ; Inapplicable ; Inapplicable ; Pass         ; Inapplicable ; Inapplicable ; Inapplicable ; Inapplicable ; Inapplicable ; Pass      ; Inapplicable ; Inapplicable ;
; ResultSrcW[1]      ; Inapplicable ; Inapplicable ; Inapplicable ; Inapplicable ; Inapplicable ; Pass      ; Inapplicable ; Inapplicable ; Pass      ; Pass      ; Inapplicable ; Pass         ; Inapplicable ; Inapplicable ; Inapplicable ; Inapplicable ; Pass         ; Inapplicable ; Inapplicable ; Inapplicable ; Inapplicable ; Pass         ; Inapplicable ; Inapplicable ; Inapplicable ; Inapplicable ; Inapplicable ; Pass      ; Inapplicable ; Inapplicable ;
; RD_W[0]            ; Inapplicable ; Inapplicable ; Inapplicable ; Inapplicable ; Inapplicable ; Pass      ; Inapplicable ; Inapplicable ; Pass      ; Pass      ; Inapplicable ; Pass         ; Inapplicable ; Inapplicable ; Inapplicable ; Inapplicable ; Pass         ; Inapplicable ; Inapplicable ; Inapplicable ; Inapplicable ; Pass         ; Inapplicable ; Inapplicable ; Inapplicable ; Inapplicable ; Inapplicable ; Pass      ; Inapplicable ; Inapplicable ;
; RD_W[1]            ; Inapplicable ; Inapplicable ; Inapplicable ; Inapplicable ; Inapplicable ; Pass      ; Inapplicable ; Inapplicable ; Pass      ; Pass      ; Inapplicable ; Pass         ; Inapplicable ; Inapplicable ; Inapplicable ; Inapplicable ; Pass         ; Inapplicable ; Inapplicable ; Inapplicable ; Inapplicable ; Pass         ; Inapplicable ; Inapplicable ; Inapplicable ; Inapplicable ; Inapplicable ; Pass      ; Inapplicable ; Inapplicable ;
; RD_W[2]            ; Inapplicable ; Inapplicable ; Inapplicable ; Inapplicable ; Inapplicable ; Pass      ; Inapplicable ; Inapplicable ; Pass      ; Pass      ; Inapplicable ; Pass         ; Inapplicable ; Inapplicable ; Inapplicable ; Inapplicable ; Pass         ; Inapplicable ; Inapplicable ; Inapplicable ; Inapplicable ; Pass         ; Inapplicable ; Inapplicable ; Inapplicable ; Inapplicable ; Inapplicable ; Pass      ; Inapplicable ; Inapplicable ;
; RD_W[3]            ; Inapplicable ; Inapplicable ; Inapplicable ; Inapplicable ; Inapplicable ; Pass      ; Inapplicable ; Inapplicable ; Pass      ; Pass      ; Inapplicable ; Pass         ; Inapplicable ; Inapplicable ; Inapplicable ; Inapplicable ; Pass         ; Inapplicable ; Inapplicable ; Inapplicable ; Inapplicable ; Pass         ; Inapplicable ; Inapplicable ; Inapplicable ; Inapplicable ; Inapplicable ; Pass      ; Inapplicable ; Inapplicable ;
; RD_W[4]            ; Inapplicable ; Inapplicable ; Inapplicable ; Inapplicable ; Inapplicable ; Pass      ; Inapplicable ; Inapplicable ; Pass      ; Pass      ; Inapplicable ; Pass         ; Inapplicable ; Inapplicable ; Inapplicable ; Inapplicable ; Pass         ; Inapplicable ; Inapplicable ; Inapplicable ; Inapplicable ; Pass         ; Inapplicable ; Inapplicable ; Inapplicable ; Inapplicable ; Inapplicable ; Pass      ; Inapplicable ; Inapplicable ;
; PCPlus4W[0]        ; Inapplicable ; Inapplicable ; Inapplicable ; Inapplicable ; Inapplicable ; Pass      ; Inapplicable ; Inapplicable ; Pass      ; Pass      ; Inapplicable ; Pass         ; Inapplicable ; Inapplicable ; Inapplicable ; Inapplicable ; Pass         ; Inapplicable ; Inapplicable ; Inapplicable ; Inapplicable ; Pass         ; Inapplicable ; Inapplicable ; Inapplicable ; Inapplicable ; Inapplicable ; Pass      ; Inapplicable ; Inapplicable ;
; PCPlus4W[1]        ; Inapplicable ; Inapplicable ; Inapplicable ; Inapplicable ; Inapplicable ; Pass      ; Inapplicable ; Inapplicable ; Pass      ; Pass      ; Inapplicable ; Pass         ; Inapplicable ; Inapplicable ; Inapplicable ; Inapplicable ; Pass         ; Inapplicable ; Inapplicable ; Inapplicable ; Inapplicable ; Pass         ; Inapplicable ; Inapplicable ; Inapplicable ; Inapplicable ; Inapplicable ; Pass      ; Inapplicable ; Inapplicable ;
; PCPlus4W[2]        ; Inapplicable ; Inapplicable ; Inapplicable ; Inapplicable ; Inapplicable ; Pass      ; Inapplicable ; Inapplicable ; Pass      ; Pass      ; Inapplicable ; Pass         ; Inapplicable ; Inapplicable ; Inapplicable ; Inapplicable ; Pass         ; Inapplicable ; Inapplicable ; Inapplicable ; Inapplicable ; Pass         ; Inapplicable ; Inapplicable ; Inapplicable ; Inapplicable ; Inapplicable ; Pass      ; Inapplicable ; Inapplicable ;
; PCPlus4W[3]        ; Inapplicable ; Inapplicable ; Inapplicable ; Inapplicable ; Inapplicable ; Pass      ; Inapplicable ; Inapplicable ; Pass      ; Pass      ; Inapplicable ; Pass         ; Inapplicable ; Inapplicable ; Inapplicable ; Inapplicable ; Pass         ; Inapplicable ; Inapplicable ; Inapplicable ; Inapplicable ; Pass         ; Inapplicable ; Inapplicable ; Inapplicable ; Inapplicable ; Inapplicable ; Pass      ; Inapplicable ; Inapplicable ;
; PCPlus4W[4]        ; Inapplicable ; Inapplicable ; Inapplicable ; Inapplicable ; Inapplicable ; Pass      ; Inapplicable ; Inapplicable ; Pass      ; Pass      ; Inapplicable ; Pass         ; Inapplicable ; Inapplicable ; Inapplicable ; Inapplicable ; Pass         ; Inapplicable ; Inapplicable ; Inapplicable ; Inapplicable ; Pass         ; Inapplicable ; Inapplicable ; Inapplicable ; Inapplicable ; Inapplicable ; Pass      ; Inapplicable ; Inapplicable ;
; PCPlus4W[5]        ; Inapplicable ; Inapplicable ; Inapplicable ; Inapplicable ; Inapplicable ; Pass      ; Inapplicable ; Inapplicable ; Pass      ; Pass      ; Inapplicable ; Pass         ; Inapplicable ; Inapplicable ; Inapplicable ; Inapplicable ; Pass         ; Inapplicable ; Inapplicable ; Inapplicable ; Inapplicable ; Pass         ; Inapplicable ; Inapplicable ; Inapplicable ; Inapplicable ; Inapplicable ; Pass      ; Inapplicable ; Inapplicable ;
; PCPlus4W[6]        ; Inapplicable ; Inapplicable ; Inapplicable ; Inapplicable ; Inapplicable ; Pass      ; Inapplicable ; Inapplicable ; Pass      ; Pass      ; Inapplicable ; Pass         ; Inapplicable ; Inapplicable ; Inapplicable ; Inapplicable ; Pass         ; Inapplicable ; Inapplicable ; Inapplicable ; Inapplicable ; Pass         ; Inapplicable ; Inapplicable ; Inapplicable ; Inapplicable ; Inapplicable ; Pass      ; Inapplicable ; Inapplicable ;
; PCPlus4W[7]        ; Inapplicable ; Inapplicable ; Inapplicable ; Inapplicable ; Inapplicable ; Pass      ; Inapplicable ; Inapplicable ; Pass      ; Pass      ; Inapplicable ; Pass         ; Inapplicable ; Inapplicable ; Inapplicable ; Inapplicable ; Pass         ; Inapplicable ; Inapplicable ; Inapplicable ; Inapplicable ; Pass         ; Inapplicable ; Inapplicable ; Inapplicable ; Inapplicable ; Inapplicable ; Pass      ; Inapplicable ; Inapplicable ;
; PCPlus4W[8]        ; Inapplicable ; Inapplicable ; Inapplicable ; Inapplicable ; Inapplicable ; Pass      ; Inapplicable ; Inapplicable ; Pass      ; Pass      ; Inapplicable ; Pass         ; Inapplicable ; Inapplicable ; Inapplicable ; Inapplicable ; Pass         ; Inapplicable ; Inapplicable ; Inapplicable ; Inapplicable ; Pass         ; Inapplicable ; Inapplicable ; Inapplicable ; Inapplicable ; Inapplicable ; Pass      ; Inapplicable ; Inapplicable ;
; PCPlus4W[9]        ; Inapplicable ; Inapplicable ; Inapplicable ; Inapplicable ; Inapplicable ; Pass      ; Inapplicable ; Inapplicable ; Pass      ; Pass      ; Inapplicable ; Pass         ; Inapplicable ; Inapplicable ; Inapplicable ; Inapplicable ; Pass         ; Inapplicable ; Inapplicable ; Inapplicable ; Inapplicable ; Pass         ; Inapplicable ; Inapplicable ; Inapplicable ; Inapplicable ; Inapplicable ; Pass      ; Inapplicable ; Inapplicable ;
; PCPlus4W[10]       ; Inapplicable ; Inapplicable ; Inapplicable ; Inapplicable ; Inapplicable ; Pass      ; Inapplicable ; Inapplicable ; Pass      ; Pass      ; Inapplicable ; Pass         ; Inapplicable ; Inapplicable ; Inapplicable ; Inapplicable ; Pass         ; Inapplicable ; Inapplicable ; Inapplicable ; Inapplicable ; Pass         ; Inapplicable ; Inapplicable ; Inapplicable ; Inapplicable ; Inapplicable ; Pass      ; Inapplicable ; Inapplicable ;
; PCPlus4W[11]       ; Inapplicable ; Inapplicable ; Inapplicable ; Inapplicable ; Inapplicable ; Pass      ; Inapplicable ; Inapplicable ; Pass      ; Pass      ; Inapplicable ; Pass         ; Inapplicable ; Inapplicable ; Inapplicable ; Inapplicable ; Pass         ; Inapplicable ; Inapplicable ; Inapplicable ; Inapplicable ; Pass         ; Inapplicable ; Inapplicable ; Inapplicable ; Inapplicable ; Inapplicable ; Pass      ; Inapplicable ; Inapplicable ;
; PCPlus4W[12]       ; Inapplicable ; Inapplicable ; Inapplicable ; Inapplicable ; Inapplicable ; Pass      ; Inapplicable ; Inapplicable ; Pass      ; Pass      ; Inapplicable ; Pass         ; Inapplicable ; Inapplicable ; Inapplicable ; Inapplicable ; Pass         ; Inapplicable ; Inapplicable ; Inapplicable ; Inapplicable ; Pass         ; Inapplicable ; Inapplicable ; Inapplicable ; Inapplicable ; Inapplicable ; Pass      ; Inapplicable ; Inapplicable ;
; PCPlus4W[13]       ; Inapplicable ; Inapplicable ; Inapplicable ; Inapplicable ; Inapplicable ; Pass      ; Inapplicable ; Inapplicable ; Pass      ; Pass      ; Inapplicable ; Pass         ; Inapplicable ; Inapplicable ; Inapplicable ; Inapplicable ; Pass         ; Inapplicable ; Inapplicable ; Inapplicable ; Inapplicable ; Pass         ; Inapplicable ; Inapplicable ; Inapplicable ; Inapplicable ; Inapplicable ; Pass      ; Inapplicable ; Inapplicable ;
; PCPlus4W[14]       ; Inapplicable ; Inapplicable ; Inapplicable ; Inapplicable ; Inapplicable ; Pass      ; Inapplicable ; Inapplicable ; Pass      ; Pass      ; Inapplicable ; Pass         ; Inapplicable ; Inapplicable ; Inapplicable ; Inapplicable ; Pass         ; Inapplicable ; Inapplicable ; Inapplicable ; Inapplicable ; Pass         ; Inapplicable ; Inapplicable ; Inapplicable ; Inapplicable ; Inapplicable ; Pass      ; Inapplicable ; Inapplicable ;
; PCPlus4W[15]       ; Inapplicable ; Inapplicable ; Inapplicable ; Inapplicable ; Inapplicable ; Pass      ; Inapplicable ; Inapplicable ; Pass      ; Pass      ; Inapplicable ; Pass         ; Inapplicable ; Inapplicable ; Inapplicable ; Inapplicable ; Pass         ; Inapplicable ; Inapplicable ; Inapplicable ; Inapplicable ; Pass         ; Inapplicable ; Inapplicable ; Inapplicable ; Inapplicable ; Inapplicable ; Pass      ; Inapplicable ; Inapplicable ;
; PCPlus4W[16]       ; Inapplicable ; Inapplicable ; Inapplicable ; Inapplicable ; Inapplicable ; Pass      ; Inapplicable ; Inapplicable ; Pass      ; Pass      ; Inapplicable ; Pass         ; Inapplicable ; Inapplicable ; Inapplicable ; Inapplicable ; Pass         ; Inapplicable ; Inapplicable ; Inapplicable ; Inapplicable ; Pass         ; Inapplicable ; Inapplicable ; Inapplicable ; Inapplicable ; Inapplicable ; Pass      ; Inapplicable ; Inapplicable ;
; PCPlus4W[17]       ; Inapplicable ; Inapplicable ; Inapplicable ; Inapplicable ; Inapplicable ; Pass      ; Inapplicable ; Inapplicable ; Pass      ; Pass      ; Inapplicable ; Pass         ; Inapplicable ; Inapplicable ; Inapplicable ; Inapplicable ; Pass         ; Inapplicable ; Inapplicable ; Inapplicable ; Inapplicable ; Pass         ; Inapplicable ; Inapplicable ; Inapplicable ; Inapplicable ; Inapplicable ; Pass      ; Inapplicable ; Inapplicable ;
; PCPlus4W[18]       ; Inapplicable ; Inapplicable ; Inapplicable ; Inapplicable ; Inapplicable ; Pass      ; Inapplicable ; Inapplicable ; Pass      ; Pass      ; Inapplicable ; Pass         ; Inapplicable ; Inapplicable ; Inapplicable ; Inapplicable ; Pass         ; Inapplicable ; Inapplicable ; Inapplicable ; Inapplicable ; Pass         ; Inapplicable ; Inapplicable ; Inapplicable ; Inapplicable ; Inapplicable ; Pass      ; Inapplicable ; Inapplicable ;
; PCPlus4W[19]       ; Inapplicable ; Inapplicable ; Inapplicable ; Inapplicable ; Inapplicable ; Pass      ; Inapplicable ; Inapplicable ; Pass      ; Pass      ; Inapplicable ; Pass         ; Inapplicable ; Inapplicable ; Inapplicable ; Inapplicable ; Pass         ; Inapplicable ; Inapplicable ; Inapplicable ; Inapplicable ; Pass         ; Inapplicable ; Inapplicable ; Inapplicable ; Inapplicable ; Inapplicable ; Pass      ; Inapplicable ; Inapplicable ;
; PCPlus4W[20]       ; Inapplicable ; Inapplicable ; Inapplicable ; Inapplicable ; Inapplicable ; Pass      ; Inapplicable ; Inapplicable ; Pass      ; Pass      ; Inapplicable ; Pass         ; Inapplicable ; Inapplicable ; Inapplicable ; Inapplicable ; Pass         ; Inapplicable ; Inapplicable ; Inapplicable ; Inapplicable ; Pass         ; Inapplicable ; Inapplicable ; Inapplicable ; Inapplicable ; Inapplicable ; Pass      ; Inapplicable ; Inapplicable ;
; PCPlus4W[21]       ; Inapplicable ; Inapplicable ; Inapplicable ; Inapplicable ; Inapplicable ; Pass      ; Inapplicable ; Inapplicable ; Pass      ; Pass      ; Inapplicable ; Pass         ; Inapplicable ; Inapplicable ; Inapplicable ; Inapplicable ; Pass         ; Inapplicable ; Inapplicable ; Inapplicable ; Inapplicable ; Pass         ; Inapplicable ; Inapplicable ; Inapplicable ; Inapplicable ; Inapplicable ; Pass      ; Inapplicable ; Inapplicable ;
; PCPlus4W[22]       ; Inapplicable ; Inapplicable ; Inapplicable ; Inapplicable ; Inapplicable ; Pass      ; Inapplicable ; Inapplicable ; Pass      ; Pass      ; Inapplicable ; Pass         ; Inapplicable ; Inapplicable ; Inapplicable ; Inapplicable ; Pass         ; Inapplicable ; Inapplicable ; Inapplicable ; Inapplicable ; Pass         ; Inapplicable ; Inapplicable ; Inapplicable ; Inapplicable ; Inapplicable ; Pass      ; Inapplicable ; Inapplicable ;
; PCPlus4W[23]       ; Inapplicable ; Inapplicable ; Inapplicable ; Inapplicable ; Inapplicable ; Pass      ; Inapplicable ; Inapplicable ; Pass      ; Pass      ; Inapplicable ; Pass         ; Inapplicable ; Inapplicable ; Inapplicable ; Inapplicable ; Pass         ; Inapplicable ; Inapplicable ; Inapplicable ; Inapplicable ; Pass         ; Inapplicable ; Inapplicable ; Inapplicable ; Inapplicable ; Inapplicable ; Pass      ; Inapplicable ; Inapplicable ;
; PCPlus4W[24]       ; Inapplicable ; Inapplicable ; Inapplicable ; Inapplicable ; Inapplicable ; Pass      ; Inapplicable ; Inapplicable ; Pass      ; Pass      ; Inapplicable ; Pass         ; Inapplicable ; Inapplicable ; Inapplicable ; Inapplicable ; Pass         ; Inapplicable ; Inapplicable ; Inapplicable ; Inapplicable ; Pass         ; Inapplicable ; Inapplicable ; Inapplicable ; Inapplicable ; Inapplicable ; Pass      ; Inapplicable ; Inapplicable ;
; PCPlus4W[25]       ; Inapplicable ; Inapplicable ; Inapplicable ; Inapplicable ; Inapplicable ; Pass      ; Inapplicable ; Inapplicable ; Pass      ; Pass      ; Inapplicable ; Pass         ; Inapplicable ; Inapplicable ; Inapplicable ; Inapplicable ; Pass         ; Inapplicable ; Inapplicable ; Inapplicable ; Inapplicable ; Pass         ; Inapplicable ; Inapplicable ; Inapplicable ; Inapplicable ; Inapplicable ; Pass      ; Inapplicable ; Inapplicable ;
; PCPlus4W[26]       ; Inapplicable ; Inapplicable ; Inapplicable ; Inapplicable ; Inapplicable ; Pass      ; Inapplicable ; Inapplicable ; Pass      ; Pass      ; Inapplicable ; Pass         ; Inapplicable ; Inapplicable ; Inapplicable ; Inapplicable ; Pass         ; Inapplicable ; Inapplicable ; Inapplicable ; Inapplicable ; Pass         ; Inapplicable ; Inapplicable ; Inapplicable ; Inapplicable ; Inapplicable ; Pass      ; Inapplicable ; Inapplicable ;
; PCPlus4W[27]       ; Inapplicable ; Inapplicable ; Inapplicable ; Inapplicable ; Inapplicable ; Pass      ; Inapplicable ; Inapplicable ; Pass      ; Pass      ; Inapplicable ; Pass         ; Inapplicable ; Inapplicable ; Inapplicable ; Inapplicable ; Pass         ; Inapplicable ; Inapplicable ; Inapplicable ; Inapplicable ; Pass         ; Inapplicable ; Inapplicable ; Inapplicable ; Inapplicable ; Inapplicable ; Pass      ; Inapplicable ; Inapplicable ;
; PCPlus4W[28]       ; Inapplicable ; Inapplicable ; Inapplicable ; Inapplicable ; Inapplicable ; Pass      ; Inapplicable ; Inapplicable ; Pass      ; Pass      ; Inapplicable ; Pass         ; Inapplicable ; Inapplicable ; Inapplicable ; Inapplicable ; Pass         ; Inapplicable ; Inapplicable ; Inapplicable ; Inapplicable ; Pass         ; Inapplicable ; Inapplicable ; Inapplicable ; Inapplicable ; Inapplicable ; Pass      ; Inapplicable ; Inapplicable ;
; PCPlus4W[29]       ; Inapplicable ; Inapplicable ; Inapplicable ; Inapplicable ; Inapplicable ; Pass      ; Inapplicable ; Inapplicable ; Pass      ; Pass      ; Inapplicable ; Pass         ; Inapplicable ; Inapplicable ; Inapplicable ; Inapplicable ; Pass         ; Inapplicable ; Inapplicable ; Inapplicable ; Inapplicable ; Pass         ; Inapplicable ; Inapplicable ; Inapplicable ; Inapplicable ; Inapplicable ; Pass      ; Inapplicable ; Inapplicable ;
; PCPlus4W[30]       ; Inapplicable ; Inapplicable ; Inapplicable ; Inapplicable ; Inapplicable ; Pass      ; Inapplicable ; Inapplicable ; Pass      ; Pass      ; Inapplicable ; Pass         ; Inapplicable ; Inapplicable ; Inapplicable ; Inapplicable ; Pass         ; Inapplicable ; Inapplicable ; Inapplicable ; Inapplicable ; Pass         ; Inapplicable ; Inapplicable ; Inapplicable ; Inapplicable ; Inapplicable ; Pass      ; Inapplicable ; Inapplicable ;
; PCPlus4W[31]       ; Inapplicable ; Inapplicable ; Inapplicable ; Inapplicable ; Inapplicable ; Pass      ; Inapplicable ; Inapplicable ; Pass      ; Pass      ; Inapplicable ; Pass         ; Inapplicable ; Inapplicable ; Inapplicable ; Inapplicable ; Pass         ; Inapplicable ; Inapplicable ; Inapplicable ; Inapplicable ; Pass         ; Inapplicable ; Inapplicable ; Inapplicable ; Inapplicable ; Inapplicable ; Pass      ; Inapplicable ; Inapplicable ;
; ALU_ResultW[0]     ; Inapplicable ; Inapplicable ; Inapplicable ; Inapplicable ; Inapplicable ; Pass      ; Inapplicable ; Inapplicable ; Pass      ; Pass      ; Inapplicable ; Pass         ; Inapplicable ; Inapplicable ; Inapplicable ; Inapplicable ; Pass         ; Inapplicable ; Inapplicable ; Inapplicable ; Inapplicable ; Pass         ; Inapplicable ; Inapplicable ; Inapplicable ; Inapplicable ; Inapplicable ; Pass      ; Inapplicable ; Inapplicable ;
; ALU_ResultW[1]     ; Inapplicable ; Inapplicable ; Inapplicable ; Inapplicable ; Inapplicable ; Pass      ; Inapplicable ; Inapplicable ; Pass      ; Pass      ; Inapplicable ; Pass         ; Inapplicable ; Inapplicable ; Inapplicable ; Inapplicable ; Pass         ; Inapplicable ; Inapplicable ; Inapplicable ; Inapplicable ; Pass         ; Inapplicable ; Inapplicable ; Inapplicable ; Inapplicable ; Inapplicable ; Pass      ; Inapplicable ; Inapplicable ;
; ALU_ResultW[2]     ; Inapplicable ; Inapplicable ; Inapplicable ; Inapplicable ; Inapplicable ; Pass      ; Inapplicable ; Inapplicable ; Pass      ; Pass      ; Inapplicable ; Pass         ; Inapplicable ; Inapplicable ; Inapplicable ; Inapplicable ; Pass         ; Inapplicable ; Inapplicable ; Inapplicable ; Inapplicable ; Pass         ; Inapplicable ; Inapplicable ; Inapplicable ; Inapplicable ; Inapplicable ; Pass      ; Inapplicable ; Inapplicable ;
; ALU_ResultW[3]     ; Inapplicable ; Inapplicable ; Inapplicable ; Inapplicable ; Inapplicable ; Pass      ; Inapplicable ; Inapplicable ; Pass      ; Pass      ; Inapplicable ; Pass         ; Inapplicable ; Inapplicable ; Inapplicable ; Inapplicable ; Pass         ; Inapplicable ; Inapplicable ; Inapplicable ; Inapplicable ; Pass         ; Inapplicable ; Inapplicable ; Inapplicable ; Inapplicable ; Inapplicable ; Pass      ; Inapplicable ; Inapplicable ;
; ALU_ResultW[4]     ; Inapplicable ; Inapplicable ; Inapplicable ; Inapplicable ; Inapplicable ; Pass      ; Inapplicable ; Inapplicable ; Pass      ; Pass      ; Inapplicable ; Pass         ; Inapplicable ; Inapplicable ; Inapplicable ; Inapplicable ; Pass         ; Inapplicable ; Inapplicable ; Inapplicable ; Inapplicable ; Pass         ; Inapplicable ; Inapplicable ; Inapplicable ; Inapplicable ; Inapplicable ; Pass      ; Inapplicable ; Inapplicable ;
; ALU_ResultW[5]     ; Inapplicable ; Inapplicable ; Inapplicable ; Inapplicable ; Inapplicable ; Pass      ; Inapplicable ; Inapplicable ; Pass      ; Pass      ; Inapplicable ; Pass         ; Inapplicable ; Inapplicable ; Inapplicable ; Inapplicable ; Pass         ; Inapplicable ; Inapplicable ; Inapplicable ; Inapplicable ; Pass         ; Inapplicable ; Inapplicable ; Inapplicable ; Inapplicable ; Inapplicable ; Pass      ; Inapplicable ; Inapplicable ;
; ALU_ResultW[6]     ; Inapplicable ; Inapplicable ; Inapplicable ; Inapplicable ; Inapplicable ; Pass      ; Inapplicable ; Inapplicable ; Pass      ; Pass      ; Inapplicable ; Pass         ; Inapplicable ; Inapplicable ; Inapplicable ; Inapplicable ; Pass         ; Inapplicable ; Inapplicable ; Inapplicable ; Inapplicable ; Pass         ; Inapplicable ; Inapplicable ; Inapplicable ; Inapplicable ; Inapplicable ; Pass      ; Inapplicable ; Inapplicable ;
; ALU_ResultW[7]     ; Inapplicable ; Inapplicable ; Inapplicable ; Inapplicable ; Inapplicable ; Pass      ; Inapplicable ; Inapplicable ; Pass      ; Pass      ; Inapplicable ; Pass         ; Inapplicable ; Inapplicable ; Inapplicable ; Inapplicable ; Pass         ; Inapplicable ; Inapplicable ; Inapplicable ; Inapplicable ; Pass         ; Inapplicable ; Inapplicable ; Inapplicable ; Inapplicable ; Inapplicable ; Pass      ; Inapplicable ; Inapplicable ;
; ALU_ResultW[8]     ; Inapplicable ; Inapplicable ; Inapplicable ; Inapplicable ; Inapplicable ; Pass      ; Inapplicable ; Inapplicable ; Pass      ; Pass      ; Inapplicable ; Pass         ; Inapplicable ; Inapplicable ; Inapplicable ; Inapplicable ; Pass         ; Inapplicable ; Inapplicable ; Inapplicable ; Inapplicable ; Pass         ; Inapplicable ; Inapplicable ; Inapplicable ; Inapplicable ; Inapplicable ; Pass      ; Inapplicable ; Inapplicable ;
; ALU_ResultW[9]     ; Inapplicable ; Inapplicable ; Inapplicable ; Inapplicable ; Inapplicable ; Pass      ; Inapplicable ; Inapplicable ; Pass      ; Pass      ; Inapplicable ; Pass         ; Inapplicable ; Inapplicable ; Inapplicable ; Inapplicable ; Pass         ; Inapplicable ; Inapplicable ; Inapplicable ; Inapplicable ; Pass         ; Inapplicable ; Inapplicable ; Inapplicable ; Inapplicable ; Inapplicable ; Pass      ; Inapplicable ; Inapplicable ;
; ALU_ResultW[10]    ; Inapplicable ; Inapplicable ; Inapplicable ; Inapplicable ; Inapplicable ; Pass      ; Inapplicable ; Inapplicable ; Pass      ; Pass      ; Inapplicable ; Pass         ; Inapplicable ; Inapplicable ; Inapplicable ; Inapplicable ; Pass         ; Inapplicable ; Inapplicable ; Inapplicable ; Inapplicable ; Pass         ; Inapplicable ; Inapplicable ; Inapplicable ; Inapplicable ; Inapplicable ; Pass      ; Inapplicable ; Inapplicable ;
; ALU_ResultW[11]    ; Inapplicable ; Inapplicable ; Inapplicable ; Inapplicable ; Inapplicable ; Pass      ; Inapplicable ; Inapplicable ; Pass      ; Pass      ; Inapplicable ; Pass         ; Inapplicable ; Inapplicable ; Inapplicable ; Inapplicable ; Pass         ; Inapplicable ; Inapplicable ; Inapplicable ; Inapplicable ; Pass         ; Inapplicable ; Inapplicable ; Inapplicable ; Inapplicable ; Inapplicable ; Pass      ; Inapplicable ; Inapplicable ;
; ALU_ResultW[12]    ; Inapplicable ; Inapplicable ; Inapplicable ; Inapplicable ; Inapplicable ; Pass      ; Inapplicable ; Inapplicable ; Pass      ; Pass      ; Inapplicable ; Pass         ; Inapplicable ; Inapplicable ; Inapplicable ; Inapplicable ; Pass         ; Inapplicable ; Inapplicable ; Inapplicable ; Inapplicable ; Pass         ; Inapplicable ; Inapplicable ; Inapplicable ; Inapplicable ; Inapplicable ; Pass      ; Inapplicable ; Inapplicable ;
; ALU_ResultW[13]    ; Inapplicable ; Inapplicable ; Inapplicable ; Inapplicable ; Inapplicable ; Pass      ; Inapplicable ; Inapplicable ; Pass      ; Pass      ; Inapplicable ; Pass         ; Inapplicable ; Inapplicable ; Inapplicable ; Inapplicable ; Pass         ; Inapplicable ; Inapplicable ; Inapplicable ; Inapplicable ; Pass         ; Inapplicable ; Inapplicable ; Inapplicable ; Inapplicable ; Inapplicable ; Pass      ; Inapplicable ; Inapplicable ;
; ALU_ResultW[14]    ; Inapplicable ; Inapplicable ; Inapplicable ; Inapplicable ; Inapplicable ; Pass      ; Inapplicable ; Inapplicable ; Pass      ; Pass      ; Inapplicable ; Pass         ; Inapplicable ; Inapplicable ; Inapplicable ; Inapplicable ; Pass         ; Inapplicable ; Inapplicable ; Inapplicable ; Inapplicable ; Pass         ; Inapplicable ; Inapplicable ; Inapplicable ; Inapplicable ; Inapplicable ; Pass      ; Inapplicable ; Inapplicable ;
; ALU_ResultW[15]    ; Inapplicable ; Inapplicable ; Inapplicable ; Inapplicable ; Inapplicable ; Pass      ; Inapplicable ; Inapplicable ; Pass      ; Pass      ; Inapplicable ; Pass         ; Inapplicable ; Inapplicable ; Inapplicable ; Inapplicable ; Pass         ; Inapplicable ; Inapplicable ; Inapplicable ; Inapplicable ; Pass         ; Inapplicable ; Inapplicable ; Inapplicable ; Inapplicable ; Inapplicable ; Pass      ; Inapplicable ; Inapplicable ;
; ALU_ResultW[16]    ; Inapplicable ; Inapplicable ; Inapplicable ; Inapplicable ; Inapplicable ; Pass      ; Inapplicable ; Inapplicable ; Pass      ; Pass      ; Inapplicable ; Pass         ; Inapplicable ; Inapplicable ; Inapplicable ; Inapplicable ; Pass         ; Inapplicable ; Inapplicable ; Inapplicable ; Inapplicable ; Pass         ; Inapplicable ; Inapplicable ; Inapplicable ; Inapplicable ; Inapplicable ; Pass      ; Inapplicable ; Inapplicable ;
; ALU_ResultW[17]    ; Inapplicable ; Inapplicable ; Inapplicable ; Inapplicable ; Inapplicable ; Pass      ; Inapplicable ; Inapplicable ; Pass      ; Pass      ; Inapplicable ; Pass         ; Inapplicable ; Inapplicable ; Inapplicable ; Inapplicable ; Pass         ; Inapplicable ; Inapplicable ; Inapplicable ; Inapplicable ; Pass         ; Inapplicable ; Inapplicable ; Inapplicable ; Inapplicable ; Inapplicable ; Pass      ; Inapplicable ; Inapplicable ;
; ALU_ResultW[18]    ; Inapplicable ; Inapplicable ; Inapplicable ; Inapplicable ; Inapplicable ; Pass      ; Inapplicable ; Inapplicable ; Pass      ; Pass      ; Inapplicable ; Pass         ; Inapplicable ; Inapplicable ; Inapplicable ; Inapplicable ; Pass         ; Inapplicable ; Inapplicable ; Inapplicable ; Inapplicable ; Pass         ; Inapplicable ; Inapplicable ; Inapplicable ; Inapplicable ; Inapplicable ; Pass      ; Inapplicable ; Inapplicable ;
; ALU_ResultW[19]    ; Inapplicable ; Inapplicable ; Inapplicable ; Inapplicable ; Inapplicable ; Pass      ; Inapplicable ; Inapplicable ; Pass      ; Pass      ; Inapplicable ; Pass         ; Inapplicable ; Inapplicable ; Inapplicable ; Inapplicable ; Pass         ; Inapplicable ; Inapplicable ; Inapplicable ; Inapplicable ; Pass         ; Inapplicable ; Inapplicable ; Inapplicable ; Inapplicable ; Inapplicable ; Pass      ; Inapplicable ; Inapplicable ;
; ALU_ResultW[20]    ; Inapplicable ; Inapplicable ; Inapplicable ; Inapplicable ; Inapplicable ; Pass      ; Inapplicable ; Inapplicable ; Pass      ; Pass      ; Inapplicable ; Pass         ; Inapplicable ; Inapplicable ; Inapplicable ; Inapplicable ; Pass         ; Inapplicable ; Inapplicable ; Inapplicable ; Inapplicable ; Pass         ; Inapplicable ; Inapplicable ; Inapplicable ; Inapplicable ; Inapplicable ; Pass      ; Inapplicable ; Inapplicable ;
; ALU_ResultW[21]    ; Inapplicable ; Inapplicable ; Inapplicable ; Inapplicable ; Inapplicable ; Pass      ; Inapplicable ; Inapplicable ; Pass      ; Pass      ; Inapplicable ; Pass         ; Inapplicable ; Inapplicable ; Inapplicable ; Inapplicable ; Pass         ; Inapplicable ; Inapplicable ; Inapplicable ; Inapplicable ; Pass         ; Inapplicable ; Inapplicable ; Inapplicable ; Inapplicable ; Inapplicable ; Pass      ; Inapplicable ; Inapplicable ;
; ALU_ResultW[22]    ; Inapplicable ; Inapplicable ; Inapplicable ; Inapplicable ; Inapplicable ; Pass      ; Inapplicable ; Inapplicable ; Pass      ; Pass      ; Inapplicable ; Pass         ; Inapplicable ; Inapplicable ; Inapplicable ; Inapplicable ; Pass         ; Inapplicable ; Inapplicable ; Inapplicable ; Inapplicable ; Pass         ; Inapplicable ; Inapplicable ; Inapplicable ; Inapplicable ; Inapplicable ; Pass      ; Inapplicable ; Inapplicable ;
; ALU_ResultW[23]    ; Inapplicable ; Inapplicable ; Inapplicable ; Inapplicable ; Inapplicable ; Pass      ; Inapplicable ; Inapplicable ; Pass      ; Pass      ; Inapplicable ; Pass         ; Inapplicable ; Inapplicable ; Inapplicable ; Inapplicable ; Pass         ; Inapplicable ; Inapplicable ; Inapplicable ; Inapplicable ; Pass         ; Inapplicable ; Inapplicable ; Inapplicable ; Inapplicable ; Inapplicable ; Pass      ; Inapplicable ; Inapplicable ;
; ALU_ResultW[24]    ; Inapplicable ; Inapplicable ; Inapplicable ; Inapplicable ; Inapplicable ; Pass      ; Inapplicable ; Inapplicable ; Pass      ; Pass      ; Inapplicable ; Pass         ; Inapplicable ; Inapplicable ; Inapplicable ; Inapplicable ; Pass         ; Inapplicable ; Inapplicable ; Inapplicable ; Inapplicable ; Pass         ; Inapplicable ; Inapplicable ; Inapplicable ; Inapplicable ; Inapplicable ; Pass      ; Inapplicable ; Inapplicable ;
; ALU_ResultW[25]    ; Inapplicable ; Inapplicable ; Inapplicable ; Inapplicable ; Inapplicable ; Pass      ; Inapplicable ; Inapplicable ; Pass      ; Pass      ; Inapplicable ; Pass         ; Inapplicable ; Inapplicable ; Inapplicable ; Inapplicable ; Pass         ; Inapplicable ; Inapplicable ; Inapplicable ; Inapplicable ; Pass         ; Inapplicable ; Inapplicable ; Inapplicable ; Inapplicable ; Inapplicable ; Pass      ; Inapplicable ; Inapplicable ;
; ALU_ResultW[26]    ; Inapplicable ; Inapplicable ; Inapplicable ; Inapplicable ; Inapplicable ; Pass      ; Inapplicable ; Inapplicable ; Pass      ; Pass      ; Inapplicable ; Pass         ; Inapplicable ; Inapplicable ; Inapplicable ; Inapplicable ; Pass         ; Inapplicable ; Inapplicable ; Inapplicable ; Inapplicable ; Pass         ; Inapplicable ; Inapplicable ; Inapplicable ; Inapplicable ; Inapplicable ; Pass      ; Inapplicable ; Inapplicable ;
; ALU_ResultW[27]    ; Inapplicable ; Inapplicable ; Inapplicable ; Inapplicable ; Inapplicable ; Pass      ; Inapplicable ; Inapplicable ; Pass      ; Pass      ; Inapplicable ; Pass         ; Inapplicable ; Inapplicable ; Inapplicable ; Inapplicable ; Pass         ; Inapplicable ; Inapplicable ; Inapplicable ; Inapplicable ; Pass         ; Inapplicable ; Inapplicable ; Inapplicable ; Inapplicable ; Inapplicable ; Pass      ; Inapplicable ; Inapplicable ;
; ALU_ResultW[28]    ; Inapplicable ; Inapplicable ; Inapplicable ; Inapplicable ; Inapplicable ; Pass      ; Inapplicable ; Inapplicable ; Pass      ; Pass      ; Inapplicable ; Pass         ; Inapplicable ; Inapplicable ; Inapplicable ; Inapplicable ; Pass         ; Inapplicable ; Inapplicable ; Inapplicable ; Inapplicable ; Pass         ; Inapplicable ; Inapplicable ; Inapplicable ; Inapplicable ; Inapplicable ; Pass      ; Inapplicable ; Inapplicable ;
; ALU_ResultW[29]    ; Inapplicable ; Inapplicable ; Inapplicable ; Inapplicable ; Inapplicable ; Pass      ; Inapplicable ; Inapplicable ; Pass      ; Pass      ; Inapplicable ; Pass         ; Inapplicable ; Inapplicable ; Inapplicable ; Inapplicable ; Pass         ; Inapplicable ; Inapplicable ; Inapplicable ; Inapplicable ; Pass         ; Inapplicable ; Inapplicable ; Inapplicable ; Inapplicable ; Inapplicable ; Pass      ; Inapplicable ; Inapplicable ;
; ALU_ResultW[30]    ; Inapplicable ; Inapplicable ; Inapplicable ; Inapplicable ; Inapplicable ; Pass      ; Inapplicable ; Inapplicable ; Pass      ; Pass      ; Inapplicable ; Pass         ; Inapplicable ; Inapplicable ; Inapplicable ; Inapplicable ; Pass         ; Inapplicable ; Inapplicable ; Inapplicable ; Inapplicable ; Pass         ; Inapplicable ; Inapplicable ; Inapplicable ; Inapplicable ; Inapplicable ; Pass      ; Inapplicable ; Inapplicable ;
; ALU_ResultW[31]    ; Inapplicable ; Inapplicable ; Inapplicable ; Inapplicable ; Inapplicable ; Pass      ; Inapplicable ; Inapplicable ; Pass      ; Pass      ; Inapplicable ; Pass         ; Inapplicable ; Inapplicable ; Inapplicable ; Inapplicable ; Pass         ; Inapplicable ; Inapplicable ; Inapplicable ; Inapplicable ; Pass         ; Inapplicable ; Inapplicable ; Inapplicable ; Inapplicable ; Inapplicable ; Pass      ; Inapplicable ; Inapplicable ;
; ReadDataW[0]       ; Inapplicable ; Inapplicable ; Inapplicable ; Inapplicable ; Inapplicable ; Pass      ; Inapplicable ; Inapplicable ; Pass      ; Pass      ; Inapplicable ; Pass         ; Inapplicable ; Inapplicable ; Inapplicable ; Inapplicable ; Pass         ; Inapplicable ; Inapplicable ; Inapplicable ; Inapplicable ; Pass         ; Inapplicable ; Inapplicable ; Inapplicable ; Inapplicable ; Inapplicable ; Pass      ; Inapplicable ; Inapplicable ;
; ReadDataW[1]       ; Inapplicable ; Inapplicable ; Inapplicable ; Inapplicable ; Inapplicable ; Pass      ; Inapplicable ; Inapplicable ; Pass      ; Pass      ; Inapplicable ; Pass         ; Inapplicable ; Inapplicable ; Inapplicable ; Inapplicable ; Pass         ; Inapplicable ; Inapplicable ; Inapplicable ; Inapplicable ; Pass         ; Inapplicable ; Inapplicable ; Inapplicable ; Inapplicable ; Inapplicable ; Pass      ; Inapplicable ; Inapplicable ;
; ReadDataW[2]       ; Inapplicable ; Inapplicable ; Inapplicable ; Inapplicable ; Inapplicable ; Pass      ; Inapplicable ; Inapplicable ; Pass      ; Pass      ; Inapplicable ; Pass         ; Inapplicable ; Inapplicable ; Inapplicable ; Inapplicable ; Pass         ; Inapplicable ; Inapplicable ; Inapplicable ; Inapplicable ; Pass         ; Inapplicable ; Inapplicable ; Inapplicable ; Inapplicable ; Inapplicable ; Pass      ; Inapplicable ; Inapplicable ;
; ReadDataW[3]       ; Inapplicable ; Inapplicable ; Inapplicable ; Inapplicable ; Inapplicable ; Pass      ; Inapplicable ; Inapplicable ; Pass      ; Pass      ; Inapplicable ; Pass         ; Inapplicable ; Inapplicable ; Inapplicable ; Inapplicable ; Pass         ; Inapplicable ; Inapplicable ; Inapplicable ; Inapplicable ; Pass         ; Inapplicable ; Inapplicable ; Inapplicable ; Inapplicable ; Inapplicable ; Pass      ; Inapplicable ; Inapplicable ;
; ReadDataW[4]       ; Inapplicable ; Inapplicable ; Inapplicable ; Inapplicable ; Inapplicable ; Pass      ; Inapplicable ; Inapplicable ; Pass      ; Pass      ; Inapplicable ; Pass         ; Inapplicable ; Inapplicable ; Inapplicable ; Inapplicable ; Pass         ; Inapplicable ; Inapplicable ; Inapplicable ; Inapplicable ; Pass         ; Inapplicable ; Inapplicable ; Inapplicable ; Inapplicable ; Inapplicable ; Pass      ; Inapplicable ; Inapplicable ;
; ReadDataW[5]       ; Inapplicable ; Inapplicable ; Inapplicable ; Inapplicable ; Inapplicable ; Pass      ; Inapplicable ; Inapplicable ; Pass      ; Pass      ; Inapplicable ; Pass         ; Inapplicable ; Inapplicable ; Inapplicable ; Inapplicable ; Pass         ; Inapplicable ; Inapplicable ; Inapplicable ; Inapplicable ; Pass         ; Inapplicable ; Inapplicable ; Inapplicable ; Inapplicable ; Inapplicable ; Pass      ; Inapplicable ; Inapplicable ;
; ReadDataW[6]       ; Inapplicable ; Inapplicable ; Inapplicable ; Inapplicable ; Inapplicable ; Pass      ; Inapplicable ; Inapplicable ; Pass      ; Pass      ; Inapplicable ; Pass         ; Inapplicable ; Inapplicable ; Inapplicable ; Inapplicable ; Pass         ; Inapplicable ; Inapplicable ; Inapplicable ; Inapplicable ; Pass         ; Inapplicable ; Inapplicable ; Inapplicable ; Inapplicable ; Inapplicable ; Pass      ; Inapplicable ; Inapplicable ;
; ReadDataW[7]       ; Inapplicable ; Inapplicable ; Inapplicable ; Inapplicable ; Inapplicable ; Pass      ; Inapplicable ; Inapplicable ; Pass      ; Pass      ; Inapplicable ; Pass         ; Inapplicable ; Inapplicable ; Inapplicable ; Inapplicable ; Pass         ; Inapplicable ; Inapplicable ; Inapplicable ; Inapplicable ; Pass         ; Inapplicable ; Inapplicable ; Inapplicable ; Inapplicable ; Inapplicable ; Pass      ; Inapplicable ; Inapplicable ;
; ReadDataW[8]       ; Inapplicable ; Inapplicable ; Inapplicable ; Inapplicable ; Inapplicable ; Pass      ; Inapplicable ; Inapplicable ; Pass      ; Pass      ; Inapplicable ; Pass         ; Inapplicable ; Inapplicable ; Inapplicable ; Inapplicable ; Pass         ; Inapplicable ; Inapplicable ; Inapplicable ; Inapplicable ; Pass         ; Inapplicable ; Inapplicable ; Inapplicable ; Inapplicable ; Inapplicable ; Pass      ; Inapplicable ; Inapplicable ;
; ReadDataW[9]       ; Inapplicable ; Inapplicable ; Inapplicable ; Inapplicable ; Inapplicable ; Pass      ; Inapplicable ; Inapplicable ; Pass      ; Pass      ; Inapplicable ; Pass         ; Inapplicable ; Inapplicable ; Inapplicable ; Inapplicable ; Pass         ; Inapplicable ; Inapplicable ; Inapplicable ; Inapplicable ; Pass         ; Inapplicable ; Inapplicable ; Inapplicable ; Inapplicable ; Inapplicable ; Pass      ; Inapplicable ; Inapplicable ;
; ReadDataW[10]      ; Inapplicable ; Inapplicable ; Inapplicable ; Inapplicable ; Inapplicable ; Pass      ; Inapplicable ; Inapplicable ; Pass      ; Pass      ; Inapplicable ; Pass         ; Inapplicable ; Inapplicable ; Inapplicable ; Inapplicable ; Pass         ; Inapplicable ; Inapplicable ; Inapplicable ; Inapplicable ; Pass         ; Inapplicable ; Inapplicable ; Inapplicable ; Inapplicable ; Inapplicable ; Pass      ; Inapplicable ; Inapplicable ;
; ReadDataW[11]      ; Inapplicable ; Inapplicable ; Inapplicable ; Inapplicable ; Inapplicable ; Pass      ; Inapplicable ; Inapplicable ; Pass      ; Pass      ; Inapplicable ; Pass         ; Inapplicable ; Inapplicable ; Inapplicable ; Inapplicable ; Pass         ; Inapplicable ; Inapplicable ; Inapplicable ; Inapplicable ; Pass         ; Inapplicable ; Inapplicable ; Inapplicable ; Inapplicable ; Inapplicable ; Pass      ; Inapplicable ; Inapplicable ;
; ReadDataW[12]      ; Inapplicable ; Inapplicable ; Inapplicable ; Inapplicable ; Inapplicable ; Pass      ; Inapplicable ; Inapplicable ; Pass      ; Pass      ; Inapplicable ; Pass         ; Inapplicable ; Inapplicable ; Inapplicable ; Inapplicable ; Pass         ; Inapplicable ; Inapplicable ; Inapplicable ; Inapplicable ; Pass         ; Inapplicable ; Inapplicable ; Inapplicable ; Inapplicable ; Inapplicable ; Pass      ; Inapplicable ; Inapplicable ;
; ReadDataW[13]      ; Inapplicable ; Inapplicable ; Inapplicable ; Inapplicable ; Inapplicable ; Pass      ; Inapplicable ; Inapplicable ; Pass      ; Pass      ; Inapplicable ; Pass         ; Inapplicable ; Inapplicable ; Inapplicable ; Inapplicable ; Pass         ; Inapplicable ; Inapplicable ; Inapplicable ; Inapplicable ; Pass         ; Inapplicable ; Inapplicable ; Inapplicable ; Inapplicable ; Inapplicable ; Pass      ; Inapplicable ; Inapplicable ;
; ReadDataW[14]      ; Inapplicable ; Inapplicable ; Inapplicable ; Inapplicable ; Inapplicable ; Pass      ; Inapplicable ; Inapplicable ; Pass      ; Pass      ; Inapplicable ; Pass         ; Inapplicable ; Inapplicable ; Inapplicable ; Inapplicable ; Pass         ; Inapplicable ; Inapplicable ; Inapplicable ; Inapplicable ; Pass         ; Inapplicable ; Inapplicable ; Inapplicable ; Inapplicable ; Inapplicable ; Pass      ; Inapplicable ; Inapplicable ;
; ReadDataW[15]      ; Inapplicable ; Inapplicable ; Inapplicable ; Inapplicable ; Inapplicable ; Pass      ; Inapplicable ; Inapplicable ; Pass      ; Pass      ; Inapplicable ; Pass         ; Inapplicable ; Inapplicable ; Inapplicable ; Inapplicable ; Pass         ; Inapplicable ; Inapplicable ; Inapplicable ; Inapplicable ; Pass         ; Inapplicable ; Inapplicable ; Inapplicable ; Inapplicable ; Inapplicable ; Pass      ; Inapplicable ; Inapplicable ;
; ReadDataW[16]      ; Inapplicable ; Inapplicable ; Inapplicable ; Inapplicable ; Inapplicable ; Pass      ; Inapplicable ; Inapplicable ; Pass      ; Pass      ; Inapplicable ; Pass         ; Inapplicable ; Inapplicable ; Inapplicable ; Inapplicable ; Pass         ; Inapplicable ; Inapplicable ; Inapplicable ; Inapplicable ; Pass         ; Inapplicable ; Inapplicable ; Inapplicable ; Inapplicable ; Inapplicable ; Pass      ; Inapplicable ; Inapplicable ;
; ReadDataW[17]      ; Inapplicable ; Inapplicable ; Inapplicable ; Inapplicable ; Inapplicable ; Pass      ; Inapplicable ; Inapplicable ; Pass      ; Pass      ; Inapplicable ; Pass         ; Inapplicable ; Inapplicable ; Inapplicable ; Inapplicable ; Pass         ; Inapplicable ; Inapplicable ; Inapplicable ; Inapplicable ; Pass         ; Inapplicable ; Inapplicable ; Inapplicable ; Inapplicable ; Inapplicable ; Pass      ; Inapplicable ; Inapplicable ;
; ReadDataW[18]      ; Inapplicable ; Inapplicable ; Inapplicable ; Inapplicable ; Inapplicable ; Pass      ; Inapplicable ; Inapplicable ; Pass      ; Pass      ; Inapplicable ; Pass         ; Inapplicable ; Inapplicable ; Inapplicable ; Inapplicable ; Pass         ; Inapplicable ; Inapplicable ; Inapplicable ; Inapplicable ; Pass         ; Inapplicable ; Inapplicable ; Inapplicable ; Inapplicable ; Inapplicable ; Pass      ; Inapplicable ; Inapplicable ;
; ReadDataW[19]      ; Inapplicable ; Inapplicable ; Inapplicable ; Inapplicable ; Inapplicable ; Pass      ; Inapplicable ; Inapplicable ; Pass      ; Pass      ; Inapplicable ; Pass         ; Inapplicable ; Inapplicable ; Inapplicable ; Inapplicable ; Pass         ; Inapplicable ; Inapplicable ; Inapplicable ; Inapplicable ; Pass         ; Inapplicable ; Inapplicable ; Inapplicable ; Inapplicable ; Inapplicable ; Pass      ; Inapplicable ; Inapplicable ;
; ReadDataW[20]      ; Inapplicable ; Inapplicable ; Inapplicable ; Inapplicable ; Inapplicable ; Pass      ; Inapplicable ; Inapplicable ; Pass      ; Pass      ; Inapplicable ; Pass         ; Inapplicable ; Inapplicable ; Inapplicable ; Inapplicable ; Pass         ; Inapplicable ; Inapplicable ; Inapplicable ; Inapplicable ; Pass         ; Inapplicable ; Inapplicable ; Inapplicable ; Inapplicable ; Inapplicable ; Pass      ; Inapplicable ; Inapplicable ;
; ReadDataW[21]      ; Inapplicable ; Inapplicable ; Inapplicable ; Inapplicable ; Inapplicable ; Pass      ; Inapplicable ; Inapplicable ; Pass      ; Pass      ; Inapplicable ; Pass         ; Inapplicable ; Inapplicable ; Inapplicable ; Inapplicable ; Pass         ; Inapplicable ; Inapplicable ; Inapplicable ; Inapplicable ; Pass         ; Inapplicable ; Inapplicable ; Inapplicable ; Inapplicable ; Inapplicable ; Pass      ; Inapplicable ; Inapplicable ;
; ReadDataW[22]      ; Inapplicable ; Inapplicable ; Inapplicable ; Inapplicable ; Inapplicable ; Pass      ; Inapplicable ; Inapplicable ; Pass      ; Pass      ; Inapplicable ; Pass         ; Inapplicable ; Inapplicable ; Inapplicable ; Inapplicable ; Pass         ; Inapplicable ; Inapplicable ; Inapplicable ; Inapplicable ; Pass         ; Inapplicable ; Inapplicable ; Inapplicable ; Inapplicable ; Inapplicable ; Pass      ; Inapplicable ; Inapplicable ;
; ReadDataW[23]      ; Inapplicable ; Inapplicable ; Inapplicable ; Inapplicable ; Inapplicable ; Pass      ; Inapplicable ; Inapplicable ; Pass      ; Pass      ; Inapplicable ; Pass         ; Inapplicable ; Inapplicable ; Inapplicable ; Inapplicable ; Pass         ; Inapplicable ; Inapplicable ; Inapplicable ; Inapplicable ; Pass         ; Inapplicable ; Inapplicable ; Inapplicable ; Inapplicable ; Inapplicable ; Pass      ; Inapplicable ; Inapplicable ;
; ReadDataW[24]      ; Inapplicable ; Inapplicable ; Inapplicable ; Inapplicable ; Inapplicable ; Pass      ; Inapplicable ; Inapplicable ; Pass      ; Pass      ; Inapplicable ; Pass         ; Inapplicable ; Inapplicable ; Inapplicable ; Inapplicable ; Pass         ; Inapplicable ; Inapplicable ; Inapplicable ; Inapplicable ; Pass         ; Inapplicable ; Inapplicable ; Inapplicable ; Inapplicable ; Inapplicable ; Pass      ; Inapplicable ; Inapplicable ;
; ReadDataW[25]      ; Inapplicable ; Inapplicable ; Inapplicable ; Inapplicable ; Inapplicable ; Pass      ; Inapplicable ; Inapplicable ; Pass      ; Pass      ; Inapplicable ; Pass         ; Inapplicable ; Inapplicable ; Inapplicable ; Inapplicable ; Pass         ; Inapplicable ; Inapplicable ; Inapplicable ; Inapplicable ; Pass         ; Inapplicable ; Inapplicable ; Inapplicable ; Inapplicable ; Inapplicable ; Pass      ; Inapplicable ; Inapplicable ;
; ReadDataW[26]      ; Inapplicable ; Inapplicable ; Inapplicable ; Inapplicable ; Inapplicable ; Pass      ; Inapplicable ; Inapplicable ; Pass      ; Pass      ; Inapplicable ; Pass         ; Inapplicable ; Inapplicable ; Inapplicable ; Inapplicable ; Pass         ; Inapplicable ; Inapplicable ; Inapplicable ; Inapplicable ; Pass         ; Inapplicable ; Inapplicable ; Inapplicable ; Inapplicable ; Inapplicable ; Pass      ; Inapplicable ; Inapplicable ;
; ReadDataW[27]      ; Inapplicable ; Inapplicable ; Inapplicable ; Inapplicable ; Inapplicable ; Pass      ; Inapplicable ; Inapplicable ; Pass      ; Pass      ; Inapplicable ; Pass         ; Inapplicable ; Inapplicable ; Inapplicable ; Inapplicable ; Pass         ; Inapplicable ; Inapplicable ; Inapplicable ; Inapplicable ; Pass         ; Inapplicable ; Inapplicable ; Inapplicable ; Inapplicable ; Inapplicable ; Pass      ; Inapplicable ; Inapplicable ;
; ReadDataW[28]      ; Inapplicable ; Inapplicable ; Inapplicable ; Inapplicable ; Inapplicable ; Pass      ; Inapplicable ; Inapplicable ; Pass      ; Pass      ; Inapplicable ; Pass         ; Inapplicable ; Inapplicable ; Inapplicable ; Inapplicable ; Pass         ; Inapplicable ; Inapplicable ; Inapplicable ; Inapplicable ; Pass         ; Inapplicable ; Inapplicable ; Inapplicable ; Inapplicable ; Inapplicable ; Pass      ; Inapplicable ; Inapplicable ;
; ReadDataW[29]      ; Inapplicable ; Inapplicable ; Inapplicable ; Inapplicable ; Inapplicable ; Pass      ; Inapplicable ; Inapplicable ; Pass      ; Pass      ; Inapplicable ; Pass         ; Inapplicable ; Inapplicable ; Inapplicable ; Inapplicable ; Pass         ; Inapplicable ; Inapplicable ; Inapplicable ; Inapplicable ; Pass         ; Inapplicable ; Inapplicable ; Inapplicable ; Inapplicable ; Inapplicable ; Pass      ; Inapplicable ; Inapplicable ;
; ReadDataW[30]      ; Inapplicable ; Inapplicable ; Inapplicable ; Inapplicable ; Inapplicable ; Pass      ; Inapplicable ; Inapplicable ; Pass      ; Pass      ; Inapplicable ; Pass         ; Inapplicable ; Inapplicable ; Inapplicable ; Inapplicable ; Pass         ; Inapplicable ; Inapplicable ; Inapplicable ; Inapplicable ; Pass         ; Inapplicable ; Inapplicable ; Inapplicable ; Inapplicable ; Inapplicable ; Pass      ; Inapplicable ; Inapplicable ;
; ReadDataW[31]      ; Inapplicable ; Inapplicable ; Inapplicable ; Inapplicable ; Inapplicable ; Pass      ; Inapplicable ; Inapplicable ; Pass      ; Pass      ; Inapplicable ; Pass         ; Inapplicable ; Inapplicable ; Inapplicable ; Inapplicable ; Pass         ; Inapplicable ; Inapplicable ; Inapplicable ; Inapplicable ; Pass         ; Inapplicable ; Inapplicable ; Inapplicable ; Inapplicable ; Inapplicable ; Pass      ; Inapplicable ; Inapplicable ;
; RegWriteM          ; Inapplicable ; Inapplicable ; Inapplicable ; Inapplicable ; Inapplicable ; Pass      ; Inapplicable ; Inapplicable ; Pass      ; Pass      ; Inapplicable ; Inapplicable ; Inapplicable ; Inapplicable ; Pass         ; Inapplicable ; Inapplicable ; Pass         ; Inapplicable ; Inapplicable ; Inapplicable ; Inapplicable ; Inapplicable ; Inapplicable ; Inapplicable ; Inapplicable ; Inapplicable ; Pass      ; Inapplicable ; Inapplicable ;
; clk                ; Inapplicable ; Inapplicable ; Inapplicable ; Inapplicable ; Inapplicable ; Pass      ; Inapplicable ; Inapplicable ; Pass      ; Pass      ; Inapplicable ; Inapplicable ; Inapplicable ; Inapplicable ; Pass         ; Inapplicable ; Inapplicable ; Pass         ; Inapplicable ; Inapplicable ; Inapplicable ; Inapplicable ; Inapplicable ; Inapplicable ; Inapplicable ; Inapplicable ; Inapplicable ; Pass      ; Inapplicable ; Inapplicable ;
; reset              ; Inapplicable ; Inapplicable ; Inapplicable ; Inapplicable ; Inapplicable ; Pass      ; Inapplicable ; Inapplicable ; Pass      ; Pass      ; Inapplicable ; Inapplicable ; Inapplicable ; Inapplicable ; Pass         ; Inapplicable ; Inapplicable ; Pass         ; Inapplicable ; Inapplicable ; Inapplicable ; Inapplicable ; Inapplicable ; Inapplicable ; Inapplicable ; Inapplicable ; Inapplicable ; Pass      ; Inapplicable ; Inapplicable ;
; ResultSrcM[0]      ; Inapplicable ; Inapplicable ; Inapplicable ; Inapplicable ; Inapplicable ; Pass      ; Inapplicable ; Inapplicable ; Pass      ; Pass      ; Inapplicable ; Inapplicable ; Inapplicable ; Inapplicable ; Pass         ; Inapplicable ; Inapplicable ; Pass         ; Inapplicable ; Inapplicable ; Inapplicable ; Inapplicable ; Inapplicable ; Inapplicable ; Inapplicable ; Inapplicable ; Inapplicable ; Pass      ; Inapplicable ; Inapplicable ;
; ResultSrcM[1]      ; Inapplicable ; Inapplicable ; Inapplicable ; Inapplicable ; Inapplicable ; Pass      ; Inapplicable ; Inapplicable ; Pass      ; Pass      ; Inapplicable ; Inapplicable ; Inapplicable ; Inapplicable ; Pass         ; Inapplicable ; Inapplicable ; Pass         ; Inapplicable ; Inapplicable ; Inapplicable ; Inapplicable ; Inapplicable ; Inapplicable ; Inapplicable ; Inapplicable ; Inapplicable ; Pass      ; Inapplicable ; Inapplicable ;
; RD_M[0]            ; Inapplicable ; Inapplicable ; Inapplicable ; Inapplicable ; Inapplicable ; Pass      ; Inapplicable ; Inapplicable ; Pass      ; Pass      ; Inapplicable ; Inapplicable ; Inapplicable ; Inapplicable ; Pass         ; Inapplicable ; Inapplicable ; Pass         ; Inapplicable ; Inapplicable ; Inapplicable ; Inapplicable ; Inapplicable ; Inapplicable ; Inapplicable ; Inapplicable ; Inapplicable ; Pass      ; Inapplicable ; Inapplicable ;
; RD_M[1]            ; Inapplicable ; Inapplicable ; Inapplicable ; Inapplicable ; Inapplicable ; Pass      ; Inapplicable ; Inapplicable ; Pass      ; Pass      ; Inapplicable ; Inapplicable ; Inapplicable ; Inapplicable ; Pass         ; Inapplicable ; Inapplicable ; Pass         ; Inapplicable ; Inapplicable ; Inapplicable ; Inapplicable ; Inapplicable ; Inapplicable ; Inapplicable ; Inapplicable ; Inapplicable ; Pass      ; Inapplicable ; Inapplicable ;
; RD_M[2]            ; Inapplicable ; Inapplicable ; Inapplicable ; Inapplicable ; Inapplicable ; Pass      ; Inapplicable ; Inapplicable ; Pass      ; Pass      ; Inapplicable ; Inapplicable ; Inapplicable ; Inapplicable ; Pass         ; Inapplicable ; Inapplicable ; Pass         ; Inapplicable ; Inapplicable ; Inapplicable ; Inapplicable ; Inapplicable ; Inapplicable ; Inapplicable ; Inapplicable ; Inapplicable ; Pass      ; Inapplicable ; Inapplicable ;
; RD_M[3]            ; Inapplicable ; Inapplicable ; Inapplicable ; Inapplicable ; Inapplicable ; Pass      ; Inapplicable ; Inapplicable ; Pass      ; Pass      ; Inapplicable ; Inapplicable ; Inapplicable ; Inapplicable ; Pass         ; Inapplicable ; Inapplicable ; Pass         ; Inapplicable ; Inapplicable ; Inapplicable ; Inapplicable ; Inapplicable ; Inapplicable ; Inapplicable ; Inapplicable ; Inapplicable ; Pass      ; Inapplicable ; Inapplicable ;
; RD_M[4]            ; Inapplicable ; Inapplicable ; Inapplicable ; Inapplicable ; Inapplicable ; Pass      ; Inapplicable ; Inapplicable ; Pass      ; Pass      ; Inapplicable ; Inapplicable ; Inapplicable ; Inapplicable ; Pass         ; Inapplicable ; Inapplicable ; Pass         ; Inapplicable ; Inapplicable ; Inapplicable ; Inapplicable ; Inapplicable ; Inapplicable ; Inapplicable ; Inapplicable ; Inapplicable ; Pass      ; Inapplicable ; Inapplicable ;
; PCPlus4M[0]        ; Inapplicable ; Inapplicable ; Inapplicable ; Inapplicable ; Inapplicable ; Pass      ; Inapplicable ; Inapplicable ; Pass      ; Pass      ; Inapplicable ; Inapplicable ; Inapplicable ; Inapplicable ; Pass         ; Inapplicable ; Inapplicable ; Pass         ; Inapplicable ; Inapplicable ; Inapplicable ; Inapplicable ; Inapplicable ; Inapplicable ; Inapplicable ; Inapplicable ; Inapplicable ; Pass      ; Inapplicable ; Inapplicable ;
; PCPlus4M[1]        ; Inapplicable ; Inapplicable ; Inapplicable ; Inapplicable ; Inapplicable ; Pass      ; Inapplicable ; Inapplicable ; Pass      ; Pass      ; Inapplicable ; Inapplicable ; Inapplicable ; Inapplicable ; Pass         ; Inapplicable ; Inapplicable ; Pass         ; Inapplicable ; Inapplicable ; Inapplicable ; Inapplicable ; Inapplicable ; Inapplicable ; Inapplicable ; Inapplicable ; Inapplicable ; Pass      ; Inapplicable ; Inapplicable ;
; PCPlus4M[2]        ; Inapplicable ; Inapplicable ; Inapplicable ; Inapplicable ; Inapplicable ; Pass      ; Inapplicable ; Inapplicable ; Pass      ; Pass      ; Inapplicable ; Inapplicable ; Inapplicable ; Inapplicable ; Pass         ; Inapplicable ; Inapplicable ; Pass         ; Inapplicable ; Inapplicable ; Inapplicable ; Inapplicable ; Inapplicable ; Inapplicable ; Inapplicable ; Inapplicable ; Inapplicable ; Pass      ; Inapplicable ; Inapplicable ;
; PCPlus4M[3]        ; Inapplicable ; Inapplicable ; Inapplicable ; Inapplicable ; Inapplicable ; Pass      ; Inapplicable ; Inapplicable ; Pass      ; Pass      ; Inapplicable ; Inapplicable ; Inapplicable ; Inapplicable ; Pass         ; Inapplicable ; Inapplicable ; Pass         ; Inapplicable ; Inapplicable ; Inapplicable ; Inapplicable ; Inapplicable ; Inapplicable ; Inapplicable ; Inapplicable ; Inapplicable ; Pass      ; Inapplicable ; Inapplicable ;
; PCPlus4M[4]        ; Inapplicable ; Inapplicable ; Inapplicable ; Inapplicable ; Inapplicable ; Pass      ; Inapplicable ; Inapplicable ; Pass      ; Pass      ; Inapplicable ; Inapplicable ; Inapplicable ; Inapplicable ; Pass         ; Inapplicable ; Inapplicable ; Pass         ; Inapplicable ; Inapplicable ; Inapplicable ; Inapplicable ; Inapplicable ; Inapplicable ; Inapplicable ; Inapplicable ; Inapplicable ; Pass      ; Inapplicable ; Inapplicable ;
; PCPlus4M[5]        ; Inapplicable ; Inapplicable ; Inapplicable ; Inapplicable ; Inapplicable ; Pass      ; Inapplicable ; Inapplicable ; Pass      ; Pass      ; Inapplicable ; Inapplicable ; Inapplicable ; Inapplicable ; Pass         ; Inapplicable ; Inapplicable ; Pass         ; Inapplicable ; Inapplicable ; Inapplicable ; Inapplicable ; Inapplicable ; Inapplicable ; Inapplicable ; Inapplicable ; Inapplicable ; Pass      ; Inapplicable ; Inapplicable ;
; PCPlus4M[6]        ; Inapplicable ; Inapplicable ; Inapplicable ; Inapplicable ; Inapplicable ; Pass      ; Inapplicable ; Inapplicable ; Pass      ; Pass      ; Inapplicable ; Inapplicable ; Inapplicable ; Inapplicable ; Pass         ; Inapplicable ; Inapplicable ; Pass         ; Inapplicable ; Inapplicable ; Inapplicable ; Inapplicable ; Inapplicable ; Inapplicable ; Inapplicable ; Inapplicable ; Inapplicable ; Pass      ; Inapplicable ; Inapplicable ;
; PCPlus4M[7]        ; Inapplicable ; Inapplicable ; Inapplicable ; Inapplicable ; Inapplicable ; Pass      ; Inapplicable ; Inapplicable ; Pass      ; Pass      ; Inapplicable ; Inapplicable ; Inapplicable ; Inapplicable ; Pass         ; Inapplicable ; Inapplicable ; Pass         ; Inapplicable ; Inapplicable ; Inapplicable ; Inapplicable ; Inapplicable ; Inapplicable ; Inapplicable ; Inapplicable ; Inapplicable ; Pass      ; Inapplicable ; Inapplicable ;
; PCPlus4M[8]        ; Inapplicable ; Inapplicable ; Inapplicable ; Inapplicable ; Inapplicable ; Pass      ; Inapplicable ; Inapplicable ; Pass      ; Pass      ; Inapplicable ; Inapplicable ; Inapplicable ; Inapplicable ; Pass         ; Inapplicable ; Inapplicable ; Pass         ; Inapplicable ; Inapplicable ; Inapplicable ; Inapplicable ; Inapplicable ; Inapplicable ; Inapplicable ; Inapplicable ; Inapplicable ; Pass      ; Inapplicable ; Inapplicable ;
; PCPlus4M[9]        ; Inapplicable ; Inapplicable ; Inapplicable ; Inapplicable ; Inapplicable ; Pass      ; Inapplicable ; Inapplicable ; Pass      ; Pass      ; Inapplicable ; Inapplicable ; Inapplicable ; Inapplicable ; Pass         ; Inapplicable ; Inapplicable ; Pass         ; Inapplicable ; Inapplicable ; Inapplicable ; Inapplicable ; Inapplicable ; Inapplicable ; Inapplicable ; Inapplicable ; Inapplicable ; Pass      ; Inapplicable ; Inapplicable ;
; PCPlus4M[10]       ; Inapplicable ; Inapplicable ; Inapplicable ; Inapplicable ; Inapplicable ; Pass      ; Inapplicable ; Inapplicable ; Pass      ; Pass      ; Inapplicable ; Inapplicable ; Inapplicable ; Inapplicable ; Pass         ; Inapplicable ; Inapplicable ; Pass         ; Inapplicable ; Inapplicable ; Inapplicable ; Inapplicable ; Inapplicable ; Inapplicable ; Inapplicable ; Inapplicable ; Inapplicable ; Pass      ; Inapplicable ; Inapplicable ;
; PCPlus4M[11]       ; Inapplicable ; Inapplicable ; Inapplicable ; Inapplicable ; Inapplicable ; Pass      ; Inapplicable ; Inapplicable ; Pass      ; Pass      ; Inapplicable ; Inapplicable ; Inapplicable ; Inapplicable ; Pass         ; Inapplicable ; Inapplicable ; Pass         ; Inapplicable ; Inapplicable ; Inapplicable ; Inapplicable ; Inapplicable ; Inapplicable ; Inapplicable ; Inapplicable ; Inapplicable ; Pass      ; Inapplicable ; Inapplicable ;
; PCPlus4M[12]       ; Inapplicable ; Inapplicable ; Inapplicable ; Inapplicable ; Inapplicable ; Pass      ; Inapplicable ; Inapplicable ; Pass      ; Pass      ; Inapplicable ; Inapplicable ; Inapplicable ; Inapplicable ; Pass         ; Inapplicable ; Inapplicable ; Pass         ; Inapplicable ; Inapplicable ; Inapplicable ; Inapplicable ; Inapplicable ; Inapplicable ; Inapplicable ; Inapplicable ; Inapplicable ; Pass      ; Inapplicable ; Inapplicable ;
; PCPlus4M[13]       ; Inapplicable ; Inapplicable ; Inapplicable ; Inapplicable ; Inapplicable ; Pass      ; Inapplicable ; Inapplicable ; Pass      ; Pass      ; Inapplicable ; Inapplicable ; Inapplicable ; Inapplicable ; Pass         ; Inapplicable ; Inapplicable ; Pass         ; Inapplicable ; Inapplicable ; Inapplicable ; Inapplicable ; Inapplicable ; Inapplicable ; Inapplicable ; Inapplicable ; Inapplicable ; Pass      ; Inapplicable ; Inapplicable ;
; PCPlus4M[14]       ; Inapplicable ; Inapplicable ; Inapplicable ; Inapplicable ; Inapplicable ; Pass      ; Inapplicable ; Inapplicable ; Pass      ; Pass      ; Inapplicable ; Inapplicable ; Inapplicable ; Inapplicable ; Pass         ; Inapplicable ; Inapplicable ; Pass         ; Inapplicable ; Inapplicable ; Inapplicable ; Inapplicable ; Inapplicable ; Inapplicable ; Inapplicable ; Inapplicable ; Inapplicable ; Pass      ; Inapplicable ; Inapplicable ;
; PCPlus4M[15]       ; Inapplicable ; Inapplicable ; Inapplicable ; Inapplicable ; Inapplicable ; Pass      ; Inapplicable ; Inapplicable ; Pass      ; Pass      ; Inapplicable ; Inapplicable ; Inapplicable ; Inapplicable ; Pass         ; Inapplicable ; Inapplicable ; Pass         ; Inapplicable ; Inapplicable ; Inapplicable ; Inapplicable ; Inapplicable ; Inapplicable ; Inapplicable ; Inapplicable ; Inapplicable ; Pass      ; Inapplicable ; Inapplicable ;
; PCPlus4M[16]       ; Inapplicable ; Inapplicable ; Inapplicable ; Inapplicable ; Inapplicable ; Pass      ; Inapplicable ; Inapplicable ; Pass      ; Pass      ; Inapplicable ; Inapplicable ; Inapplicable ; Inapplicable ; Pass         ; Inapplicable ; Inapplicable ; Pass         ; Inapplicable ; Inapplicable ; Inapplicable ; Inapplicable ; Inapplicable ; Inapplicable ; Inapplicable ; Inapplicable ; Inapplicable ; Pass      ; Inapplicable ; Inapplicable ;
; PCPlus4M[17]       ; Inapplicable ; Inapplicable ; Inapplicable ; Inapplicable ; Inapplicable ; Pass      ; Inapplicable ; Inapplicable ; Pass      ; Pass      ; Inapplicable ; Inapplicable ; Inapplicable ; Inapplicable ; Pass         ; Inapplicable ; Inapplicable ; Pass         ; Inapplicable ; Inapplicable ; Inapplicable ; Inapplicable ; Inapplicable ; Inapplicable ; Inapplicable ; Inapplicable ; Inapplicable ; Pass      ; Inapplicable ; Inapplicable ;
; PCPlus4M[18]       ; Inapplicable ; Inapplicable ; Inapplicable ; Inapplicable ; Inapplicable ; Pass      ; Inapplicable ; Inapplicable ; Pass      ; Pass      ; Inapplicable ; Inapplicable ; Inapplicable ; Inapplicable ; Pass         ; Inapplicable ; Inapplicable ; Pass         ; Inapplicable ; Inapplicable ; Inapplicable ; Inapplicable ; Inapplicable ; Inapplicable ; Inapplicable ; Inapplicable ; Inapplicable ; Pass      ; Inapplicable ; Inapplicable ;
; PCPlus4M[19]       ; Inapplicable ; Inapplicable ; Inapplicable ; Inapplicable ; Inapplicable ; Pass      ; Inapplicable ; Inapplicable ; Pass      ; Pass      ; Inapplicable ; Inapplicable ; Inapplicable ; Inapplicable ; Pass         ; Inapplicable ; Inapplicable ; Pass         ; Inapplicable ; Inapplicable ; Inapplicable ; Inapplicable ; Inapplicable ; Inapplicable ; Inapplicable ; Inapplicable ; Inapplicable ; Pass      ; Inapplicable ; Inapplicable ;
; PCPlus4M[20]       ; Inapplicable ; Inapplicable ; Inapplicable ; Inapplicable ; Inapplicable ; Pass      ; Inapplicable ; Inapplicable ; Pass      ; Pass      ; Inapplicable ; Inapplicable ; Inapplicable ; Inapplicable ; Pass         ; Inapplicable ; Inapplicable ; Pass         ; Inapplicable ; Inapplicable ; Inapplicable ; Inapplicable ; Inapplicable ; Inapplicable ; Inapplicable ; Inapplicable ; Inapplicable ; Pass      ; Inapplicable ; Inapplicable ;
; PCPlus4M[21]       ; Inapplicable ; Inapplicable ; Inapplicable ; Inapplicable ; Inapplicable ; Pass      ; Inapplicable ; Inapplicable ; Pass      ; Pass      ; Inapplicable ; Inapplicable ; Inapplicable ; Inapplicable ; Pass         ; Inapplicable ; Inapplicable ; Pass         ; Inapplicable ; Inapplicable ; Inapplicable ; Inapplicable ; Inapplicable ; Inapplicable ; Inapplicable ; Inapplicable ; Inapplicable ; Pass      ; Inapplicable ; Inapplicable ;
; PCPlus4M[22]       ; Inapplicable ; Inapplicable ; Inapplicable ; Inapplicable ; Inapplicable ; Pass      ; Inapplicable ; Inapplicable ; Pass      ; Pass      ; Inapplicable ; Inapplicable ; Inapplicable ; Inapplicable ; Pass         ; Inapplicable ; Inapplicable ; Pass         ; Inapplicable ; Inapplicable ; Inapplicable ; Inapplicable ; Inapplicable ; Inapplicable ; Inapplicable ; Inapplicable ; Inapplicable ; Pass      ; Inapplicable ; Inapplicable ;
; PCPlus4M[23]       ; Inapplicable ; Inapplicable ; Inapplicable ; Inapplicable ; Inapplicable ; Pass      ; Inapplicable ; Inapplicable ; Pass      ; Pass      ; Inapplicable ; Inapplicable ; Inapplicable ; Inapplicable ; Pass         ; Inapplicable ; Inapplicable ; Pass         ; Inapplicable ; Inapplicable ; Inapplicable ; Inapplicable ; Inapplicable ; Inapplicable ; Inapplicable ; Inapplicable ; Inapplicable ; Pass      ; Inapplicable ; Inapplicable ;
; PCPlus4M[24]       ; Inapplicable ; Inapplicable ; Inapplicable ; Inapplicable ; Inapplicable ; Pass      ; Inapplicable ; Inapplicable ; Pass      ; Pass      ; Inapplicable ; Inapplicable ; Inapplicable ; Inapplicable ; Pass         ; Inapplicable ; Inapplicable ; Pass         ; Inapplicable ; Inapplicable ; Inapplicable ; Inapplicable ; Inapplicable ; Inapplicable ; Inapplicable ; Inapplicable ; Inapplicable ; Pass      ; Inapplicable ; Inapplicable ;
; PCPlus4M[25]       ; Inapplicable ; Inapplicable ; Inapplicable ; Inapplicable ; Inapplicable ; Pass      ; Inapplicable ; Inapplicable ; Pass      ; Pass      ; Inapplicable ; Inapplicable ; Inapplicable ; Inapplicable ; Pass         ; Inapplicable ; Inapplicable ; Pass         ; Inapplicable ; Inapplicable ; Inapplicable ; Inapplicable ; Inapplicable ; Inapplicable ; Inapplicable ; Inapplicable ; Inapplicable ; Pass      ; Inapplicable ; Inapplicable ;
; PCPlus4M[26]       ; Inapplicable ; Inapplicable ; Inapplicable ; Inapplicable ; Inapplicable ; Pass      ; Inapplicable ; Inapplicable ; Pass      ; Pass      ; Inapplicable ; Inapplicable ; Inapplicable ; Inapplicable ; Pass         ; Inapplicable ; Inapplicable ; Pass         ; Inapplicable ; Inapplicable ; Inapplicable ; Inapplicable ; Inapplicable ; Inapplicable ; Inapplicable ; Inapplicable ; Inapplicable ; Pass      ; Inapplicable ; Inapplicable ;
; PCPlus4M[27]       ; Inapplicable ; Inapplicable ; Inapplicable ; Inapplicable ; Inapplicable ; Pass      ; Inapplicable ; Inapplicable ; Pass      ; Pass      ; Inapplicable ; Inapplicable ; Inapplicable ; Inapplicable ; Pass         ; Inapplicable ; Inapplicable ; Pass         ; Inapplicable ; Inapplicable ; Inapplicable ; Inapplicable ; Inapplicable ; Inapplicable ; Inapplicable ; Inapplicable ; Inapplicable ; Pass      ; Inapplicable ; Inapplicable ;
; PCPlus4M[28]       ; Inapplicable ; Inapplicable ; Inapplicable ; Inapplicable ; Inapplicable ; Pass      ; Inapplicable ; Inapplicable ; Pass      ; Pass      ; Inapplicable ; Inapplicable ; Inapplicable ; Inapplicable ; Pass         ; Inapplicable ; Inapplicable ; Pass         ; Inapplicable ; Inapplicable ; Inapplicable ; Inapplicable ; Inapplicable ; Inapplicable ; Inapplicable ; Inapplicable ; Inapplicable ; Pass      ; Inapplicable ; Inapplicable ;
; PCPlus4M[29]       ; Inapplicable ; Inapplicable ; Inapplicable ; Inapplicable ; Inapplicable ; Pass      ; Inapplicable ; Inapplicable ; Pass      ; Pass      ; Inapplicable ; Inapplicable ; Inapplicable ; Inapplicable ; Pass         ; Inapplicable ; Inapplicable ; Pass         ; Inapplicable ; Inapplicable ; Inapplicable ; Inapplicable ; Inapplicable ; Inapplicable ; Inapplicable ; Inapplicable ; Inapplicable ; Pass      ; Inapplicable ; Inapplicable ;
; PCPlus4M[30]       ; Inapplicable ; Inapplicable ; Inapplicable ; Inapplicable ; Inapplicable ; Pass      ; Inapplicable ; Inapplicable ; Pass      ; Pass      ; Inapplicable ; Inapplicable ; Inapplicable ; Inapplicable ; Pass         ; Inapplicable ; Inapplicable ; Pass         ; Inapplicable ; Inapplicable ; Inapplicable ; Inapplicable ; Inapplicable ; Inapplicable ; Inapplicable ; Inapplicable ; Inapplicable ; Pass      ; Inapplicable ; Inapplicable ;
; PCPlus4M[31]       ; Inapplicable ; Inapplicable ; Inapplicable ; Inapplicable ; Inapplicable ; Pass      ; Inapplicable ; Inapplicable ; Pass      ; Pass      ; Inapplicable ; Inapplicable ; Inapplicable ; Inapplicable ; Pass         ; Inapplicable ; Inapplicable ; Pass         ; Inapplicable ; Inapplicable ; Inapplicable ; Inapplicable ; Inapplicable ; Inapplicable ; Inapplicable ; Inapplicable ; Inapplicable ; Pass      ; Inapplicable ; Inapplicable ;
; ALU_ResultM[0]     ; Inapplicable ; Inapplicable ; Inapplicable ; Inapplicable ; Inapplicable ; Pass      ; Inapplicable ; Inapplicable ; Pass      ; Pass      ; Inapplicable ; Inapplicable ; Inapplicable ; Inapplicable ; Pass         ; Inapplicable ; Inapplicable ; Pass         ; Inapplicable ; Inapplicable ; Inapplicable ; Inapplicable ; Inapplicable ; Inapplicable ; Inapplicable ; Inapplicable ; Inapplicable ; Pass      ; Inapplicable ; Inapplicable ;
; ALU_ResultM[1]     ; Inapplicable ; Inapplicable ; Inapplicable ; Inapplicable ; Inapplicable ; Pass      ; Inapplicable ; Inapplicable ; Pass      ; Pass      ; Inapplicable ; Inapplicable ; Inapplicable ; Inapplicable ; Pass         ; Inapplicable ; Inapplicable ; Pass         ; Inapplicable ; Inapplicable ; Inapplicable ; Inapplicable ; Inapplicable ; Inapplicable ; Inapplicable ; Inapplicable ; Inapplicable ; Pass      ; Inapplicable ; Inapplicable ;
; ALU_ResultM[2]     ; Inapplicable ; Inapplicable ; Inapplicable ; Inapplicable ; Inapplicable ; Pass      ; Inapplicable ; Inapplicable ; Pass      ; Pass      ; Inapplicable ; Inapplicable ; Inapplicable ; Inapplicable ; Pass         ; Inapplicable ; Inapplicable ; Pass         ; Inapplicable ; Inapplicable ; Inapplicable ; Inapplicable ; Inapplicable ; Inapplicable ; Inapplicable ; Inapplicable ; Inapplicable ; Pass      ; Inapplicable ; Inapplicable ;
; ALU_ResultM[3]     ; Inapplicable ; Inapplicable ; Inapplicable ; Inapplicable ; Inapplicable ; Pass      ; Inapplicable ; Inapplicable ; Pass      ; Pass      ; Inapplicable ; Inapplicable ; Inapplicable ; Inapplicable ; Pass         ; Inapplicable ; Inapplicable ; Pass         ; Inapplicable ; Inapplicable ; Inapplicable ; Inapplicable ; Inapplicable ; Inapplicable ; Inapplicable ; Inapplicable ; Inapplicable ; Pass      ; Inapplicable ; Inapplicable ;
; ALU_ResultM[4]     ; Inapplicable ; Inapplicable ; Inapplicable ; Inapplicable ; Inapplicable ; Pass      ; Inapplicable ; Inapplicable ; Pass      ; Pass      ; Inapplicable ; Inapplicable ; Inapplicable ; Inapplicable ; Pass         ; Inapplicable ; Inapplicable ; Pass         ; Inapplicable ; Inapplicable ; Inapplicable ; Inapplicable ; Inapplicable ; Inapplicable ; Inapplicable ; Inapplicable ; Inapplicable ; Pass      ; Inapplicable ; Inapplicable ;
; ALU_ResultM[5]     ; Inapplicable ; Inapplicable ; Inapplicable ; Inapplicable ; Inapplicable ; Pass      ; Inapplicable ; Inapplicable ; Pass      ; Pass      ; Inapplicable ; Inapplicable ; Inapplicable ; Inapplicable ; Pass         ; Inapplicable ; Inapplicable ; Pass         ; Inapplicable ; Inapplicable ; Inapplicable ; Inapplicable ; Inapplicable ; Inapplicable ; Inapplicable ; Inapplicable ; Inapplicable ; Pass      ; Inapplicable ; Inapplicable ;
; ALU_ResultM[6]     ; Inapplicable ; Inapplicable ; Inapplicable ; Inapplicable ; Inapplicable ; Pass      ; Inapplicable ; Inapplicable ; Pass      ; Pass      ; Inapplicable ; Inapplicable ; Inapplicable ; Inapplicable ; Pass         ; Inapplicable ; Inapplicable ; Pass         ; Inapplicable ; Inapplicable ; Inapplicable ; Inapplicable ; Inapplicable ; Inapplicable ; Inapplicable ; Inapplicable ; Inapplicable ; Pass      ; Inapplicable ; Inapplicable ;
; ALU_ResultM[7]     ; Inapplicable ; Inapplicable ; Inapplicable ; Inapplicable ; Inapplicable ; Pass      ; Inapplicable ; Inapplicable ; Pass      ; Pass      ; Inapplicable ; Inapplicable ; Inapplicable ; Inapplicable ; Pass         ; Inapplicable ; Inapplicable ; Pass         ; Inapplicable ; Inapplicable ; Inapplicable ; Inapplicable ; Inapplicable ; Inapplicable ; Inapplicable ; Inapplicable ; Inapplicable ; Pass      ; Inapplicable ; Inapplicable ;
; ALU_ResultM[8]     ; Inapplicable ; Inapplicable ; Inapplicable ; Inapplicable ; Inapplicable ; Pass      ; Inapplicable ; Inapplicable ; Pass      ; Pass      ; Inapplicable ; Inapplicable ; Inapplicable ; Inapplicable ; Pass         ; Inapplicable ; Inapplicable ; Pass         ; Inapplicable ; Inapplicable ; Inapplicable ; Inapplicable ; Inapplicable ; Inapplicable ; Inapplicable ; Inapplicable ; Inapplicable ; Pass      ; Inapplicable ; Inapplicable ;
; ALU_ResultM[9]     ; Inapplicable ; Inapplicable ; Inapplicable ; Inapplicable ; Inapplicable ; Pass      ; Inapplicable ; Inapplicable ; Pass      ; Pass      ; Inapplicable ; Inapplicable ; Inapplicable ; Inapplicable ; Pass         ; Inapplicable ; Inapplicable ; Pass         ; Inapplicable ; Inapplicable ; Inapplicable ; Inapplicable ; Inapplicable ; Inapplicable ; Inapplicable ; Inapplicable ; Inapplicable ; Pass      ; Inapplicable ; Inapplicable ;
; ALU_ResultM[10]    ; Inapplicable ; Inapplicable ; Inapplicable ; Inapplicable ; Inapplicable ; Pass      ; Inapplicable ; Inapplicable ; Pass      ; Pass      ; Inapplicable ; Inapplicable ; Inapplicable ; Inapplicable ; Pass         ; Inapplicable ; Inapplicable ; Pass         ; Inapplicable ; Inapplicable ; Inapplicable ; Inapplicable ; Inapplicable ; Inapplicable ; Inapplicable ; Inapplicable ; Inapplicable ; Pass      ; Inapplicable ; Inapplicable ;
; ALU_ResultM[11]    ; Inapplicable ; Inapplicable ; Inapplicable ; Inapplicable ; Inapplicable ; Pass      ; Inapplicable ; Inapplicable ; Pass      ; Pass      ; Inapplicable ; Inapplicable ; Inapplicable ; Inapplicable ; Pass         ; Inapplicable ; Inapplicable ; Pass         ; Inapplicable ; Inapplicable ; Inapplicable ; Inapplicable ; Inapplicable ; Inapplicable ; Inapplicable ; Inapplicable ; Inapplicable ; Pass      ; Inapplicable ; Inapplicable ;
; ALU_ResultM[12]    ; Inapplicable ; Inapplicable ; Inapplicable ; Inapplicable ; Inapplicable ; Pass      ; Inapplicable ; Inapplicable ; Pass      ; Pass      ; Inapplicable ; Inapplicable ; Inapplicable ; Inapplicable ; Pass         ; Inapplicable ; Inapplicable ; Pass         ; Inapplicable ; Inapplicable ; Inapplicable ; Inapplicable ; Inapplicable ; Inapplicable ; Inapplicable ; Inapplicable ; Inapplicable ; Pass      ; Inapplicable ; Inapplicable ;
; ALU_ResultM[13]    ; Inapplicable ; Inapplicable ; Inapplicable ; Inapplicable ; Inapplicable ; Pass      ; Inapplicable ; Inapplicable ; Pass      ; Pass      ; Inapplicable ; Inapplicable ; Inapplicable ; Inapplicable ; Pass         ; Inapplicable ; Inapplicable ; Pass         ; Inapplicable ; Inapplicable ; Inapplicable ; Inapplicable ; Inapplicable ; Inapplicable ; Inapplicable ; Inapplicable ; Inapplicable ; Pass      ; Inapplicable ; Inapplicable ;
; ALU_ResultM[14]    ; Inapplicable ; Inapplicable ; Inapplicable ; Inapplicable ; Inapplicable ; Pass      ; Inapplicable ; Inapplicable ; Pass      ; Pass      ; Inapplicable ; Inapplicable ; Inapplicable ; Inapplicable ; Pass         ; Inapplicable ; Inapplicable ; Pass         ; Inapplicable ; Inapplicable ; Inapplicable ; Inapplicable ; Inapplicable ; Inapplicable ; Inapplicable ; Inapplicable ; Inapplicable ; Pass      ; Inapplicable ; Inapplicable ;
; ALU_ResultM[15]    ; Inapplicable ; Inapplicable ; Inapplicable ; Inapplicable ; Inapplicable ; Pass      ; Inapplicable ; Inapplicable ; Pass      ; Pass      ; Inapplicable ; Inapplicable ; Inapplicable ; Inapplicable ; Pass         ; Inapplicable ; Inapplicable ; Pass         ; Inapplicable ; Inapplicable ; Inapplicable ; Inapplicable ; Inapplicable ; Inapplicable ; Inapplicable ; Inapplicable ; Inapplicable ; Pass      ; Inapplicable ; Inapplicable ;
; ALU_ResultM[16]    ; Inapplicable ; Inapplicable ; Inapplicable ; Inapplicable ; Inapplicable ; Pass      ; Inapplicable ; Inapplicable ; Pass      ; Pass      ; Inapplicable ; Inapplicable ; Inapplicable ; Inapplicable ; Pass         ; Inapplicable ; Inapplicable ; Pass         ; Inapplicable ; Inapplicable ; Inapplicable ; Inapplicable ; Inapplicable ; Inapplicable ; Inapplicable ; Inapplicable ; Inapplicable ; Pass      ; Inapplicable ; Inapplicable ;
; ALU_ResultM[17]    ; Inapplicable ; Inapplicable ; Inapplicable ; Inapplicable ; Inapplicable ; Pass      ; Inapplicable ; Inapplicable ; Pass      ; Pass      ; Inapplicable ; Inapplicable ; Inapplicable ; Inapplicable ; Pass         ; Inapplicable ; Inapplicable ; Pass         ; Inapplicable ; Inapplicable ; Inapplicable ; Inapplicable ; Inapplicable ; Inapplicable ; Inapplicable ; Inapplicable ; Inapplicable ; Pass      ; Inapplicable ; Inapplicable ;
; ALU_ResultM[18]    ; Inapplicable ; Inapplicable ; Inapplicable ; Inapplicable ; Inapplicable ; Pass      ; Inapplicable ; Inapplicable ; Pass      ; Pass      ; Inapplicable ; Inapplicable ; Inapplicable ; Inapplicable ; Pass         ; Inapplicable ; Inapplicable ; Pass         ; Inapplicable ; Inapplicable ; Inapplicable ; Inapplicable ; Inapplicable ; Inapplicable ; Inapplicable ; Inapplicable ; Inapplicable ; Pass      ; Inapplicable ; Inapplicable ;
; ALU_ResultM[19]    ; Inapplicable ; Inapplicable ; Inapplicable ; Inapplicable ; Inapplicable ; Pass      ; Inapplicable ; Inapplicable ; Pass      ; Pass      ; Inapplicable ; Inapplicable ; Inapplicable ; Inapplicable ; Pass         ; Inapplicable ; Inapplicable ; Pass         ; Inapplicable ; Inapplicable ; Inapplicable ; Inapplicable ; Inapplicable ; Inapplicable ; Inapplicable ; Inapplicable ; Inapplicable ; Pass      ; Inapplicable ; Inapplicable ;
; ALU_ResultM[20]    ; Inapplicable ; Inapplicable ; Inapplicable ; Inapplicable ; Inapplicable ; Pass      ; Inapplicable ; Inapplicable ; Pass      ; Pass      ; Inapplicable ; Inapplicable ; Inapplicable ; Inapplicable ; Pass         ; Inapplicable ; Inapplicable ; Pass         ; Inapplicable ; Inapplicable ; Inapplicable ; Inapplicable ; Inapplicable ; Inapplicable ; Inapplicable ; Inapplicable ; Inapplicable ; Pass      ; Inapplicable ; Inapplicable ;
; ALU_ResultM[21]    ; Inapplicable ; Inapplicable ; Inapplicable ; Inapplicable ; Inapplicable ; Pass      ; Inapplicable ; Inapplicable ; Pass      ; Pass      ; Inapplicable ; Inapplicable ; Inapplicable ; Inapplicable ; Pass         ; Inapplicable ; Inapplicable ; Pass         ; Inapplicable ; Inapplicable ; Inapplicable ; Inapplicable ; Inapplicable ; Inapplicable ; Inapplicable ; Inapplicable ; Inapplicable ; Pass      ; Inapplicable ; Inapplicable ;
; ALU_ResultM[22]    ; Inapplicable ; Inapplicable ; Inapplicable ; Inapplicable ; Inapplicable ; Pass      ; Inapplicable ; Inapplicable ; Pass      ; Pass      ; Inapplicable ; Inapplicable ; Inapplicable ; Inapplicable ; Pass         ; Inapplicable ; Inapplicable ; Pass         ; Inapplicable ; Inapplicable ; Inapplicable ; Inapplicable ; Inapplicable ; Inapplicable ; Inapplicable ; Inapplicable ; Inapplicable ; Pass      ; Inapplicable ; Inapplicable ;
; ALU_ResultM[23]    ; Inapplicable ; Inapplicable ; Inapplicable ; Inapplicable ; Inapplicable ; Pass      ; Inapplicable ; Inapplicable ; Pass      ; Pass      ; Inapplicable ; Inapplicable ; Inapplicable ; Inapplicable ; Pass         ; Inapplicable ; Inapplicable ; Pass         ; Inapplicable ; Inapplicable ; Inapplicable ; Inapplicable ; Inapplicable ; Inapplicable ; Inapplicable ; Inapplicable ; Inapplicable ; Pass      ; Inapplicable ; Inapplicable ;
; ALU_ResultM[24]    ; Inapplicable ; Inapplicable ; Inapplicable ; Inapplicable ; Inapplicable ; Pass      ; Inapplicable ; Inapplicable ; Pass      ; Pass      ; Inapplicable ; Inapplicable ; Inapplicable ; Inapplicable ; Pass         ; Inapplicable ; Inapplicable ; Pass         ; Inapplicable ; Inapplicable ; Inapplicable ; Inapplicable ; Inapplicable ; Inapplicable ; Inapplicable ; Inapplicable ; Inapplicable ; Pass      ; Inapplicable ; Inapplicable ;
; ALU_ResultM[25]    ; Inapplicable ; Inapplicable ; Inapplicable ; Inapplicable ; Inapplicable ; Pass      ; Inapplicable ; Inapplicable ; Pass      ; Pass      ; Inapplicable ; Inapplicable ; Inapplicable ; Inapplicable ; Pass         ; Inapplicable ; Inapplicable ; Pass         ; Inapplicable ; Inapplicable ; Inapplicable ; Inapplicable ; Inapplicable ; Inapplicable ; Inapplicable ; Inapplicable ; Inapplicable ; Pass      ; Inapplicable ; Inapplicable ;
; ALU_ResultM[26]    ; Inapplicable ; Inapplicable ; Inapplicable ; Inapplicable ; Inapplicable ; Pass      ; Inapplicable ; Inapplicable ; Pass      ; Pass      ; Inapplicable ; Inapplicable ; Inapplicable ; Inapplicable ; Pass         ; Inapplicable ; Inapplicable ; Pass         ; Inapplicable ; Inapplicable ; Inapplicable ; Inapplicable ; Inapplicable ; Inapplicable ; Inapplicable ; Inapplicable ; Inapplicable ; Pass      ; Inapplicable ; Inapplicable ;
; ALU_ResultM[27]    ; Inapplicable ; Inapplicable ; Inapplicable ; Inapplicable ; Inapplicable ; Pass      ; Inapplicable ; Inapplicable ; Pass      ; Pass      ; Inapplicable ; Inapplicable ; Inapplicable ; Inapplicable ; Pass         ; Inapplicable ; Inapplicable ; Pass         ; Inapplicable ; Inapplicable ; Inapplicable ; Inapplicable ; Inapplicable ; Inapplicable ; Inapplicable ; Inapplicable ; Inapplicable ; Pass      ; Inapplicable ; Inapplicable ;
; ALU_ResultM[28]    ; Inapplicable ; Inapplicable ; Inapplicable ; Inapplicable ; Inapplicable ; Pass      ; Inapplicable ; Inapplicable ; Pass      ; Pass      ; Inapplicable ; Inapplicable ; Inapplicable ; Inapplicable ; Pass         ; Inapplicable ; Inapplicable ; Pass         ; Inapplicable ; Inapplicable ; Inapplicable ; Inapplicable ; Inapplicable ; Inapplicable ; Inapplicable ; Inapplicable ; Inapplicable ; Pass      ; Inapplicable ; Inapplicable ;
; ALU_ResultM[29]    ; Inapplicable ; Inapplicable ; Inapplicable ; Inapplicable ; Inapplicable ; Pass      ; Inapplicable ; Inapplicable ; Pass      ; Pass      ; Inapplicable ; Inapplicable ; Inapplicable ; Inapplicable ; Pass         ; Inapplicable ; Inapplicable ; Pass         ; Inapplicable ; Inapplicable ; Inapplicable ; Inapplicable ; Inapplicable ; Inapplicable ; Inapplicable ; Inapplicable ; Inapplicable ; Pass      ; Inapplicable ; Inapplicable ;
; ALU_ResultM[30]    ; Inapplicable ; Inapplicable ; Inapplicable ; Inapplicable ; Inapplicable ; Pass      ; Inapplicable ; Inapplicable ; Pass      ; Pass      ; Inapplicable ; Inapplicable ; Inapplicable ; Inapplicable ; Pass         ; Inapplicable ; Inapplicable ; Pass         ; Inapplicable ; Inapplicable ; Inapplicable ; Inapplicable ; Inapplicable ; Inapplicable ; Inapplicable ; Inapplicable ; Inapplicable ; Pass      ; Inapplicable ; Inapplicable ;
; ALU_ResultM[31]    ; Inapplicable ; Inapplicable ; Inapplicable ; Inapplicable ; Inapplicable ; Pass      ; Inapplicable ; Inapplicable ; Pass      ; Pass      ; Inapplicable ; Inapplicable ; Inapplicable ; Inapplicable ; Pass         ; Inapplicable ; Inapplicable ; Pass         ; Inapplicable ; Inapplicable ; Inapplicable ; Inapplicable ; Inapplicable ; Inapplicable ; Inapplicable ; Inapplicable ; Inapplicable ; Pass      ; Inapplicable ; Inapplicable ;
; MemWriteM          ; Inapplicable ; Inapplicable ; Inapplicable ; Inapplicable ; Inapplicable ; Pass      ; Inapplicable ; Inapplicable ; Pass      ; Pass      ; Inapplicable ; Inapplicable ; Inapplicable ; Inapplicable ; Pass         ; Inapplicable ; Inapplicable ; Pass         ; Inapplicable ; Inapplicable ; Inapplicable ; Inapplicable ; Inapplicable ; Inapplicable ; Inapplicable ; Inapplicable ; Inapplicable ; Pass      ; Inapplicable ; Inapplicable ;
; MemReadM           ; Inapplicable ; Inapplicable ; Inapplicable ; Inapplicable ; Inapplicable ; Pass      ; Inapplicable ; Inapplicable ; Pass      ; Pass      ; Inapplicable ; Inapplicable ; Inapplicable ; Inapplicable ; Pass         ; Inapplicable ; Inapplicable ; Pass         ; Inapplicable ; Inapplicable ; Inapplicable ; Inapplicable ; Inapplicable ; Inapplicable ; Inapplicable ; Inapplicable ; Inapplicable ; Pass      ; Inapplicable ; Inapplicable ;
; WriteDataM[0]      ; Inapplicable ; Inapplicable ; Inapplicable ; Inapplicable ; Inapplicable ; Pass      ; Inapplicable ; Inapplicable ; Pass      ; Pass      ; Inapplicable ; Inapplicable ; Inapplicable ; Inapplicable ; Pass         ; Inapplicable ; Inapplicable ; Pass         ; Inapplicable ; Inapplicable ; Inapplicable ; Inapplicable ; Inapplicable ; Inapplicable ; Inapplicable ; Inapplicable ; Inapplicable ; Pass      ; Inapplicable ; Inapplicable ;
; WriteDataM[1]      ; Inapplicable ; Inapplicable ; Inapplicable ; Inapplicable ; Inapplicable ; Pass      ; Inapplicable ; Inapplicable ; Pass      ; Pass      ; Inapplicable ; Inapplicable ; Inapplicable ; Inapplicable ; Pass         ; Inapplicable ; Inapplicable ; Pass         ; Inapplicable ; Inapplicable ; Inapplicable ; Inapplicable ; Inapplicable ; Inapplicable ; Inapplicable ; Inapplicable ; Inapplicable ; Pass      ; Inapplicable ; Inapplicable ;
; WriteDataM[2]      ; Inapplicable ; Inapplicable ; Inapplicable ; Inapplicable ; Inapplicable ; Pass      ; Inapplicable ; Inapplicable ; Pass      ; Pass      ; Inapplicable ; Inapplicable ; Inapplicable ; Inapplicable ; Pass         ; Inapplicable ; Inapplicable ; Pass         ; Inapplicable ; Inapplicable ; Inapplicable ; Inapplicable ; Inapplicable ; Inapplicable ; Inapplicable ; Inapplicable ; Inapplicable ; Pass      ; Inapplicable ; Inapplicable ;
; WriteDataM[3]      ; Inapplicable ; Inapplicable ; Inapplicable ; Inapplicable ; Inapplicable ; Pass      ; Inapplicable ; Inapplicable ; Pass      ; Pass      ; Inapplicable ; Inapplicable ; Inapplicable ; Inapplicable ; Pass         ; Inapplicable ; Inapplicable ; Pass         ; Inapplicable ; Inapplicable ; Inapplicable ; Inapplicable ; Inapplicable ; Inapplicable ; Inapplicable ; Inapplicable ; Inapplicable ; Pass      ; Inapplicable ; Inapplicable ;
; WriteDataM[4]      ; Inapplicable ; Inapplicable ; Inapplicable ; Inapplicable ; Inapplicable ; Pass      ; Inapplicable ; Inapplicable ; Pass      ; Pass      ; Inapplicable ; Inapplicable ; Inapplicable ; Inapplicable ; Pass         ; Inapplicable ; Inapplicable ; Pass         ; Inapplicable ; Inapplicable ; Inapplicable ; Inapplicable ; Inapplicable ; Inapplicable ; Inapplicable ; Inapplicable ; Inapplicable ; Pass      ; Inapplicable ; Inapplicable ;
; WriteDataM[5]      ; Inapplicable ; Inapplicable ; Inapplicable ; Inapplicable ; Inapplicable ; Pass      ; Inapplicable ; Inapplicable ; Pass      ; Pass      ; Inapplicable ; Inapplicable ; Inapplicable ; Inapplicable ; Pass         ; Inapplicable ; Inapplicable ; Pass         ; Inapplicable ; Inapplicable ; Inapplicable ; Inapplicable ; Inapplicable ; Inapplicable ; Inapplicable ; Inapplicable ; Inapplicable ; Pass      ; Inapplicable ; Inapplicable ;
; WriteDataM[6]      ; Inapplicable ; Inapplicable ; Inapplicable ; Inapplicable ; Inapplicable ; Pass      ; Inapplicable ; Inapplicable ; Pass      ; Pass      ; Inapplicable ; Inapplicable ; Inapplicable ; Inapplicable ; Pass         ; Inapplicable ; Inapplicable ; Pass         ; Inapplicable ; Inapplicable ; Inapplicable ; Inapplicable ; Inapplicable ; Inapplicable ; Inapplicable ; Inapplicable ; Inapplicable ; Pass      ; Inapplicable ; Inapplicable ;
; WriteDataM[7]      ; Inapplicable ; Inapplicable ; Inapplicable ; Inapplicable ; Inapplicable ; Pass      ; Inapplicable ; Inapplicable ; Pass      ; Pass      ; Inapplicable ; Inapplicable ; Inapplicable ; Inapplicable ; Pass         ; Inapplicable ; Inapplicable ; Pass         ; Inapplicable ; Inapplicable ; Inapplicable ; Inapplicable ; Inapplicable ; Inapplicable ; Inapplicable ; Inapplicable ; Inapplicable ; Pass      ; Inapplicable ; Inapplicable ;
; WriteDataM[8]      ; Inapplicable ; Inapplicable ; Inapplicable ; Inapplicable ; Inapplicable ; Pass      ; Inapplicable ; Inapplicable ; Pass      ; Pass      ; Inapplicable ; Inapplicable ; Inapplicable ; Inapplicable ; Pass         ; Inapplicable ; Inapplicable ; Pass         ; Inapplicable ; Inapplicable ; Inapplicable ; Inapplicable ; Inapplicable ; Inapplicable ; Inapplicable ; Inapplicable ; Inapplicable ; Pass      ; Inapplicable ; Inapplicable ;
; WriteDataM[9]      ; Inapplicable ; Inapplicable ; Inapplicable ; Inapplicable ; Inapplicable ; Pass      ; Inapplicable ; Inapplicable ; Pass      ; Pass      ; Inapplicable ; Inapplicable ; Inapplicable ; Inapplicable ; Pass         ; Inapplicable ; Inapplicable ; Pass         ; Inapplicable ; Inapplicable ; Inapplicable ; Inapplicable ; Inapplicable ; Inapplicable ; Inapplicable ; Inapplicable ; Inapplicable ; Pass      ; Inapplicable ; Inapplicable ;
; WriteDataM[10]     ; Inapplicable ; Inapplicable ; Inapplicable ; Inapplicable ; Inapplicable ; Pass      ; Inapplicable ; Inapplicable ; Pass      ; Pass      ; Inapplicable ; Inapplicable ; Inapplicable ; Inapplicable ; Pass         ; Inapplicable ; Inapplicable ; Pass         ; Inapplicable ; Inapplicable ; Inapplicable ; Inapplicable ; Inapplicable ; Inapplicable ; Inapplicable ; Inapplicable ; Inapplicable ; Pass      ; Inapplicable ; Inapplicable ;
; WriteDataM[11]     ; Inapplicable ; Inapplicable ; Inapplicable ; Inapplicable ; Inapplicable ; Pass      ; Inapplicable ; Inapplicable ; Pass      ; Pass      ; Inapplicable ; Inapplicable ; Inapplicable ; Inapplicable ; Pass         ; Inapplicable ; Inapplicable ; Pass         ; Inapplicable ; Inapplicable ; Inapplicable ; Inapplicable ; Inapplicable ; Inapplicable ; Inapplicable ; Inapplicable ; Inapplicable ; Pass      ; Inapplicable ; Inapplicable ;
; WriteDataM[12]     ; Inapplicable ; Inapplicable ; Inapplicable ; Inapplicable ; Inapplicable ; Pass      ; Inapplicable ; Inapplicable ; Pass      ; Pass      ; Inapplicable ; Inapplicable ; Inapplicable ; Inapplicable ; Pass         ; Inapplicable ; Inapplicable ; Pass         ; Inapplicable ; Inapplicable ; Inapplicable ; Inapplicable ; Inapplicable ; Inapplicable ; Inapplicable ; Inapplicable ; Inapplicable ; Pass      ; Inapplicable ; Inapplicable ;
; WriteDataM[13]     ; Inapplicable ; Inapplicable ; Inapplicable ; Inapplicable ; Inapplicable ; Pass      ; Inapplicable ; Inapplicable ; Pass      ; Pass      ; Inapplicable ; Inapplicable ; Inapplicable ; Inapplicable ; Pass         ; Inapplicable ; Inapplicable ; Pass         ; Inapplicable ; Inapplicable ; Inapplicable ; Inapplicable ; Inapplicable ; Inapplicable ; Inapplicable ; Inapplicable ; Inapplicable ; Pass      ; Inapplicable ; Inapplicable ;
; WriteDataM[14]     ; Inapplicable ; Inapplicable ; Inapplicable ; Inapplicable ; Inapplicable ; Pass      ; Inapplicable ; Inapplicable ; Pass      ; Pass      ; Inapplicable ; Inapplicable ; Inapplicable ; Inapplicable ; Pass         ; Inapplicable ; Inapplicable ; Pass         ; Inapplicable ; Inapplicable ; Inapplicable ; Inapplicable ; Inapplicable ; Inapplicable ; Inapplicable ; Inapplicable ; Inapplicable ; Pass      ; Inapplicable ; Inapplicable ;
; WriteDataM[15]     ; Inapplicable ; Inapplicable ; Inapplicable ; Inapplicable ; Inapplicable ; Pass      ; Inapplicable ; Inapplicable ; Pass      ; Pass      ; Inapplicable ; Inapplicable ; Inapplicable ; Inapplicable ; Pass         ; Inapplicable ; Inapplicable ; Pass         ; Inapplicable ; Inapplicable ; Inapplicable ; Inapplicable ; Inapplicable ; Inapplicable ; Inapplicable ; Inapplicable ; Inapplicable ; Pass      ; Inapplicable ; Inapplicable ;
; WriteDataM[16]     ; Inapplicable ; Inapplicable ; Inapplicable ; Inapplicable ; Inapplicable ; Pass      ; Inapplicable ; Inapplicable ; Pass      ; Pass      ; Inapplicable ; Inapplicable ; Inapplicable ; Inapplicable ; Pass         ; Inapplicable ; Inapplicable ; Pass         ; Inapplicable ; Inapplicable ; Inapplicable ; Inapplicable ; Inapplicable ; Inapplicable ; Inapplicable ; Inapplicable ; Inapplicable ; Pass      ; Inapplicable ; Inapplicable ;
; WriteDataM[17]     ; Inapplicable ; Inapplicable ; Inapplicable ; Inapplicable ; Inapplicable ; Pass      ; Inapplicable ; Inapplicable ; Pass      ; Pass      ; Inapplicable ; Inapplicable ; Inapplicable ; Inapplicable ; Pass         ; Inapplicable ; Inapplicable ; Pass         ; Inapplicable ; Inapplicable ; Inapplicable ; Inapplicable ; Inapplicable ; Inapplicable ; Inapplicable ; Inapplicable ; Inapplicable ; Pass      ; Inapplicable ; Inapplicable ;
; WriteDataM[18]     ; Inapplicable ; Inapplicable ; Inapplicable ; Inapplicable ; Inapplicable ; Pass      ; Inapplicable ; Inapplicable ; Pass      ; Pass      ; Inapplicable ; Inapplicable ; Inapplicable ; Inapplicable ; Pass         ; Inapplicable ; Inapplicable ; Pass         ; Inapplicable ; Inapplicable ; Inapplicable ; Inapplicable ; Inapplicable ; Inapplicable ; Inapplicable ; Inapplicable ; Inapplicable ; Pass      ; Inapplicable ; Inapplicable ;
; WriteDataM[19]     ; Inapplicable ; Inapplicable ; Inapplicable ; Inapplicable ; Inapplicable ; Pass      ; Inapplicable ; Inapplicable ; Pass      ; Pass      ; Inapplicable ; Inapplicable ; Inapplicable ; Inapplicable ; Pass         ; Inapplicable ; Inapplicable ; Pass         ; Inapplicable ; Inapplicable ; Inapplicable ; Inapplicable ; Inapplicable ; Inapplicable ; Inapplicable ; Inapplicable ; Inapplicable ; Pass      ; Inapplicable ; Inapplicable ;
; WriteDataM[20]     ; Inapplicable ; Inapplicable ; Inapplicable ; Inapplicable ; Inapplicable ; Pass      ; Inapplicable ; Inapplicable ; Pass      ; Pass      ; Inapplicable ; Inapplicable ; Inapplicable ; Inapplicable ; Pass         ; Inapplicable ; Inapplicable ; Pass         ; Inapplicable ; Inapplicable ; Inapplicable ; Inapplicable ; Inapplicable ; Inapplicable ; Inapplicable ; Inapplicable ; Inapplicable ; Pass      ; Inapplicable ; Inapplicable ;
; WriteDataM[21]     ; Inapplicable ; Inapplicable ; Inapplicable ; Inapplicable ; Inapplicable ; Pass      ; Inapplicable ; Inapplicable ; Pass      ; Pass      ; Inapplicable ; Inapplicable ; Inapplicable ; Inapplicable ; Pass         ; Inapplicable ; Inapplicable ; Pass         ; Inapplicable ; Inapplicable ; Inapplicable ; Inapplicable ; Inapplicable ; Inapplicable ; Inapplicable ; Inapplicable ; Inapplicable ; Pass      ; Inapplicable ; Inapplicable ;
; WriteDataM[22]     ; Inapplicable ; Inapplicable ; Inapplicable ; Inapplicable ; Inapplicable ; Pass      ; Inapplicable ; Inapplicable ; Pass      ; Pass      ; Inapplicable ; Inapplicable ; Inapplicable ; Inapplicable ; Pass         ; Inapplicable ; Inapplicable ; Pass         ; Inapplicable ; Inapplicable ; Inapplicable ; Inapplicable ; Inapplicable ; Inapplicable ; Inapplicable ; Inapplicable ; Inapplicable ; Pass      ; Inapplicable ; Inapplicable ;
; WriteDataM[23]     ; Inapplicable ; Inapplicable ; Inapplicable ; Inapplicable ; Inapplicable ; Pass      ; Inapplicable ; Inapplicable ; Pass      ; Pass      ; Inapplicable ; Inapplicable ; Inapplicable ; Inapplicable ; Pass         ; Inapplicable ; Inapplicable ; Pass         ; Inapplicable ; Inapplicable ; Inapplicable ; Inapplicable ; Inapplicable ; Inapplicable ; Inapplicable ; Inapplicable ; Inapplicable ; Pass      ; Inapplicable ; Inapplicable ;
; WriteDataM[24]     ; Inapplicable ; Inapplicable ; Inapplicable ; Inapplicable ; Inapplicable ; Pass      ; Inapplicable ; Inapplicable ; Pass      ; Pass      ; Inapplicable ; Inapplicable ; Inapplicable ; Inapplicable ; Pass         ; Inapplicable ; Inapplicable ; Pass         ; Inapplicable ; Inapplicable ; Inapplicable ; Inapplicable ; Inapplicable ; Inapplicable ; Inapplicable ; Inapplicable ; Inapplicable ; Pass      ; Inapplicable ; Inapplicable ;
; WriteDataM[25]     ; Inapplicable ; Inapplicable ; Inapplicable ; Inapplicable ; Inapplicable ; Pass      ; Inapplicable ; Inapplicable ; Pass      ; Pass      ; Inapplicable ; Inapplicable ; Inapplicable ; Inapplicable ; Pass         ; Inapplicable ; Inapplicable ; Pass         ; Inapplicable ; Inapplicable ; Inapplicable ; Inapplicable ; Inapplicable ; Inapplicable ; Inapplicable ; Inapplicable ; Inapplicable ; Pass      ; Inapplicable ; Inapplicable ;
; WriteDataM[26]     ; Inapplicable ; Inapplicable ; Inapplicable ; Inapplicable ; Inapplicable ; Pass      ; Inapplicable ; Inapplicable ; Pass      ; Pass      ; Inapplicable ; Inapplicable ; Inapplicable ; Inapplicable ; Pass         ; Inapplicable ; Inapplicable ; Pass         ; Inapplicable ; Inapplicable ; Inapplicable ; Inapplicable ; Inapplicable ; Inapplicable ; Inapplicable ; Inapplicable ; Inapplicable ; Pass      ; Inapplicable ; Inapplicable ;
; WriteDataM[27]     ; Inapplicable ; Inapplicable ; Inapplicable ; Inapplicable ; Inapplicable ; Pass      ; Inapplicable ; Inapplicable ; Pass      ; Pass      ; Inapplicable ; Inapplicable ; Inapplicable ; Inapplicable ; Pass         ; Inapplicable ; Inapplicable ; Pass         ; Inapplicable ; Inapplicable ; Inapplicable ; Inapplicable ; Inapplicable ; Inapplicable ; Inapplicable ; Inapplicable ; Inapplicable ; Pass      ; Inapplicable ; Inapplicable ;
; WriteDataM[28]     ; Inapplicable ; Inapplicable ; Inapplicable ; Inapplicable ; Inapplicable ; Pass      ; Inapplicable ; Inapplicable ; Pass      ; Pass      ; Inapplicable ; Inapplicable ; Inapplicable ; Inapplicable ; Pass         ; Inapplicable ; Inapplicable ; Pass         ; Inapplicable ; Inapplicable ; Inapplicable ; Inapplicable ; Inapplicable ; Inapplicable ; Inapplicable ; Inapplicable ; Inapplicable ; Pass      ; Inapplicable ; Inapplicable ;
; WriteDataM[29]     ; Inapplicable ; Inapplicable ; Inapplicable ; Inapplicable ; Inapplicable ; Pass      ; Inapplicable ; Inapplicable ; Pass      ; Pass      ; Inapplicable ; Inapplicable ; Inapplicable ; Inapplicable ; Pass         ; Inapplicable ; Inapplicable ; Pass         ; Inapplicable ; Inapplicable ; Inapplicable ; Inapplicable ; Inapplicable ; Inapplicable ; Inapplicable ; Inapplicable ; Inapplicable ; Pass      ; Inapplicable ; Inapplicable ;
; WriteDataM[30]     ; Inapplicable ; Inapplicable ; Inapplicable ; Inapplicable ; Inapplicable ; Pass      ; Inapplicable ; Inapplicable ; Pass      ; Pass      ; Inapplicable ; Inapplicable ; Inapplicable ; Inapplicable ; Pass         ; Inapplicable ; Inapplicable ; Pass         ; Inapplicable ; Inapplicable ; Inapplicable ; Inapplicable ; Inapplicable ; Inapplicable ; Inapplicable ; Inapplicable ; Inapplicable ; Pass      ; Inapplicable ; Inapplicable ;
; WriteDataM[31]     ; Inapplicable ; Inapplicable ; Inapplicable ; Inapplicable ; Inapplicable ; Pass      ; Inapplicable ; Inapplicable ; Pass      ; Pass      ; Inapplicable ; Inapplicable ; Inapplicable ; Inapplicable ; Pass         ; Inapplicable ; Inapplicable ; Pass         ; Inapplicable ; Inapplicable ; Inapplicable ; Inapplicable ; Inapplicable ; Inapplicable ; Inapplicable ; Inapplicable ; Inapplicable ; Pass      ; Inapplicable ; Inapplicable ;
+--------------------+--------------+--------------+--------------+--------------+--------------+-----------+--------------+--------------+-----------+-----------+--------------+--------------+--------------+--------------+--------------+--------------+--------------+--------------+--------------+--------------+--------------+--------------+--------------+--------------+--------------+--------------+--------------+-----------+--------------+--------------+


+-------------------------------------------------------------------------------------------+
; Fitter Device Options                                                                     ;
+------------------------------------------------------------------+------------------------+
; Option                                                           ; Setting                ;
+------------------------------------------------------------------+------------------------+
; Enable user-supplied start-up clock (CLKUSR)                     ; Off                    ;
; Enable device-wide reset (DEV_CLRn)                              ; Off                    ;
; Enable device-wide output enable (DEV_OE)                        ; Off                    ;
; Enable INIT_DONE output                                          ; Off                    ;
; Configuration scheme                                             ; Internal Configuration ;
; Enable Error Detection CRC_ERROR pin                             ; Off                    ;
; Enable open drain on CRC_ERROR pin                               ; Off                    ;
; Enable nCONFIG, nSTATUS, and CONF_DONE pins                      ; On                     ;
; Enable JTAG pin sharing                                          ; Off                    ;
; Enable nCE pin                                                   ; Off                    ;
; Enable CONFIG_SEL pin                                            ; On                     ;
; Enable input tri-state on active configuration pins in user mode ; Off                    ;
; Configuration Voltage Level                                      ; Auto                   ;
; Force Configuration Voltage Level                                ; Off                    ;
; Data[0]                                                          ; Unreserved             ;
; Data[1]/ASDO                                                     ; Unreserved             ;
; FLASH_nCE/nCSO                                                   ; Unreserved             ;
; DCLK                                                             ; Unreserved             ;
+------------------------------------------------------------------+------------------------+


+------------------------------------+
; Operating Settings and Conditions  ;
+---------------------------+--------+
; Setting                   ; Value  ;
+---------------------------+--------+
; Nominal Core Voltage      ; 1.20 V ;
; Low Junction Temperature  ; 0 °C   ;
; High Junction Temperature ; 85 °C  ;
+---------------------------+--------+


+-----------------+
; Fitter Messages ;
+-----------------+
Warning (18236): Number of processors has not been specified which may cause overloading on shared machines.  Set the global assignment NUM_PARALLEL_PROCESSORS in your QSF to an appropriate value for best performance.
Info (20030): Parallel compilation is enabled and will use 8 of the 8 processors detected
Info (119006): Selected device 10M50DAF484C7G for design "pipeline_riscv"
Info (21077): Low junction temperature is 0 degrees C
Info (21077): High junction temperature is 85 degrees C
Info (171003): Fitter is performing an Auto Fit compilation, which may decrease Fitter effort to reduce compilation time
Warning (292013): Feature LogicLock is only available with a valid subscription license. You can purchase a software subscription to gain full access to this feature.
Info (176444): Device migration not selected. If you intend to use device migration later, you may need to change the pin assignments as they may be incompatible with other devices
    Info (176445): Device 10M08DAF484I7G is compatible
    Info (176445): Device 10M08DAF484I7P is compatible
    Info (176445): Device 10M16DAF484A7G is compatible
    Info (176445): Device 10M16DAF484C7G is compatible
    Info (176445): Device 10M16DAF484I7G is compatible
    Info (176445): Device 10M16DAF484I7P is compatible
    Info (176445): Device 10M25DAF484A7G is compatible
    Info (176445): Device 10M25DAF484C7G is compatible
    Info (176445): Device 10M25DAF484I7G is compatible
    Info (176445): Device 10M50DAF484I7G is compatible
    Info (176445): Device 10M50DAF484I7P is compatible
    Info (176445): Device 10M40DAF484C7G is compatible
    Info (176445): Device 10M40DAF484I7G is compatible
Info (169124): Fitter converted 8 user pins into dedicated programming pins
    Info (169125): Pin ~ALTERA_TMS~ is reserved at location H2
    Info (169125): Pin ~ALTERA_TCK~ is reserved at location G2
    Info (169125): Pin ~ALTERA_TDI~ is reserved at location L4
    Info (169125): Pin ~ALTERA_TDO~ is reserved at location M5
    Info (169125): Pin ~ALTERA_CONFIG_SEL~ is reserved at location H10
    Info (169125): Pin ~ALTERA_nCONFIG~ is reserved at location H9
    Info (169125): Pin ~ALTERA_nSTATUS~ is reserved at location G9
    Info (169125): Pin ~ALTERA_CONF_DONE~ is reserved at location F8
Info (169141): DATA[0] dual-purpose pin not reserved
Info (12825): Data[1]/ASDO dual-purpose pin not reserved
Info (12825): nCSO dual-purpose pin not reserved
Info (12825): DCLK dual-purpose pin not reserved
Warning (15714): Some pins have incomplete I/O assignments. Refer to the I/O Assignment Warnings report for details
Info (176045): Design uses memory blocks. Violating setup or hold times of memory block address registers for either read or write operations could cause memory contents to be corrupted. Make sure that all memory block address registers meet the setup and hold time requirements.
Critical Warning (169085): No exact pin location assignment(s) for 212 pins of 212 total pins. For the list of pins please refer to the I/O Assignment Warnings table in the fitter report.
Critical Warning (332012): Synopsys Design Constraints File file not found: 'pipeline_riscv.sdc'. A Synopsys Design Constraints File is required by the Timing Analyzer to get proper timing constraints. Without it, the Compiler will not properly optimize the design.
Info (332144): No user constrained base clocks found in the design
Info (332143): No user constrained clock uncertainty found in the design. Calling "derive_clock_uncertainty"
Info (332154): The derive_clock_uncertainty command did not apply clock uncertainty to any clock-to-clock transfers.
Info (332130): Timing requirements not specified -- quality metrics such as performance may be sacrificed to reduce compilation time.
Info (176353): Automatically promoted node clk~input (placed in PIN M8 (CLK1n, DIFFIO_RX_L36n, DIFFOUT_L36n, High_Speed)) File: D:/1 - FPGA/5 - RISCV/4 - Pipeline_RISCV/CORE/Memory_Cycle.v Line: 8
    Info (176355): Automatically promoted destinations to use location or clock signal Global Clock CLKCTRL_G3
Info (176353): Automatically promoted node reset~input (placed in PIN M9 (CLK1p, DIFFIO_RX_L36p, DIFFOUT_L36p, High_Speed)) File: D:/1 - FPGA/5 - RISCV/4 - Pipeline_RISCV/CORE/Memory_Cycle.v Line: 9
    Info (176355): Automatically promoted destinations to use location or clock signal Global Clock CLKCTRL_G4
Info (176233): Starting register packing
Info (176235): Finished register packing
    Extra Info (176218): Packed 32 registers into blocks of type Block RAM
Info (176214): Statistics of I/O pins that need to be placed that use the same VCCIO and VREF, before I/O pin placement
    Info (176211): Number of I/O pins in group: 210 (unused VREF, 2.5V VCCIO, 106 input, 104 output, 0 bidirectional)
        Info (176212): I/O standards used: 2.5 V.
Info (176215): I/O bank details before I/O pin placement
    Info (176214): Statistics of I/O banks
        Info (176213): I/O bank number 1A does not use VREF pins and has undetermined VCCIO pins. 0 total pin(s) used --  16 pins available
        Info (176213): I/O bank number 1B does not use VREF pins and has undetermined VCCIO pins. 4 total pin(s) used --  20 pins available
        Info (176213): I/O bank number 2 does not use VREF pins and has undetermined VCCIO pins. 2 total pin(s) used --  34 pins available
        Info (176213): I/O bank number 3 does not use VREF pins and has undetermined VCCIO pins. 0 total pin(s) used --  48 pins available
        Info (176213): I/O bank number 4 does not use VREF pins and has undetermined VCCIO pins. 0 total pin(s) used --  48 pins available
        Info (176213): I/O bank number 5 does not use VREF pins and has undetermined VCCIO pins. 0 total pin(s) used --  40 pins available
        Info (176213): I/O bank number 6 does not use VREF pins and has undetermined VCCIO pins. 0 total pin(s) used --  60 pins available
        Info (176213): I/O bank number 7 does not use VREF pins and has undetermined VCCIO pins. 0 total pin(s) used --  52 pins available
        Info (176213): I/O bank number 8 does not use VREF pins and has undetermined VCCIO pins. 4 total pin(s) used --  32 pins available
Info (171121): Fitter preparation operations ending: elapsed time is 00:00:02
Info (14896): Fitter has disabled Advanced Physical Optimization because it is not supported for the current family.
Info (170189): Fitter placement preparation operations beginning
Info (170190): Fitter placement preparation operations ending: elapsed time is 00:00:00
Info (170191): Fitter placement operations beginning
Info (170137): Fitter placement was successful
Info (170192): Fitter placement operations ending: elapsed time is 00:00:03
Info (170193): Fitter routing operations beginning
Info (170195): Router estimated average interconnect usage is 0% of the available device resources
    Info (170196): Router estimated peak interconnect usage is 1% of the available device resources in the region that extends from location X67_Y22 to location X78_Y32
Info (170199): The Fitter performed an Auto Fit compilation.  Optimizations were skipped to reduce compilation time.
    Info (170201): Optimizations that may affect the design's routability were skipped
    Info (170200): Optimizations that may affect the design's timing were skipped
Info (170194): Fitter routing operations ending: elapsed time is 00:00:00
Info (11888): Total time spent on timing analysis during the Fitter is 0.09 seconds.
Info (334003): Started post-fitting delay annotation
Info (334004): Delay annotation completed successfully
Info (334003): Started post-fitting delay annotation
Info (334004): Delay annotation completed successfully
Info (11218): Fitter post-fit operations ending: elapsed time is 00:00:01
Info (144001): Generated suppressed messages file D:/1 - FPGA/5 - RISCV/4 - Pipeline_RISCV/output_files/pipeline_riscv.fit.smsg
Info: Quartus Prime Fitter was successful. 0 errors, 5 warnings
    Info: Peak virtual memory: 5927 megabytes
    Info: Processing ended: Wed Apr 15 18:04:50 2026
    Info: Elapsed time: 00:00:11
    Info: Total CPU time (on all processors): 00:00:16


+----------------------------+
; Fitter Suppressed Messages ;
+----------------------------+
The suppressed messages can be found in D:/1 - FPGA/5 - RISCV/4 - Pipeline_RISCV/output_files/pipeline_riscv.fit.smsg.


